source_record_id,census_year,settlement_name,settlement_type,name_norm,type_norm,region_norm,district_raw,population,population_scope,is_additive_settlement_record,population_value_quality,latitude,longitude,oktmo,okato,source_file,source_path,source_sha256,source_locator,region_norm_original_import,source_namespace_interpretation_status,root,has_own_point,component_years
2010:011_040325482b_3._20Ryaz_Smol_Tambov_Tula_Jaroslavl_20L1_20ethn_2010.xls:Data Sheet:11754,2010,Центральный,посёлок,центральный,поселок,тульская,,4432.0,settlement,True,secondary_confidentiality_protected_value_exact_scope_unverified,,,,,data/raw/2010/011_040325482b_3._20Ryaz_Smol_Tambov_Tula_Jaroslavl_20L1_20ethn_2010.xls,,,,тульская,original_import_namespace,2010:011_040325482b_3._20Ryaz_Smol_Tambov_Tula_Jaroslavl_20L1_20ethn_2010.xls:Data Sheet:11754,False,2010
2010:003_eb441570b1_11._20Урал_ФО_2010.xls:Урал:6026,2010,Метлино,посёлок,метлино,поселок,челябинская,,3696.0,settlement,True,secondary_confidentiality_protected_value_exact_scope_unverified,,,,,data/raw/2010/003_eb441570b1_11._20Урал_ФО_2010.xls,,,,челябинская,original_import_namespace,2010:003_eb441570b1_11._20Урал_ФО_2010.xls:Урал:6026,True,"2010,2021"
2010:005_888282bccc_13._20Краснодарский_край_2010.xls:КК:1571,2010,Зональный,посёлок,зональный,поселок,краснодарский,Краснодар,3566.0,settlement,True,secondary_confidentiality_protected_value_exact_scope_unverified,,,,,data/raw/2010/005_888282bccc_13._20Краснодарский_край_2010.xls,,,,краснодарский,original_import_namespace,2002:036_81b258bc42_02c_Krasnodarski-krai.xls:11:36,True,"2002,2010"
2010:017_68e0e4537e_9._20Basq_Mari_Mord_Tatar_Udm_Chuv_2010.xls:!!!:4552,2010,Энергетик,село,энергетик,село,башкортостан,,3448.0,settlement,True,secondary_confidentiality_protected_value_exact_scope_unverified,,,,,data/raw/2010/017_68e0e4537e_9._20Basq_Mari_Mord_Tatar_Udm_Chuv_2010.xls,,,,башкортостан,original_import_namespace,2010:017_68e0e4537e_9._20Basq_Mari_Mord_Tatar_Udm_Chuv_2010.xls:!!!:4552,True,"2010,2021"
2010:002_027be52979_10._20СевКаз_ФО_20(без_20Даг)_202010.xls:СК:1288,2010,Новое,село,новое,село,северная осетия алания,Пригородный,3258.0,settlement,True,secondary_confidentiality_protected_value_exact_scope_unverified,,,,,data/raw/2010/002_027be52979_10._20СевКаз_ФО_20(без_20Даг)_202010.xls,,,,северная осетия алания,original_import_namespace,2010:002_027be52979_10._20СевКаз_ФО_20(без_20Даг)_202010.xls:СК:1288,True,"2010,2021"
2010:002_027be52979_10._20СевКаз_ФО_20(без_20Даг)_202010.xls:СК:1342,2010,Каменномост,аул,каменномост,аул,карачаево черкесская,,3175.0,settlement,True,secondary_confidentiality_protected_value_exact_scope_unverified,,,,,data/raw/2010/002_027be52979_10._20СевКаз_ФО_20(без_20Даг)_202010.xls,,,,карачаево черкесская,original_import_namespace,2010:002_027be52979_10._20СевКаз_ФО_20(без_20Даг)_202010.xls:СК:1342,True,"2010,2021"
2010:011_040325482b_3._20Ryaz_Smol_Tambov_Tula_Jaroslavl_20L1_20ethn_2010.xls:Data Sheet:18436,2010,Кузнечиха,деревня,кузнечиха,деревня,ярославская,,3158.0,settlement,True,secondary_confidentiality_protected_value_exact_scope_unverified,,,,,data/raw/2010/011_040325482b_3._20Ryaz_Smol_Tambov_Tula_Jaroslavl_20L1_20ethn_2010.xls,,,,ярославская,original_import_namespace,2010:011_040325482b_3._20Ryaz_Smol_Tambov_Tula_Jaroslavl_20L1_20ethn_2010.xls:Data Sheet:18436,False,2010
2010:009_81f8a0e73c_17._20ДВ_ФО_2010.xls:ДВ:1329,2010,Березовка,село,березовка,село,амурская,,3136.0,settlement,True,secondary_confidentiality_protected_value_exact_scope_unverified,,,,,data/raw/2010/009_81f8a0e73c_17._20ДВ_ФО_2010.xls,,,,амурская,original_import_namespace,2010:009_81f8a0e73c_17._20ДВ_ФО_2010.xls:ДВ:1329,False,2010
2010:003_eb441570b1_11._20Урал_ФО_2010.xls:Урал:2589,2010,Сингапай,посёлок,сингапай,поселок,ханты мансийский югра,Нефтеюганский район,3130.0,settlement,True,secondary_confidentiality_protected_value_exact_scope_unverified,,,,,data/raw/2010/003_eb441570b1_11._20Урал_ФО_2010.xls,,,,ханты мансийский югра,original_import_namespace,2010:003_eb441570b1_11._20Урал_ФО_2010.xls:Урал:2589,True,"2010,2021"
2010:008_342f3c208b_16._20Сиб_ФО_2010.xls:Sib:7040,2010,Мочище,посёлок,мочище,поселок,новосибирская,Новосибирский район,3038.0,settlement,True,secondary_confidentiality_protected_value_exact_scope_unverified,,,,,data/raw/2010/008_342f3c208b_16._20Сиб_ФО_2010.xls,,,,новосибирская,original_import_namespace,2010:008_342f3c208b_16._20Сиб_ФО_2010.xls:Sib:7040,False,2010
2010:004_486e984bdc_12._20Астр_Волгог_Ростов.xls:Южный:3631,2010,Казачьи Лагери,посёлок,казачьи лагери,поселок,ростовская,Октябрьский,3021.0,settlement,True,secondary_confidentiality_protected_value_exact_scope_unverified,,,,,data/raw/2010/004_486e984bdc_12._20Астр_Волгог_Ростов.xls,,,,ростовская,original_import_namespace,2010:004_486e984bdc_12._20Астр_Волгог_Ростов.xls:Южный:3631,True,"2010,2021"
2010:016_802d308e41_8._20Or_Penz_Perm_Samar_Saratov_Uly_2010.xls:!!!:6515,2010,посёлок Чайковская,станция,поселок чайковская,станция,пермский,,2987.0,settlement,True,secondary_confidentiality_protected_value_exact_scope_unverified,,,,,data/raw/2010/016_802d308e41_8._20Or_Penz_Perm_Samar_Saratov_Uly_2010.xls,,,,пермский,original_import_namespace,2010:016_802d308e41_8._20Or_Penz_Perm_Samar_Saratov_Uly_2010.xls:!!!:6515,False,2010
2010:013_f60b2d2bcf_5._20Belg_Bryan_Vlad_Voron_Ivanov_Kalug_20L1_ethn_2010.xls:Data Sheet:8580,2010,Ново-Писцово п.,пгт,ново писцово п,пгт,ивановская,,2748.0,settlement,True,secondary_confidentiality_protected_value_exact_scope_unverified,,,,,data/raw/2010/013_f60b2d2bcf_5._20Belg_Bryan_Vlad_Voron_Ivanov_Kalug_20L1_ethn_2010.xls,,,,ивановская,original_import_namespace,2010:013_f60b2d2bcf_5._20Belg_Bryan_Vlad_Voron_Ivanov_Kalug_20L1_ethn_2010.xls:Data Sheet:8580,True,"2010,2021"
2010:005_888282bccc_13._20Краснодарский_край_2010.xls:КК:1647,2010,Первомайский,посёлок,первомайский,поселок,краснодарский,Горячий Ключ,2632.0,settlement,True,secondary_confidentiality_protected_value_exact_scope_unverified,,,,,data/raw/2010/005_888282bccc_13._20Краснодарский_край_2010.xls,,,,краснодарский,original_import_namespace,2010:005_888282bccc_13._20Краснодарский_край_2010.xls:КК:1647,True,"2010,2021"
2010:010_711691e352_2._20Kostrom_Kur_Lip_Moscow_MoscObl_Orlov_2010.xls:Data Sheet:12907,2010,Успенский,посёлок,успенский,поселок,московская,,2632.0,settlement,True,secondary_confidentiality_protected_value_exact_scope_unverified,,,,,data/raw/2010/010_711691e352_2._20Kostrom_Kur_Lip_Moscow_MoscObl_Orlov_2010.xls,,,,московская,original_import_namespace,2010:010_711691e352_2._20Kostrom_Kur_Lip_Moscow_MoscObl_Orlov_2010.xls:Data Sheet:12907,True,"2010,2021"
ARK2010:archive20131022:html_table1_tr0555,2010,двинской,село,двинской,село,архангельская,,2543.0,settlement_population_2010_census_date,True,reviewed_primary_source_value_or_null,,,,,research_rebuild/evidence/ingestion/arkhangelsk_2010_archived_page_audit_r2_region_join/arkhangelsk_2010_archived_original.html,research_rebuild/evidence/ingestion/arkhangelsk_2010_archived_page_audit_r2_region_join/arkhangelsk_2010_archived_original.html,729fecf5845bd9f1e049c85b2659bfd077dfd2d2a01fecbc9d21cb83b7b9e486,archive HTML table 1; source row 556,архангельская,original_import_namespace,ARK2010:archive20131022:html_table1_tr0555,False,2010
2010:005_888282bccc_13._20Краснодарский_край_2010.xls:КК:1597,2010,Заречный,посёлок,заречный,поселок,краснодарский,Белореченск,2539.0,settlement,True,secondary_confidentiality_protected_value_exact_scope_unverified,,,,,data/raw/2010/005_888282bccc_13._20Краснодарский_край_2010.xls,,,,краснодарский,original_import_namespace,2010:005_888282bccc_13._20Краснодарский_край_2010.xls:КК:1597,True,"2010,2021"
2010:009_81f8a0e73c_17._20ДВ_ФО_2010.xls:ДВ:583,2010,Лазо,село,лазо,село,приморский,Хасанский,2464.0,settlement,True,secondary_confidentiality_protected_value_exact_scope_unverified,,,,,data/raw/2010/009_81f8a0e73c_17._20ДВ_ФО_2010.xls,,,,приморский,original_import_namespace,2010:009_81f8a0e73c_17._20ДВ_ФО_2010.xls:ДВ:583,False,2010
2010:003_eb441570b1_11._20Урал_ФО_2010.xls:Урал:3808,2010,Покровское,село,покровское,село,свердловская,,2426.0,settlement,True,secondary_confidentiality_protected_value_exact_scope_unverified,,,,,data/raw/2010/003_eb441570b1_11._20Урал_ФО_2010.xls,,,,свердловская,original_import_namespace,2010:003_eb441570b1_11._20Урал_ФО_2010.xls:Урал:3808,False,2010
2010:011_040325482b_3._20Ryaz_Smol_Tambov_Tula_Jaroslavl_20L1_20ethn_2010.xls:Data Sheet:6865,2010,Темкино,село,темкино,село,смоленская,,2413.0,settlement,True,secondary_confidentiality_protected_value_exact_scope_unverified,,,,,data/raw/2010/011_040325482b_3._20Ryaz_Smol_Tambov_Tula_Jaroslavl_20L1_20ethn_2010.xls,,,,смоленская,original_import_namespace,2010:011_040325482b_3._20Ryaz_Smol_Tambov_Tula_Jaroslavl_20L1_20ethn_2010.xls:Data Sheet:6865,True,"2010,2021"
