source_record_id,census_year,settlement_name,settlement_type,district_raw,municipality_raw,population,source_file,source_sheet,source_row
2002:010_3e630cc803_02c_Moskovskaya-oblast.xls:Sheet1:34,2002,Абрамцево,деревня,Балашихинский район,Пехра-Покровский сельский округ,767.0,data/raw/2002/010_3e630cc803_02c_Moskovskaya-oblast.xls,Sheet1,34.0
2002:010_3e630cc803_02c_Moskovskaya-oblast.xls:Sheet1:496,2002,Абрамцево,село,Дмитровский район,Бунятинский сельский округ,56.0,data/raw/2002/010_3e630cc803_02c_Moskovskaya-oblast.xls,Sheet1,496.0
2002:010_3e630cc803_02c_Moskovskaya-oblast.xls:Sheet1:495,2002,Абрамцево,деревня,Дмитровский район,Бунятинский сельский округ,12.0,data/raw/2002/010_3e630cc803_02c_Moskovskaya-oblast.xls,Sheet1,495.0
2002:1_TOM_01_04.xls:0:1321,2002,Абрамцево,пгт,,,238.0,data/raw/2002_official_tom1/1_TOM_01_04.xls,0,1321.0
2002:010_3e630cc803_02c_Moskovskaya-oblast.xls:Sheet1:38,2002,Безменково,деревня,Балашихинский район,Новский сельский округ,257.0,data/raw/2002/010_3e630cc803_02c_Moskovskaya-oblast.xls,Sheet1,38.0
2002:1_TOM_01_04.xls:0:1032,2002,Болшево,пгт,,,10217.0,data/raw/2002_official_tom1/1_TOM_01_04.xls,0,1032.0
2002:010_3e630cc803_02c_Moskovskaya-oblast.xls:Sheet1:31,2002,Горбово,посёлок,Балашихинский район,Пехра-Покровский сельский округ,59.0,data/raw/2002/010_3e630cc803_02c_Moskovskaya-oblast.xls,Sheet1,31.0
2002:010_3e630cc803_02c_Moskovskaya-oblast.xls:Sheet1:832,2002,Горбово,деревня,Дмитровский район,Слободищевский сельский округ,0.0,data/raw/2002/010_3e630cc803_02c_Moskovskaya-oblast.xls,Sheet1,832.0
2002:010_3e630cc803_02c_Moskovskaya-oblast.xls:Sheet1:2133,2002,Горбово,деревня,Клинский район,Давыдковский сельский округ,16.0,data/raw/2002/010_3e630cc803_02c_Moskovskaya-oblast.xls,Sheet1,2133.0
2002:010_3e630cc803_02c_Moskovskaya-oblast.xls:Sheet1:5353,2002,Горбово,деревня,Рузский район,Старорузский сельский округ,35.0,data/raw/2002/010_3e630cc803_02c_Moskovskaya-oblast.xls,Sheet1,5353.0
2002:010_3e630cc803_02c_Moskovskaya-oblast.xls:Sheet1:5354,2002,Горбово,посёлок,Рузский район,Старорузский сельский округ,457.0,data/raw/2002/010_3e630cc803_02c_Moskovskaya-oblast.xls,Sheet1,5354.0
2002:1_TOM_01_04.xls:0:1021,2002,Купавна,пгт,,,6691.0,data/raw/2002_official_tom1/1_TOM_01_04.xls,0,1021.0
2002:010_3e630cc803_02c_Moskovskaya-oblast.xls:Sheet1:30,2002,Лукино,деревня,Балашихинский район,Пехра-Покровский сельский округ,183.0,data/raw/2002/010_3e630cc803_02c_Moskovskaya-oblast.xls,Sheet1,30.0
2002:010_3e630cc803_02c_Moskovskaya-oblast.xls:Sheet1:162,2002,Лукино,деревня,Волоколамский район,Осташевский сельский округ,6.0,data/raw/2002/010_3e630cc803_02c_Moskovskaya-oblast.xls,Sheet1,162.0
2002:010_3e630cc803_02c_Moskovskaya-oblast.xls:Sheet1:904,2002,Лукино,деревня,Домодедовский район,Колычевский сельский округ,25.0,data/raw/2002/010_3e630cc803_02c_Moskovskaya-oblast.xls,Sheet1,904.0
2002:010_3e630cc803_02c_Moskovskaya-oblast.xls:Sheet1:1878,2002,Лукино,деревня,Истринский район,Лучинский сельский округ,5.0,data/raw/2002/010_3e630cc803_02c_Moskovskaya-oblast.xls,Sheet1,1878.0
2002:010_3e630cc803_02c_Moskovskaya-oblast.xls:Sheet1:2325,2002,Лукино,деревня,Клинский район,Елгозинский сельский округ,2.0,data/raw/2002/010_3e630cc803_02c_Moskovskaya-oblast.xls,Sheet1,2325.0
2002:010_3e630cc803_02c_Moskovskaya-oblast.xls:Sheet1:3669,2002,Лукино,деревня,Наро-Фоминский район,Новофедоровский сельский округ,1.0,data/raw/2002/010_3e630cc803_02c_Moskovskaya-oblast.xls,Sheet1,3669.0
2002:010_3e630cc803_02c_Moskovskaya-oblast.xls:Sheet1:5355,2002,Лукино,деревня,Рузский район,Старорузский сельский округ,5.0,data/raw/2002/010_3e630cc803_02c_Moskovskaya-oblast.xls,Sheet1,5355.0
2002:010_3e630cc803_02c_Moskovskaya-oblast.xls:Sheet1:5598,2002,Лукино,деревня,Серпуховский район,Нефедовский сельский округ,135.0,data/raw/2002/010_3e630cc803_02c_Moskovskaya-oblast.xls,Sheet1,5598.0
2002:010_3e630cc803_02c_Moskovskaya-oblast.xls:Sheet1:21,2002,Никольско-Архангельское,село,Балашихинский район,Никольско-Архангельский сельский округ,462.0,data/raw/2002/010_3e630cc803_02c_Moskovskaya-oblast.xls,Sheet1,21.0
2002:010_3e630cc803_02c_Moskovskaya-oblast.xls:Sheet1:32,2002,Никольско-Трубецкое,село,Балашихинский район,Пехра-Покровский сельский округ,387.0,data/raw/2002/010_3e630cc803_02c_Moskovskaya-oblast.xls,Sheet1,32.0
2002:010_3e630cc803_02c_Moskovskaya-oblast.xls:Sheet1:37,2002,Новая,деревня,Балашихинский район,Новский сельский округ,855.0,data/raw/2002/010_3e630cc803_02c_Moskovskaya-oblast.xls,Sheet1,37.0
2002:010_3e630cc803_02c_Moskovskaya-oblast.xls:Sheet1:2113,2002,Новая,деревня,Клинский район,Воронинский сельский округ,12.0,data/raw/2002/010_3e630cc803_02c_Moskovskaya-oblast.xls,Sheet1,2113.0
2002:010_3e630cc803_02c_Moskovskaya-oblast.xls:Sheet1:2515,2002,Новая,деревня,Коломенский район,Хорошовский сельский округ,164.0,data/raw/2002/010_3e630cc803_02c_Moskovskaya-oblast.xls,Sheet1,2515.0
2002:010_3e630cc803_02c_Moskovskaya-oblast.xls:Sheet1:3220,2002,Новая,деревня,Можайский район,Кукаринский сельский округ,98.0,data/raw/2002/010_3e630cc803_02c_Moskovskaya-oblast.xls,Sheet1,3220.0
2002:010_3e630cc803_02c_Moskovskaya-oblast.xls:Sheet1:3766,2002,Новая,деревня,Наро-Фоминский район,Ташировский сельский округ,3.0,data/raw/2002/010_3e630cc803_02c_Moskovskaya-oblast.xls,Sheet1,3766.0
2002:010_3e630cc803_02c_Moskovskaya-oblast.xls:Sheet1:4331,2002,Новая,деревня,Орехово-Зуевский район,Горский сельский округ,99.0,data/raw/2002/010_3e630cc803_02c_Moskovskaya-oblast.xls,Sheet1,4331.0
2002:010_3e630cc803_02c_Moskovskaya-oblast.xls:Sheet1:5244,2002,Новая,деревня,Рузский район,Комлевский сельский округ,34.0,data/raw/2002/010_3e630cc803_02c_Moskovskaya-oblast.xls,Sheet1,5244.0
2002:010_3e630cc803_02c_Moskovskaya-oblast.xls:Sheet1:5308,2002,Новая,деревня,Рузский район,Покровский сельский округ,0.0,data/raw/2002/010_3e630cc803_02c_Moskovskaya-oblast.xls,Sheet1,5308.0
2002:010_3e630cc803_02c_Moskovskaya-oblast.xls:Sheet1:5532,2002,Новая,деревня,Серпуховский район,Васильевский сельский округ,4.0,data/raw/2002/010_3e630cc803_02c_Moskovskaya-oblast.xls,Sheet1,5532.0
2002:010_3e630cc803_02c_Moskovskaya-oblast.xls:Sheet1:5831,2002,Новая,деревня,Солнечногорский район,Соколовский сельский округ,924.0,data/raw/2002/010_3e630cc803_02c_Moskovskaya-oblast.xls,Sheet1,5831.0
2002:010_3e630cc803_02c_Moskovskaya-oblast.xls:Sheet1:6239,2002,Новая,деревня,Талдомский район,Павловический сельский округ,11.0,data/raw/2002/010_3e630cc803_02c_Moskovskaya-oblast.xls,Sheet1,6239.0
2002:010_3e630cc803_02c_Moskovskaya-oblast.xls:Sheet1:1880,2002,Первомайский,посёлок,Истринский район,Лучинский сельский округ,1953.0,data/raw/2002/010_3e630cc803_02c_Moskovskaya-oblast.xls,Sheet1,1880.0
2002:010_3e630cc803_02c_Moskovskaya-oblast.xls:Sheet1:2421,2002,Первомайский,посёлок,Коломенский район,Карасёвский сельский округ,1078.0,data/raw/2002/010_3e630cc803_02c_Moskovskaya-oblast.xls,Sheet1,2421.0
2002:1_TOM_01_04.xls:0:1033,2002,Первомайский,пгт,,,10047.0,data/raw/2002_official_tom1/1_TOM_01_04.xls,0,1033.0
2002:010_3e630cc803_02c_Moskovskaya-oblast.xls:Sheet1:29,2002,Пехра-Покровское,село,Балашихинский район,Пехра-Покровский сельский округ,442.0,data/raw/2002/010_3e630cc803_02c_Moskovskaya-oblast.xls,Sheet1,29.0
2002:1_TOM_01_04.xls:0:1034,2002,Текстильщик,пгт,,,7492.0,data/raw/2002_official_tom1/1_TOM_01_04.xls,0,1034.0
2002:010_3e630cc803_02c_Moskovskaya-oblast.xls:Sheet1:4055,2002,Торфопредприятие,деревня,Одинцовский район,Крымский сельский округ,34.0,data/raw/2002/010_3e630cc803_02c_Moskovskaya-oblast.xls,Sheet1,4055.0
2002:010_3e630cc803_02c_Moskovskaya-oblast.xls:Sheet1:14,2002,Торфопредприятие,посёлок,,,234.0,data/raw/2002/010_3e630cc803_02c_Moskovskaya-oblast.xls,Sheet1,14.0
2002:010_3e630cc803_02c_Moskovskaya-oblast.xls:Sheet1:33,2002,Щитниково,село,Балашихинский район,Пехра-Покровский сельский округ,479.0,data/raw/2002/010_3e630cc803_02c_Moskovskaya-oblast.xls,Sheet1,33.0
2002:010_3e630cc803_02c_Moskovskaya-oblast.xls:Sheet1:35,2002,совхоза им. 1 Мая,посёлок,Балашихинский район,Пехра-Покровский сельский округ,3074.0,data/raw/2002/010_3e630cc803_02c_Moskovskaya-oblast.xls,Sheet1,35.0
