source_record_id,root,census_year,settlement_name,settlement_type,region_norm,district_raw,population_source_value,population_value_quality,component_years,has_own_point_in_assignment,disposition,reason
2021:data_allsettlements_anon_156_v20251217.parquet:parquet:155028,2010:003_eb441570b1_11._20Урал_ФО_2010.xls:Урал:2589,2021,Сингапай,посёлок,ханты мансийский югра,Нефтеюганский муниципальный район,4633.0,direct_published_census_value,"2010,2021",True,already_pointed_in_actual68,Frozen actual68 point snapshot already has point for this source record; no new point/edge/event delta proposed.
2021:data_allsettlements_anon_156_v20251217.parquet:parquet:57426,2021:data_allsettlements_anon_156_v20251217.parquet:parquet:57426,2021,Новогорелово,посёлок,ленинградская,Ломоносовский муниципальный район,3658.0,direct_published_census_value,2021,True,already_pointed_in_actual68,Frozen actual68 point snapshot already has point for this source record; no new point/edge/event delta proposed.
2002:057_9b18a354f1_02c_Sverdlovskaja_oblast.xls:Sheet1:1697,2002:057_9b18a354f1_02c_Sverdlovskaja_oblast.xls:Sheet1:1697,2002,Покровское,село,свердловская,Пригородный район,3633.0,direct_published_census_value,"2002,2021",True,already_pointed_in_actual68,Frozen actual68 point snapshot already has point for this source record; no new point/edge/event delta proposed.
2021:data_allsettlements_anon_156_v20251217.parquet:parquet:173698,2010:013_f60b2d2bcf_5._20Belg_Bryan_Vlad_Voron_Ivanov_Kalug_20L1_ethn_2010.xls:Data Sheet:1778,2021,Чернец,железнодорожный объект,брянская,Брянский муниципальный район,3440.0,direct_published_census_value,"2010,2021",True,already_pointed_in_actual68,Frozen actual68 point snapshot already has point for this source record; no new point/edge/event delta proposed.
2002:006_1916564aaa_02c_Kaluzhskaja.xls:Sheet1:1812,2002:006_1916564aaa_02c_Kaluzhskaja.xls:Sheet1:1812,2002,Кудиново,посёлок,калужская,Малоярославецкий район,3419.0,direct_published_census_value,2002,False,held_no_verified_ownpoint_or_event,No cohort-specific qualified own locality point or dated inclusion/event source yet. Existing point absent in actual68 snapshot; do not infer coordinates or link by name alone.
2002:038_218ac665d8_02c_Astraxanskaja.xls:Sheet1:387,2002:038_218ac665d8_02c_Astraxanskaja.xls:Sheet1:387,2002,Аксарайский,посёлок,астраханская,Красноярский район,3338.0,direct_published_census_value,"2002,2010",True,already_pointed_in_actual68,Frozen actual68 point snapshot already has point for this source record; no new point/edge/event delta proposed.
2010:002_027be52979_10._20СевКаз_ФО_20(без_20Даг)_202010.xls:СК:1288,2010:002_027be52979_10._20СевКаз_ФО_20(без_20Даг)_202010.xls:СК:1288,2010,Новое,село,северная осетия алания,Пригородный,3258.0,secondary_confidentiality_protected_value_exact_scope_unverified,"2010,2021",True,already_pointed_in_actual68,Frozen actual68 point snapshot already has point for this source record; no new point/edge/event delta proposed.
2021:data_allsettlements_anon_156_v20251217.parquet:parquet:161663,2021:data_allsettlements_anon_156_v20251217.parquet:parquet:161663,2021,Новый Беной,село,чеченская,Гудермесский муниципальный район,3255.0,direct_published_census_value,2021,True,already_pointed_in_actual68,Frozen actual68 point snapshot already has point for this source record; no new point/edge/event delta proposed.
2002:003_308406b0ed_02c_Vladimirskaja.xls:Sheet1:2544,2002:003_308406b0ed_02c_Vladimirskaja.xls:Sheet1:2544,2002,Коммунар,посёлок,владимирская,Суздальский район,3208.0,direct_published_census_value,2002,False,accepted_direct_inclusion_and_ownpoint_candidate,"Exact 2002 raw row reopened; own former locality article point; dated inclusion into recipient. Separate event path, no ordinary same_place edge; only source locality row credited."
2010:002_027be52979_10._20СевКаз_ФО_20(без_20Даг)_202010.xls:СК:1342,2010:002_027be52979_10._20СевКаз_ФО_20(без_20Даг)_202010.xls:СК:1342,2010,Каменномост,аул,карачаево черкесская,,3175.0,secondary_confidentiality_protected_value_exact_scope_unverified,"2010,2021",True,already_pointed_in_actual68,Frozen actual68 point snapshot already has point for this source record; no new point/edge/event delta proposed.
2002:1_TOM_01_04.xls:0:550,2002:1_TOM_01_04.xls:0:550,2002,Новописцово,пгт,ивановская,,3172.0,direct_published_census_value,2002,True,already_pointed_in_actual68,Frozen actual68 point snapshot already has point for this source record; no new point/edge/event delta proposed.
2002:1_TOM_01_04.xls:0:9095,2002:1_TOM_01_04.xls:0:9095,2002,Артышта,пгт,кемеровская,,3169.0,direct_published_census_value,2002,False,accepted_own_locality_point_and_dated_status_change,Exact 2002 official census pgt row reopened; own Kemerovo locality article supplies locality point and states pgt status 1964–2004. Record status event separately; no population transfer or ordinary same-place claim.
2002:1_TOM_01_04.xls:0:1510,2002:1_TOM_01_04.xls:0:1510,2002,Заречный,пгт,рязанская,,3147.0,direct_published_census_value,2002,False,accepted_direct_inclusion_and_ownpoint_candidate,"Exact 2002 raw row reopened; own former locality article point; dated inclusion into recipient. Separate event path, no ordinary same_place edge; only source locality row credited."
2010:003_eb441570b1_11._20Урал_ФО_2010.xls:Урал:2589,2010:003_eb441570b1_11._20Урал_ФО_2010.xls:Урал:2589,2010,Сингапай,посёлок,ханты мансийский югра,Нефтеюганский район,3130.0,secondary_confidentiality_protected_value_exact_scope_unverified,"2010,2021",True,already_pointed_in_actual68,Frozen actual68 point snapshot already has point for this source record; no new point/edge/event delta proposed.
2002:1_TOM_01_04.xls:0:3059,2002:1_TOM_01_04.xls:0:3059,2002,Волховский,пгт,новгородская,,3044.0,direct_published_census_value,2002,False,accepted_direct_inclusion_and_ownpoint_candidate,"Exact 2002 raw row reopened; own former locality article point; dated inclusion into recipient. Separate event path, no ordinary same_place edge; only source locality row credited."
2021:data_allsettlements_anon_156_v20251217.parquet:parquet:121527,2010:002_027be52979_10._20СевКаз_ФО_20(без_20Даг)_202010.xls:СК:1288,2021,Новое,село,северная осетия алания,Пригородный муниципальный район,3040.0,direct_published_census_value,"2010,2021",True,already_pointed_in_actual68,Frozen actual68 point snapshot already has point for this source record; no new point/edge/event delta proposed.
2010:008_342f3c208b_16._20Сиб_ФО_2010.xls:Sib:7040,2010:008_342f3c208b_16._20Сиб_ФО_2010.xls:Sib:7040,2010,Мочище,посёлок,новосибирская,Новосибирский район,3038.0,secondary_confidentiality_protected_value_exact_scope_unverified,2010,False,held_no_verified_ownpoint_or_event,No cohort-specific qualified own locality point or dated inclusion/event source yet. Existing point absent in actual68 snapshot; do not infer coordinates or link by name alone.
2002:1_TOM_01_04.xls:0:2532,2002:1_TOM_01_04.xls:0:2532,2002,Двинской,пгт,архангельская,,2958.0,direct_published_census_value,2002,False,held_no_verified_ownpoint_or_event,No cohort-specific qualified own locality point or dated inclusion/event source yet. Existing point absent in actual68 snapshot; do not infer coordinates or link by name alone.
2002:044_42b3ed3cfc_Tataria.xls:Sheet1:1729,2002:044_42b3ed3cfc_Tataria.xls:Sheet1:1729,2002,Константиновка,село,татарстан,Высокогорский район,2806.0,direct_published_census_value,2002,True,already_pointed_in_actual68,Frozen actual68 point snapshot already has point for this source record; no new point/edge/event delta proposed.
2021:data_allsettlements_anon_156_v20251217.parquet:parquet:25924,2002:023_38d853be37_02c_Kaliningrad.xls:Sheet1:354,2021,Шоссейное,посёлок,калининградская,Гурьевский муниципальный округ,2751.0,direct_published_census_value,"2002,2021",True,accepted_source_bracketed_three_census_chain_corrected_ownpoint,"2002/2010 raw own rows appear under matching Novo-Moskovsky rural-district headings; own article corroborates both population values, own coordinate, current Guryevsky district and locality codes; actual68 2021 point/code match. Distinct 2021 Chernyakhovsky namesake excluded. Reject wrong 2011 GeoKLADR coordinate only (94.98 km from Guryevsky own point; 1.04 km to rival), then transfer current representative own point to 2010 source row along source-proven identity."
2010:013_f60b2d2bcf_5._20Belg_Bryan_Vlad_Voron_Ivanov_Kalug_20L1_ethn_2010.xls:Data Sheet:8580,2010:013_f60b2d2bcf_5._20Belg_Bryan_Vlad_Voron_Ivanov_Kalug_20L1_ethn_2010.xls:Data Sheet:8580,2010,Ново-Писцово п.,пгт,ивановская,,2748.0,secondary_confidentiality_protected_value_exact_scope_unverified,"2010,2021",True,already_pointed_in_actual68,Frozen actual68 point snapshot already has point for this source record; no new point/edge/event delta proposed.
2002:025_3449b500ac_02c_Murman_obl_YK.xls:Sheet1:51,2002:025_3449b500ac_02c_Murman_obl_YK.xls:Sheet1:51,2002,27км Железной Дороги Мончегорск-Оленья,населённый пункт,мурманская,,2554.0,direct_published_census_value,2002,False,held_no_verified_ownpoint_or_event,No cohort-specific qualified own locality point or dated inclusion/event source yet. Existing point absent in actual68 snapshot; do not infer coordinates or link by name alone.
2002:1_TOM_01_04.xls:0:1505,2002:1_TOM_01_04.xls:0:1505,2002,Солотча,пгт,рязанская,,2544.0,direct_published_census_value,2002,False,held_no_verified_ownpoint_or_event,No cohort-specific qualified own locality point or dated inclusion/event source yet. Existing point absent in actual68 snapshot; do not infer coordinates or link by name alone.
ARK2010:archive20131022:html_table1_tr0555,ARK2010:archive20131022:html_table1_tr0555,2010,двинской,село,архангельская,,2543.0,reviewed_primary_source_value_or_null,2010,False,held_no_verified_ownpoint_or_event,No cohort-specific qualified own locality point or dated inclusion/event source yet. Existing point absent in actual68 snapshot; do not infer coordinates or link by name alone.
2002:1_TOM_01_04.xls:0:2405,2002:1_TOM_01_04.xls:0:2405,2002,Советский,пгт,коми,,2540.0,direct_published_census_value,2002,False,held_no_verified_ownpoint_or_event,No cohort-specific qualified own locality point or dated inclusion/event source yet. Existing point absent in actual68 snapshot; do not infer coordinates or link by name alone.
2010:003_eb441570b1_11._20Урал_ФО_2010.xls:Урал:3808,2010:003_eb441570b1_11._20Урал_ФО_2010.xls:Урал:3808,2010,Покровское,село,свердловская,,2426.0,secondary_confidentiality_protected_value_exact_scope_unverified,2010,False,held_no_verified_ownpoint_or_event,No cohort-specific qualified own locality point or dated inclusion/event source yet. Existing point absent in actual68 snapshot; do not infer coordinates or link by name alone.
MURMANSK2010:POPSEX:T1:R178,MURMANSK2010:POPSEX:T1:R178,2010,27 км железной дороги мончегорск- оленья,населённый пункт,мурманская,,2359.0,reviewed_primary_reported_value,2010,False,held_no_verified_ownpoint_or_event,No cohort-specific qualified own locality point or dated inclusion/event source yet. Existing point absent in actual68 snapshot; do not infer coordinates or link by name alone.
2002:044_42b3ed3cfc_Tataria.xls:Sheet1:778,2002:044_42b3ed3cfc_Tataria.xls:Sheet1:778,2002,Урсала,село,татарстан,Альметьевский район,2345.0,direct_published_census_value,2002,False,held_no_verified_ownpoint_or_event,No cohort-specific qualified own locality point or dated inclusion/event source yet. Existing point absent in actual68 snapshot; do not infer coordinates or link by name alone.
2002:035_e1bf1fa87f_02c_Chechnya.xls:Sheet1:160,2002:035_e1bf1fa87f_02c_Chechnya.xls:Sheet1:160,2002,Новый-Центорой,село,чеченская,Грозненский район,2280.0,direct_published_census_value,2002,False,held_no_verified_ownpoint_or_event,No cohort-specific qualified own locality point or dated inclusion/event source yet. Existing point absent in actual68 snapshot; do not infer coordinates or link by name alone.
2002:1_TOM_01_04.xls:0:2406,2002:1_TOM_01_04.xls:0:2406,2002,Цементнозаводский,пгт,коми,,2246.0,direct_published_census_value,2002,False,held_no_verified_ownpoint_or_event,No cohort-specific qualified own locality point or dated inclusion/event source yet. Existing point absent in actual68 snapshot; do not infer coordinates or link by name alone.
2010:013_f60b2d2bcf_5._20Belg_Bryan_Vlad_Voron_Ivanov_Kalug_20L1_ethn_2010.xls:Data Sheet:637,2010:013_f60b2d2bcf_5._20Belg_Bryan_Vlad_Voron_Ivanov_Kalug_20L1_ethn_2010.xls:Data Sheet:637,2010,Алексеевка,село,белгородская,,2234.0,secondary_confidentiality_protected_value_exact_scope_unverified,2010,False,held_no_verified_ownpoint_or_event,No cohort-specific qualified own locality point or dated inclusion/event source yet. Existing point absent in actual68 snapshot; do not infer coordinates or link by name alone.
2002:1_TOM_01_04.xls:0:9584,2002:1_TOM_01_04.xls:0:9584,2002,Октябрьский,пгт,забайкальский,,2208.0,direct_published_census_value,2002,False,held_no_verified_ownpoint_or_event,No cohort-specific qualified own locality point or dated inclusion/event source yet. Existing point absent in actual68 snapshot; do not infer coordinates or link by name alone.
2002:1_TOM_01_04.xls:0:10502,2002:1_TOM_01_04.xls:0:10502,2002,Яблочный,пгт,сахалинская,,2191.0,direct_published_census_value,2002,False,held_no_verified_ownpoint_or_event,No cohort-specific qualified own locality point or dated inclusion/event source yet. Existing point absent in actual68 snapshot; do not infer coordinates or link by name alone.
2010:016_802d308e41_8._20Or_Penz_Perm_Samar_Saratov_Uly_2010.xls:!!!:1005,2010:016_802d308e41_8._20Or_Penz_Perm_Samar_Saratov_Uly_2010.xls:!!!:1005,2010,Александровка,село,самарская,,2178.0,secondary_confidentiality_protected_value_exact_scope_unverified,2010,False,held_no_verified_ownpoint_or_event,No cohort-specific qualified own locality point or dated inclusion/event source yet. Existing point absent in actual68 snapshot; do not infer coordinates or link by name alone.
2002:1_TOM_01_04.xls:0:7555,2002:1_TOM_01_04.xls:0:7555,2002,Третий Северный,пгт,свердловская,,2163.0,direct_published_census_value,2002,False,held_no_verified_ownpoint_or_event,No cohort-specific qualified own locality point or dated inclusion/event source yet. Existing point absent in actual68 snapshot; do not infer coordinates or link by name alone.
2002:060_0d687479dd_02c_yamalo-nenets.xls:Sheet1:109,2002:060_0d687479dd_02c_yamalo-nenets.xls:Sheet1:109,2002,Газсале,посёлок,ямало ненецкий,Тазовский район,2146.0,direct_published_census_value,2002,True,already_pointed_in_actual68,Frozen actual68 point snapshot already has point for this source record; no new point/edge/event delta proposed.
ROSSTAT2010:T5:p128:l49,2021:data_allsettlements_anon_156_v20251217.parquet:parquet:35896,2010,Левинцы,пгт,кировская,Оричевский район,2145.0,reviewed_primary_reported_value,"2010,2021",True,already_pointed_in_actual68,Frozen actual68 point snapshot already has point for this source record; no new point/edge/event delta proposed.
2010:011_040325482b_3._20Ryaz_Smol_Tambov_Tula_Jaroslavl_20L1_20ethn_2010.xls:Data Sheet:7857,2010:011_040325482b_3._20Ryaz_Smol_Tambov_Tula_Jaroslavl_20L1_20ethn_2010.xls:Data Sheet:7857,2010,Первомайское,посёлок,тамбовская,,2118.0,secondary_confidentiality_protected_value_exact_scope_unverified,"2010,2021",True,already_pointed_in_actual68,Frozen actual68 point snapshot already has point for this source record; no new point/edge/event delta proposed.
2021:data_allsettlements_anon_156_v20251217.parquet:parquet:164151,2002:001_6e5cceefdf_02c_Belgorod-obl.xls:Sheet1:129,2021,Беломестное,село,белгородская,Белгородский муниципальный район,2055.0,direct_published_census_value,"2002,2021",True,already_pointed_in_actual68,Frozen actual68 point snapshot already has point for this source record; no new point/edge/event delta proposed.
2021:data_allsettlements_anon_156_v20251217.parquet:parquet:71278,2021:data_allsettlements_anon_156_v20251217.parquet:parquet:71278,2021,27 км железной дороги Мончегорск-Оленья,населённый пункт,мурманская,Муниципальный округ город Мончегорск с подведомственной территорией,2036.0,direct_published_census_value,2021,True,already_pointed_in_actual68,Frozen actual68 point snapshot already has point for this source record; no new point/edge/event delta proposed.
2021:data_allsettlements_anon_156_v20251217.parquet:parquet:86831,2021:data_allsettlements_anon_156_v20251217.parquet:parquet:86831,2021,Двинской,посёлок,архангельская,Верхнетоемский муниципальный округ,1956.0,direct_published_census_value,2021,True,already_pointed_in_actual68,Frozen actual68 point snapshot already has point for this source record; no new point/edge/event delta proposed.
2010:010_711691e352_2._20Kostrom_Kur_Lip_Moscow_MoscObl_Orlov_2010.xls:Data Sheet:15580,2010:010_711691e352_2._20Kostrom_Kur_Lip_Moscow_MoscObl_Orlov_2010.xls:Data Sheet:15580,2010,Беломестное,слобода,орловская,,1948.0,secondary_confidentiality_protected_value_exact_scope_unverified,"2010,2021",True,already_pointed_in_actual68,Frozen actual68 point snapshot already has point for this source record; no new point/edge/event delta proposed.
2010:003_eb441570b1_11._20Урал_ФО_2010.xls:Урал:2765,2010:003_eb441570b1_11._20Урал_ФО_2010.xls:Урал:2765,2010,Газ-Сале,село,ямало ненецкий,Тазовский район,1923.0,secondary_confidentiality_protected_value_exact_scope_unverified,"2010,2021",True,already_pointed_in_actual68,Frozen actual68 point snapshot already has point for this source record; no new point/edge/event delta proposed.
2010:016_802d308e41_8._20Or_Penz_Perm_Samar_Saratov_Uly_2010.xls:!!!:1271,2010:016_802d308e41_8._20Or_Penz_Perm_Samar_Saratov_Uly_2010.xls:!!!:1271,2010,Волжский Утес,посёлок,самарская,,1914.0,secondary_confidentiality_protected_value_exact_scope_unverified,"2010,2021",True,already_pointed_in_actual68,Frozen actual68 point snapshot already has point for this source record; no new point/edge/event delta proposed.
2021:data_allsettlements_anon_156_v20251217.parquet:parquet:127789,2010:011_040325482b_3._20Ryaz_Smol_Tambov_Tula_Jaroslavl_20L1_20ethn_2010.xls:Data Sheet:7857,2021,Первомайское,посёлок,тамбовская,Знаменский муниципальный район,1910.0,direct_published_census_value,"2010,2021",True,already_pointed_in_actual68,Frozen actual68 point snapshot already has point for this source record; no new point/edge/event delta proposed.
2002:006_1916564aaa_02c_Kaluzhskaja.xls:Sheet1:6,2002:006_1916564aaa_02c_Kaluzhskaja.xls:Sheet1:6,2002,Резвань,посёлок,калужская,,1900.0,direct_published_census_value,2002,False,held_no_verified_ownpoint_or_event,No cohort-specific qualified own locality point or dated inclusion/event source yet. Existing point absent in actual68 snapshot; do not infer coordinates or link by name alone.
2021:data_allsettlements_anon_156_v20251217.parquet:parquet:18729,2021:data_allsettlements_anon_156_v20251217.parquet:parquet:18729,2021,Восточная Амитхаша,село,забайкальский,"Муниципальный район ""Агинский район""",1899.0,direct_published_census_value,2021,True,already_pointed_in_actual68,Frozen actual68 point snapshot already has point for this source record; no new point/edge/event delta proposed.
2010:006_9b114a55c0_14._20Адыгея.xls:адыг:149,2010:006_9b114a55c0_14._20Адыгея.xls:адыг:149,2010,Новый,посёлок,адыгея,Майкопский,1892.0,secondary_confidentiality_protected_value_exact_scope_unverified,2010,False,held_no_verified_ownpoint_or_event,No cohort-specific qualified own locality point or dated inclusion/event source yet. Existing point absent in actual68 snapshot; do not infer coordinates or link by name alone.
2010:002_027be52979_10._20СевКаз_ФО_20(без_20Даг)_202010.xls:СК:1553,2010:002_027be52979_10._20СевКаз_ФО_20(без_20Даг)_202010.xls:СК:1553,2010,Бельтой-Юрт,село,чеченская,,1869.0,secondary_confidentiality_protected_value_exact_scope_unverified,2010,False,held_no_verified_ownpoint_or_event,No cohort-specific qualified own locality point or dated inclusion/event source yet. Existing point absent in actual68 snapshot; do not infer coordinates or link by name alone.
ROSSTAT2010KARELIA:RURAL:DOCX:t34:r23,2021:data_allsettlements_anon_156_v20251217.parquet:parquet:31504,2010,Чална-1,поселок,карелия,Прионежский муниципальный район,1866.0,fresh_primary_r5_source,"2010,2021",True,already_pointed_in_actual68,Frozen actual68 point snapshot already has point for this source record; no new point/edge/event delta proposed.
2021:data_allsettlements_anon_156_v20251217.parquet:parquet:35896,2021:data_allsettlements_anon_156_v20251217.parquet:parquet:35896,2021,Лёвинцы,пгт,кировская,Оричевский муниципальный район,1858.0,direct_published_census_value,"2010,2021",True,already_pointed_in_actual68,Frozen actual68 point snapshot already has point for this source record; no new point/edge/event delta proposed.
2021:data_allsettlements_anon_156_v20251217.parquet:parquet:116135,2010:016_802d308e41_8._20Or_Penz_Perm_Samar_Saratov_Uly_2010.xls:!!!:1271,2021,Волжский Утес,посёлок,самарская,Шигонский муниципальный район,1847.0,direct_published_census_value,"2010,2021",True,already_pointed_in_actual68,Frozen actual68 point snapshot already has point for this source record; no new point/edge/event delta proposed.
2002:006_1916564aaa_02c_Kaluzhskaja.xls:Sheet1:1302,2002:006_1916564aaa_02c_Kaluzhskaja.xls:Sheet1:1302,2002,Березичского Стеклозавода,посёлок,калужская,Козельский район,1846.0,direct_published_census_value,2002,False,held_no_verified_ownpoint_or_event,No cohort-specific qualified own locality point or dated inclusion/event source yet. Existing point absent in actual68 snapshot; do not infer coordinates or link by name alone.
2021:data_allsettlements_anon_156_v20251217.parquet:parquet:64741,2010:017_68e0e4537e_9._20Basq_Mari_Mord_Tatar_Udm_Chuv_2010.xls:!!!:7452,2021,Озерный,посёлок,мордовия,Городской округ Саранск,1800.0,direct_published_census_value,"2010,2021",True,already_pointed_in_actual68,Frozen actual68 point snapshot already has point for this source record; no new point/edge/event delta proposed.
2002:1_TOM_01_04.xls:0:10443,2002:1_TOM_01_04.xls:0:10443,2002,Озерский,пгт,сахалинская,,1785.0,direct_published_census_value,2002,False,held_no_verified_ownpoint_or_event,No cohort-specific qualified own locality point or dated inclusion/event source yet. Existing point absent in actual68 snapshot; do not infer coordinates or link by name alone.
2002:011_f46bbaadfd_02c_Orlovskaja.xls:Sheet1:1504,2002:011_f46bbaadfd_02c_Orlovskaja.xls:Sheet1:1504,2002,Беломестная,слобода,орловская,Ливенский район,1772.0,direct_published_census_value,2002,False,held_no_verified_ownpoint_or_event,No cohort-specific qualified own locality point or dated inclusion/event source yet. Existing point absent in actual68 snapshot; do not infer coordinates or link by name alone.
2021:data_allsettlements_anon_156_v20251217.parquet:parquet:92122,2010:010_711691e352_2._20Kostrom_Kur_Lip_Moscow_MoscObl_Orlov_2010.xls:Data Sheet:15580,2021,Беломестное,слобода,орловская,Ливенский муниципальный район,1770.0,direct_published_census_value,"2010,2021",True,already_pointed_in_actual68,Frozen actual68 point snapshot already has point for this source record; no new point/edge/event delta proposed.
2002:073_f153ba2c6b_Novosib.xls:Sheet1:1909,2002:073_f153ba2c6b_Novosib.xls:Sheet1:1909,2002,Озеро-Карачи,кп,новосибирская,Чановский район,1764.0,verified_count_in_secondary_census_compilation,2002,False,held_no_verified_ownpoint_or_event,No cohort-specific qualified own locality point or dated inclusion/event source yet. Existing point absent in actual68 snapshot; do not infer coordinates or link by name alone.
2002:059_30afc614a1_1_XMAO_new.xls:Sheet1:134,2002:059_30afc614a1_1_XMAO_new.xls:Sheet1:134,2002,Каркатеевский,посёлок,ханты мансийский югра,Нефтеюганский район,1737.0,direct_published_census_value,2002,False,held_no_verified_ownpoint_or_event,No cohort-specific qualified own locality point or dated inclusion/event source yet. Existing point absent in actual68 snapshot; do not infer coordinates or link by name alone.
2010:002_027be52979_10._20СевКаз_ФО_20(без_20Даг)_202010.xls:СК:1373,2010:002_027be52979_10._20СевКаз_ФО_20(без_20Даг)_202010.xls:СК:1373,2010,Эркен-Халк,аул,карачаево черкесская,,1727.0,secondary_confidentiality_protected_value_exact_scope_unverified,"2010,2021",True,already_pointed_in_actual68,Frozen actual68 point snapshot already has point for this source record; no new point/edge/event delta proposed.
2021:data_allsettlements_anon_156_v20251217.parquet:parquet:130032,2010:017_68e0e4537e_9._20Basq_Mari_Mord_Tatar_Udm_Chuv_2010.xls:!!!:7901,2021,Тихоновка,село,татарстан,Альметьевский муниципальный район,1719.0,direct_published_census_value,"2010,2021",True,already_pointed_in_actual68,Frozen actual68 point snapshot already has point for this source record; no new point/edge/event delta proposed.
2002:1_TOM_01_04.xls:0:796,2002:1_TOM_01_04.xls:0:796,2002,Космынино,пгт,костромская,,1714.0,direct_published_census_value,2002,False,held_no_verified_ownpoint_or_event,No cohort-specific qualified own locality point or dated inclusion/event source yet. Existing point absent in actual68 snapshot; do not infer coordinates or link by name alone.
2002:018_25c6f5e960_02c_Karelia.xls:Sheet1:1816,2002:018_25c6f5e960_02c_Karelia.xls:Sheet1:1816,2002,Найстеньярви,посёлок,карелия,Суоярвский район,1700.0,direct_published_census_value,2002,False,held_no_verified_ownpoint_or_event,No cohort-specific qualified own locality point or dated inclusion/event source yet. Existing point absent in actual68 snapshot; do not infer coordinates or link by name alone.
2021:data_allsettlements_anon_156_v20251217.parquet:parquet:155303,2010:003_eb441570b1_11._20Урал_ФО_2010.xls:Урал:2765,2021,Газ-Сале,село,ямало ненецкий,Муниципальный округ Тазовский район,1692.0,direct_published_census_value,"2010,2021",True,already_pointed_in_actual68,Frozen actual68 point snapshot already has point for this source record; no new point/edge/event delta proposed.
2002:1_TOM_01_04.xls:0:10142,2002:1_TOM_01_04.xls:0:10142,2002,Дормидонтовка,пгт,хабаровский,,1672.0,direct_published_census_value,2002,False,held_no_verified_ownpoint_or_event,No cohort-specific qualified own locality point or dated inclusion/event source yet. Existing point absent in actual68 snapshot; do not infer coordinates or link by name alone.
2010:017_68e0e4537e_9._20Basq_Mari_Mord_Tatar_Udm_Chuv_2010.xls:!!!:7901,2010:017_68e0e4537e_9._20Basq_Mari_Mord_Tatar_Udm_Chuv_2010.xls:!!!:7901,2010,Тихоновка,село,татарстан,Альметьевский,1659.0,secondary_confidentiality_protected_value_exact_scope_unverified,"2010,2021",True,already_pointed_in_actual68,Frozen actual68 point snapshot already has point for this source record; no new point/edge/event delta proposed.
2002:003_308406b0ed_02c_Vladimirskaja.xls:Sheet1:1642,2002:003_308406b0ed_02c_Vladimirskaja.xls:Sheet1:1642,2002,им. Войкова,посёлок,владимирская,Муромский район,1634.0,direct_published_census_value,2002,False,held_no_verified_ownpoint_or_event,No cohort-specific qualified own locality point or dated inclusion/event source yet. Existing point absent in actual68 snapshot; do not infer coordinates or link by name alone.
2002:044_42b3ed3cfc_Tataria.xls:Sheet1:2685,2002:044_42b3ed3cfc_Tataria.xls:Sheet1:2685,2002,совхоза им. 25-го Октября,посёлок,татарстан,Лаишевский район,1612.0,direct_published_census_value,2002,False,held_no_verified_ownpoint_or_event,No cohort-specific qualified own locality point or dated inclusion/event source yet. Existing point absent in actual68 snapshot; do not infer coordinates or link by name alone.
2002:025_3449b500ac_02c_Murman_obl_YK.xls:Sheet1:180,2002:025_3449b500ac_02c_Murman_obl_YK.xls:Sheet1:180,2002,Печенга,железнодорожный объект,мурманская,Печенгский район,1602.0,direct_published_census_value,"2002,2021",True,already_pointed_in_actual68,Frozen actual68 point snapshot already has point for this source record; no new point/edge/event delta proposed.
2002:033_e221266b42_02c_KCR.xls:нпп:126,2002:033_e221266b42_02c_KCR.xls:нпп:126,2002,Нижний Каменномост,аул,карачаево черкесская,Карачаевский район,1601.0,direct_published_census_value,2002,False,held_no_verified_ownpoint_or_event,No cohort-specific qualified own locality point or dated inclusion/event source yet. Existing point absent in actual68 snapshot; do not infer coordinates or link by name alone.
2021:data_allsettlements_anon_156_v20251217.parquet:parquet:108425,2021:data_allsettlements_anon_156_v20251217.parquet:parquet:108425,2021,Владимирский Лагерь,местечко,псковская,Струго-Красненский муниципальный район,1575.0,direct_published_census_value,2021,True,already_pointed_in_actual68,Frozen actual68 point snapshot already has point for this source record; no new point/edge/event delta proposed.
2002:024_2d3f550c6f_02c_Leningradskaja_obl_new.xls:!!!!!!:574,2002:024_2d3f550c6f_02c_Leningradskaja_obl_new.xls:!!!!!!:574,2002,Алексино,деревня,ленинградская,Волховский район,1571.0,direct_published_census_value,2002,False,held_no_verified_ownpoint_or_event,No cohort-specific qualified own locality point or dated inclusion/event source yet. Existing point absent in actual68 snapshot; do not infer coordinates or link by name alone.
MURMANSK2010:POPSEX:T1:R121,MURMANSK2010:POPSEX:T1:R121,2010,ж.-д. ст. печенга,,мурманская,,1565.0,reviewed_primary_reported_value,2010,False,held_no_verified_ownpoint_or_event,No cohort-specific qualified own locality point or dated inclusion/event source yet. Existing point absent in actual68 snapshot; do not infer coordinates or link by name alone.
2010:017_68e0e4537e_9._20Basq_Mari_Mord_Tatar_Udm_Chuv_2010.xls:!!!:7452,2010:017_68e0e4537e_9._20Basq_Mari_Mord_Tatar_Udm_Chuv_2010.xls:!!!:7452,2010,Озерный,посёлок,мордовия,Саранск,1555.0,secondary_confidentiality_protected_value_exact_scope_unverified,"2010,2021",True,already_pointed_in_actual68,Frozen actual68 point snapshot already has point for this source record; no new point/edge/event delta proposed.
2002:043_56b84811fa_02c_mordovia.xls:!!:15,2002:043_56b84811fa_02c_mordovia.xls:!!:15,2002,Озерный,посёлок,мордовия,,1551.0,direct_published_census_value,2002,False,held_no_verified_ownpoint_or_event,No cohort-specific qualified own locality point or dated inclusion/event source yet. Existing point absent in actual68 snapshot; do not infer coordinates or link by name alone.
2002:075_ad45d4f1e5_Tomskaya.xls:Sheet1:69,2002:075_ad45d4f1e5_Tomskaya.xls:Sheet1:69,2002,Новокусково,село,томская,Асиновский район,1534.0,direct_published_census_value,2002,False,held_no_verified_ownpoint_or_event,No cohort-specific qualified own locality point or dated inclusion/event source yet. Existing point absent in actual68 snapshot; do not infer coordinates or link by name alone.
2002:027_25f0f7433c_02c_Pskovskaja.xls:!!:4470,2002:027_25f0f7433c_02c_Pskovskaja.xls:!!:4470,2002,Крюки2,деревня,псковская,Островский район,1530.0,direct_published_census_value,2002,False,held_no_verified_ownpoint_or_event,No cohort-specific qualified own locality point or dated inclusion/event source yet. Existing point absent in actual68 snapshot; do not infer coordinates or link by name alone.
2002:077_98842af86b_Agin-Buriat.xls:Sheet1:101,2002:077_98842af86b_Agin-Buriat.xls:Sheet1:101,2002,при станции Ага,посёлок,забайкальский,Могойтуйский район,1525.0,direct_published_census_value,"2002,2021",True,already_pointed_in_actual68,Frozen actual68 point snapshot already has point for this source record; no new point/edge/event delta proposed.
2002:033_e221266b42_02c_KCR.xls:нпп:70,2002:033_e221266b42_02c_KCR.xls:нпп:70,2002,Эркин-Халк,аул,карачаево черкесская,Адыге-Хабльский район,1523.0,direct_published_census_value,2002,False,held_no_verified_ownpoint_or_event,No cohort-specific qualified own locality point or dated inclusion/event source yet. Existing point absent in actual68 snapshot; do not infer coordinates or link by name alone.
2002:058_a73d73c7dd_02c-Tyumen_obl_new.xls:Sheet1:40,2002:058_a73d73c7dd_02c-Tyumen_obl_new.xls:Sheet1:40,2002,Верхнефилатово,село,тюменская,,1495.0,direct_published_census_value,2002,False,held_no_verified_ownpoint_or_event,No cohort-specific qualified own locality point or dated inclusion/event source yet. Existing point absent in actual68 snapshot; do not infer coordinates or link by name alone.
2010:002_027be52979_10._20СевКаз_ФО_20(без_20Даг)_202010.xls:СК:102,2010:002_027be52979_10._20СевКаз_ФО_20(без_20Даг)_202010.xls:СК:102,2010,Терский,посёлок,ставропольский,Будённовский,1495.0,secondary_confidentiality_protected_value_exact_scope_unverified,2010,False,held_no_verified_ownpoint_or_event,No cohort-specific qualified own locality point or dated inclusion/event source yet. Existing point absent in actual68 snapshot; do not infer coordinates or link by name alone.
2021:data_allsettlements_anon_156_v20251217.parquet:parquet:25213,2021:data_allsettlements_anon_156_v20251217.parquet:parquet:25213,2021,Усолье- 7,посёлок,иркутская,Усольское районное муниципальное образование,1472.0,direct_published_census_value,2021,True,already_pointed_in_actual68,Frozen actual68 point snapshot already has point for this source record; no new point/edge/event delta proposed.
2002:067_7363c80f41_02c_Krasnojarski_lraj.xls:Sheet1:1128,2002:067_7363c80f41_02c_Krasnojarski_lraj.xls:Sheet1:1128,2002,Кежма,село,красноярский,Кежемский район,1471.0,direct_published_census_value,"2002,2010",True,already_pointed_in_actual68,Frozen actual68 point snapshot already has point for this source record; no new point/edge/event delta proposed.
2002:1_TOM_01_04.xls:0:8229,2002:1_TOM_01_04.xls:0:8229,2002,Баянгол,пгт,бурятия,,1459.0,direct_published_census_value,2002,False,held_no_verified_ownpoint_or_event,No cohort-specific qualified own locality point or dated inclusion/event source yet. Existing point absent in actual68 snapshot; do not infer coordinates or link by name alone.
2002:1_TOM_01_04.xls:0:8770,2002:1_TOM_01_04.xls:0:8770,2002,Таежный,пгт,красноярский,,1442.0,direct_published_census_value,2002,False,held_no_verified_ownpoint_or_event,No cohort-specific qualified own locality point or dated inclusion/event source yet. Existing point absent in actual68 snapshot; do not infer coordinates or link by name alone.
2010:016_802d308e41_8._20Or_Penz_Perm_Samar_Saratov_Uly_2010.xls:!!!:10482,2010:016_802d308e41_8._20Or_Penz_Perm_Samar_Saratov_Uly_2010.xls:!!!:10482,2010,Баевка,село,ульяновская,,1442.0,secondary_confidentiality_protected_value_exact_scope_unverified,2010,False,held_no_verified_ownpoint_or_event,No cohort-specific qualified own locality point or dated inclusion/event source yet. Existing point absent in actual68 snapshot; do not infer coordinates or link by name alone.
KAL2010:TOM1:S4:R0340,KAL2010:TOM1:S4:R0340,2010,шоссейное,посёлок,калининградская,,1434.0,reviewed_primary_reported_value,2010,True,accepted_source_bracketed_three_census_chain_corrected_ownpoint,"2002/2010 raw own rows appear under matching Novo-Moskovsky rural-district headings; own article corroborates both population values, own coordinate, current Guryevsky district and locality codes; actual68 2021 point/code match. Distinct 2021 Chernyakhovsky namesake excluded. Reject wrong 2011 GeoKLADR coordinate only (94.98 km from Guryevsky own point; 1.04 km to rival), then transfer current representative own point to 2010 source row along source-proven identity."
2002:014_32646337ea_02c_Tambovskaja.xls:Sheet1:575,2002:014_32646337ea_02c_Tambovskaja.xls:Sheet1:575,2002,Бензоперекачивающая Станция,населённый пункт,тамбовская,Мичуринский район,1433.0,direct_published_census_value,2002,False,held_no_verified_ownpoint_or_event,No cohort-specific qualified own locality point or dated inclusion/event source yet. Existing point absent in actual68 snapshot; do not infer coordinates or link by name alone.
ROSSTAT2010:T5:p203:l55,ROSSTAT2010:T5:p203:l55,2010,Дормидонтовка,пгт,хабаровский,Вяземский район,1426.0,reviewed_primary_reported_value,2010,False,held_no_verified_ownpoint_or_event,No cohort-specific qualified own locality point or dated inclusion/event source yet. Existing point absent in actual68 snapshot; do not infer coordinates or link by name alone.
2010:008_342f3c208b_16._20Сиб_ФО_2010.xls:Sib:11572,2010:008_342f3c208b_16._20Сиб_ФО_2010.xls:Sib:11572,2010,Арыг-Узуу,село,тыва,р,1420.0,secondary_confidentiality_protected_value_exact_scope_unverified,2010,False,held_no_verified_ownpoint_or_event,No cohort-specific qualified own locality point or dated inclusion/event source yet. Existing point absent in actual68 snapshot; do not infer coordinates or link by name alone.
2002:039_1d4b1f6286_02c_Volgograd.xls:Sheet1:112,2002:039_1d4b1f6286_02c_Volgograd.xls:Sheet1:112,2002,Яминский,хутор,волгоградская,Алексеевский район,1414.0,direct_published_census_value,"2002,2021",True,already_pointed_in_actual68,Frozen actual68 point snapshot already has point for this source record; no new point/edge/event delta proposed.
2002:050_a0dc3f856b_penzen_obl.xls:Sheet1:1635,2002:050_a0dc3f856b_penzen_obl.xls:Sheet1:1635,2002,Титово,железнодорожный объект,пензенская,Пачелмский район,1406.0,direct_published_census_value,2002,False,held_no_verified_ownpoint_or_event,No cohort-specific qualified own locality point or dated inclusion/event source yet. Existing point absent in actual68 snapshot; do not infer coordinates or link by name alone.
2010:004_486e984bdc_12._20Астр_Волгог_Ростов.xls:Южный:511,2010:004_486e984bdc_12._20Астр_Волгог_Ростов.xls:Южный:511,2010,Яминский,хутор,волгоградская,,1395.0,secondary_confidentiality_protected_value_exact_scope_unverified,2010,False,held_no_verified_ownpoint_or_event,No cohort-specific qualified own locality point or dated inclusion/event source yet. Existing point absent in actual68 snapshot; do not infer coordinates or link by name alone.
2002:001_6e5cceefdf_02c_Belgorod-obl.xls:Sheet1:268,2002:001_6e5cceefdf_02c_Belgorod-obl.xls:Sheet1:268,2002,Стригуны-Первые,село,белгородская,Борисовский район,1391.0,direct_published_census_value,2002,False,held_no_verified_ownpoint_or_event,No cohort-specific qualified own locality point or dated inclusion/event source yet. Existing point absent in actual68 snapshot; do not infer coordinates or link by name alone.
2010:002_027be52979_10._20СевКаз_ФО_20(без_20Даг)_202010.xls:СК:760,2010:002_027be52979_10._20СевКаз_ФО_20(без_20Даг)_202010.xls:СК:760,2010,Садовый,хутор,ставропольский,г. Минеральные Воды,1377.0,secondary_confidentiality_protected_value_exact_scope_unverified,"2010,2021",True,already_pointed_in_actual68,Frozen actual68 point snapshot already has point for this source record; no new point/edge/event delta proposed.
2010:016_802d308e41_8._20Or_Penz_Perm_Samar_Saratov_Uly_2010.xls:!!!:516,2010:016_802d308e41_8._20Or_Penz_Perm_Samar_Saratov_Uly_2010.xls:!!!:516,2010,Черновка,село,самарская,,1376.0,secondary_confidentiality_protected_value_exact_scope_unverified,2010,False,held_no_verified_ownpoint_or_event,No cohort-specific qualified own locality point or dated inclusion/event source yet. Existing point absent in actual68 snapshot; do not infer coordinates or link by name alone.
2002:002_d4cda9574f_02c_Bryanskaja.xls:Sheet1:1803,2002:002_d4cda9574f_02c_Bryanskaja.xls:Sheet1:1803,2002,Синезерский,посёлок,брянская,Навлинский район,1374.0,direct_published_census_value,"2002,2021",True,already_pointed_in_actual68,Frozen actual68 point snapshot already has point for this source record; no new point/edge/event delta proposed.
2002:024_2d3f550c6f_02c_Leningradskaja_obl_new.xls:!!!!!!:3207,2002:024_2d3f550c6f_02c_Leningradskaja_obl_new.xls:!!!!!!:3207,2002,Новолисино,деревня,ленинградская,Тосненский район,1357.0,direct_published_census_value,"2002,2021",True,already_pointed_in_actual68,Frozen actual68 point snapshot already has point for this source record; no new point/edge/event delta proposed.
2002:037_5b0d431685_02c_Stavrolpski.xls:Sheet1:205,2002:037_5b0d431685_02c_Stavrolpski.xls:Sheet1:205,2002,Терский,посёлок,ставропольский,Будённовский район,1337.0,direct_published_census_value,"2002,2021",True,already_pointed_in_actual68,Frozen actual68 point snapshot already has point for this source record; no new point/edge/event delta proposed.
2010:001_723371ec84_1._20NW_2010.xls:NW:8058,2010:001_723371ec84_1._20NW_2010.xls:NW:8058,2010,Новолисино,деревня,ленинградская,,1336.0,secondary_confidentiality_protected_value_exact_scope_unverified,2010,False,held_no_verified_ownpoint_or_event,No cohort-specific qualified own locality point or dated inclusion/event source yet. Existing point absent in actual68 snapshot; do not infer coordinates or link by name alone.
2002:035_e1bf1fa87f_02c_Chechnya.xls:Sheet1:534,2002:035_e1bf1fa87f_02c_Chechnya.xls:Sheet1:534,2002,при железнодорожной станици Червленно-Узловая,посёлок,чеченская,Шелковский район,1328.0,direct_published_census_value,2002,False,held_no_verified_ownpoint_or_event,No cohort-specific qualified own locality point or dated inclusion/event source yet. Existing point absent in actual68 snapshot; do not infer coordinates or link by name alone.
2010:016_802d308e41_8._20Or_Penz_Perm_Samar_Saratov_Uly_2010.xls:!!!:4204,2010:016_802d308e41_8._20Or_Penz_Perm_Samar_Saratov_Uly_2010.xls:!!!:4204,2010,Титово,железнодорожный объект,пензенская,,1306.0,secondary_confidentiality_protected_value_exact_scope_unverified,2010,False,held_no_verified_ownpoint_or_event,No cohort-specific qualified own locality point or dated inclusion/event source yet. Existing point absent in actual68 snapshot; do not infer coordinates or link by name alone.
2002:072_970adef884_Kemerov_obl_new.xls:Sheet1:67,2002:072_970adef884_Kemerov_obl_new.xls:Sheet1:67,2002,Новостройка,посёлок,кемеровская,,1301.0,direct_published_census_value,2002,False,held_no_verified_ownpoint_or_event,No cohort-specific qualified own locality point or dated inclusion/event source yet. Existing point absent in actual68 snapshot; do not infer coordinates or link by name alone.
2021:data_allsettlements_anon_156_v20251217.parquet:parquet:23321,2010:008_342f3c208b_16._20Сиб_ФО_2010.xls:Sib:11204,2021,Новый Бельтир,село,алтай,Кош-Агачский муниципальный район,1289.0,direct_published_census_value,"2010,2021",True,already_pointed_in_actual68,Frozen actual68 point snapshot already has point for this source record; no new point/edge/event delta proposed.
2010:013_f60b2d2bcf_5._20Belg_Bryan_Vlad_Voron_Ivanov_Kalug_20L1_ethn_2010.xls:Data Sheet:3097,2010:013_f60b2d2bcf_5._20Belg_Bryan_Vlad_Voron_Ivanov_Kalug_20L1_ethn_2010.xls:Data Sheet:3097,2010,Синезерки,посёлок,брянская,,1283.0,secondary_confidentiality_protected_value_exact_scope_unverified,2010,False,held_no_verified_ownpoint_or_event,No cohort-specific qualified own locality point or dated inclusion/event source yet. Existing point absent in actual68 snapshot; do not infer coordinates or link by name alone.
2010:008_342f3c208b_16._20Сиб_ФО_2010.xls:Sib:9818,2010:008_342f3c208b_16._20Сиб_ФО_2010.xls:Sib:9818,2010,при станции Ага (ранее с. Хила),посёлок,забайкальский,,1277.0,secondary_confidentiality_protected_value_exact_scope_unverified,2010,False,held_no_verified_ownpoint_or_event,No cohort-specific qualified own locality point or dated inclusion/event source yet. Existing point absent in actual68 snapshot; do not infer coordinates or link by name alone.
2002:1_TOM_01_04.xls:0:583,2002:1_TOM_01_04.xls:0:583,2002,Октябрьский,пгт,ивановская,,1271.0,direct_published_census_value,2002,False,held_no_verified_ownpoint_or_event,No cohort-specific qualified own locality point or dated inclusion/event source yet. Existing point absent in actual68 snapshot; do not infer coordinates or link by name alone.
2002:055_430166490c_Uljanovskaja_new.xls:Sheet1:252,2002:055_430166490c_Uljanovskaja_new.xls:Sheet1:252,2002,Шарлово,станция,ульяновская,Вешкаймский район,1266.0,direct_published_census_value,2002,False,held_no_verified_ownpoint_or_event,No cohort-specific qualified own locality point or dated inclusion/event source yet. Existing point absent in actual68 snapshot; do not infer coordinates or link by name alone.
2021:data_allsettlements_anon_156_v20251217.parquet:parquet:3952,2002:039_1d4b1f6286_02c_Volgograd.xls:Sheet1:112,2021,Яминский,хутор,волгоградская,Алексеевский муниципальный район,1261.0,direct_published_census_value,"2002,2021",True,already_pointed_in_actual68,Frozen actual68 point snapshot already has point for this source record; no new point/edge/event delta proposed.
2010:016_802d308e41_8._20Or_Penz_Perm_Samar_Saratov_Uly_2010.xls:!!!:118,2010:016_802d308e41_8._20Or_Penz_Perm_Samar_Saratov_Uly_2010.xls:!!!:118,2010,Александровка,село,самарская,,1257.0,secondary_confidentiality_protected_value_exact_scope_unverified,2010,False,held_no_verified_ownpoint_or_event,No cohort-specific qualified own locality point or dated inclusion/event source yet. Existing point absent in actual68 snapshot; do not infer coordinates or link by name alone.
2010:003_eb441570b1_11._20Урал_ФО_2010.xls:Урал:2592,2010:003_eb441570b1_11._20Урал_ФО_2010.xls:Урал:2592,2010,Юганская Обь,посёлок,ханты мансийский югра,Нефтеюганский район,1255.0,secondary_confidentiality_protected_value_exact_scope_unverified,"2010,2021",True,already_pointed_in_actual68,Frozen actual68 point snapshot already has point for this source record; no new point/edge/event delta proposed.
2002:018_25c6f5e960_02c_Karelia.xls:Sheet1:1819,2002:018_25c6f5e960_02c_Karelia.xls:Sheet1:1819,2002,Лахколамби,посёлок,карелия,Суоярвский район,1254.0,direct_published_census_value,2002,False,held_no_verified_ownpoint_or_event,No cohort-specific qualified own locality point or dated inclusion/event source yet. Existing point absent in actual68 snapshot; do not infer coordinates or link by name alone.
2002:028_df43ade2a7_02c_Adygea.xls:Sheet1:223,2002:028_df43ade2a7_02c_Adygea.xls:Sheet1:223,2002,Новый,посёлок,адыгея,Тахтамукайский район,1252.0,direct_published_census_value,"2002,2021",True,already_pointed_in_actual68,Frozen actual68 point snapshot already has point for this source record; no new point/edge/event delta proposed.
2002:033_e221266b42_02c_KCR.xls:нпп:127,2002:033_e221266b42_02c_KCR.xls:нпп:127,2002,Верхний Каменномост,аул,карачаево черкесская,Карачаевский район,1245.0,direct_published_census_value,2002,False,held_no_verified_ownpoint_or_event,No cohort-specific qualified own locality point or dated inclusion/event source yet. Existing point absent in actual68 snapshot; do not infer coordinates or link by name alone.
2010:002_027be52979_10._20СевКаз_ФО_20(без_20Даг)_202010.xls:СК:1782,2010:002_027be52979_10._20СевКаз_ФО_20(без_20Даг)_202010.xls:СК:1782,2010,Червленно-Узловая,станица,чеченская,,1240.0,secondary_confidentiality_protected_value_exact_scope_unverified,2010,False,held_no_verified_ownpoint_or_event,No cohort-specific qualified own locality point or dated inclusion/event source yet. Existing point absent in actual68 snapshot; do not infer coordinates or link by name alone.
2002:031_70abec85e7_02c_KBR.xls:Sheet1:119,2002:031_70abec85e7_02c_KBR.xls:Sheet1:119,2002,Красносельский,посёлок,кабардино балкарская,Прохладненский район,1239.0,direct_published_census_value,2002,False,held_no_verified_ownpoint_or_event,No cohort-specific qualified own locality point or dated inclusion/event source yet. Existing point absent in actual68 snapshot; do not infer coordinates or link by name alone.
2002:075_ad45d4f1e5_Tomskaya.xls:Sheet1:741,2002:075_ad45d4f1e5_Tomskaya.xls:Sheet1:741,2002,Воронино,посёлок,томская,Шегарский район,1231.0,direct_published_census_value,2002,False,held_no_verified_ownpoint_or_event,No cohort-specific qualified own locality point or dated inclusion/event source yet. Existing point absent in actual68 snapshot; do not infer coordinates or link by name alone.
2010:004_486e984bdc_12._20Астр_Волгог_Ростов.xls:Южный:235,2002:038_218ac665d8_02c_Astraxanskaja.xls:Sheet1:387,2010,Аксарайский,посёлок,астраханская,Красноярский,1230.0,secondary_confidentiality_protected_value_exact_scope_unverified,"2002,2010",True,already_pointed_in_actual68,Frozen actual68 point snapshot already has point for this source record; no new point/edge/event delta proposed.
2021:data_allsettlements_anon_156_v20251217.parquet:parquet:155026,2010:003_eb441570b1_11._20Урал_ФО_2010.xls:Урал:2592,2021,Юганская Обь,посёлок,ханты мансийский югра,Нефтеюганский муниципальный район,1228.0,direct_published_census_value,"2010,2021",True,already_pointed_in_actual68,Frozen actual68 point snapshot already has point for this source record; no new point/edge/event delta proposed.
2010:013_f60b2d2bcf_5._20Belg_Bryan_Vlad_Voron_Ivanov_Kalug_20L1_ethn_2010.xls:Data Sheet:9774,2010:013_f60b2d2bcf_5._20Belg_Bryan_Vlad_Voron_Ivanov_Kalug_20L1_ethn_2010.xls:Data Sheet:9774,2010,Октябрьский,село,ивановская,,1227.0,secondary_confidentiality_protected_value_exact_scope_unverified,2010,False,held_no_verified_ownpoint_or_event,No cohort-specific qualified own locality point or dated inclusion/event source yet. Existing point absent in actual68 snapshot; do not infer coordinates or link by name alone.
2021:data_allsettlements_anon_156_v20251217.parquet:parquet:158990,2021:data_allsettlements_anon_156_v20251217.parquet:parquet:158990,2021,Дормидонтовка,посёлок,хабаровский,Вяземский муниципальный район,1222.0,direct_published_census_value,2021,True,already_pointed_in_actual68,Frozen actual68 point snapshot already has point for this source record; no new point/edge/event delta proposed.
2002:037_5b0d431685_02c_Stavrolpski.xls:Sheet1:22,2002:037_5b0d431685_02c_Stavrolpski.xls:Sheet1:22,2002,Садовый,хутор,ставропольский,,1220.0,direct_published_census_value,2002,False,held_no_verified_ownpoint_or_event,No cohort-specific qualified own locality point or dated inclusion/event source yet. Existing point absent in actual68 snapshot; do not infer coordinates or link by name alone.
2002:1_TOM_01_04.xls:0:9611,2002:1_TOM_01_04.xls:0:9611,2002,Кадая,пгт,забайкальский,,1220.0,direct_published_census_value,2002,False,held_no_verified_ownpoint_or_event,No cohort-specific qualified own locality point or dated inclusion/event source yet. Existing point absent in actual68 snapshot; do not infer coordinates or link by name alone.
2002:070_48ec6f4a77_Irkut_obl_new.xls:Sheet1:1348,2002:070_48ec6f4a77_Irkut_obl_new.xls:Sheet1:1348,2002,Кеуль,село,иркутская,Усть-Илимский район,1217.0,direct_published_census_value,"2002,2010",True,already_pointed_in_actual68,Frozen actual68 point snapshot already has point for this source record; no new point/edge/event delta proposed.
2002:1_TOM_01_04.xls:0:309,2002:1_TOM_01_04.xls:0:309,2002,Красный Октябрь,пгт,владимирская,,1217.0,direct_published_census_value,2002,False,held_no_verified_ownpoint_or_event,No cohort-specific qualified own locality point or dated inclusion/event source yet. Existing point absent in actual68 snapshot; do not infer coordinates or link by name alone.
2010:013_f60b2d2bcf_5._20Belg_Bryan_Vlad_Voron_Ivanov_Kalug_20L1_ethn_2010.xls:Data Sheet:98,2010:013_f60b2d2bcf_5._20Belg_Bryan_Vlad_Voron_Ivanov_Kalug_20L1_ethn_2010.xls:Data Sheet:98,2010,Беломестное,село,белгородская,,1212.0,secondary_confidentiality_protected_value_exact_scope_unverified,2010,False,held_no_verified_ownpoint_or_event,No cohort-specific qualified own locality point or dated inclusion/event source yet. Existing point absent in actual68 snapshot; do not infer coordinates or link by name alone.
2021:data_allsettlements_anon_156_v20251217.parquet:parquet:121334,2002:034_e4218f10b9_02c_N.Osetia.xls:Sheet1:142,2021,Кора,село,северная осетия алания,Дигорский муниципальный район,1208.0,direct_published_census_value,"2002,2021",True,already_pointed_in_actual68,Frozen actual68 point snapshot already has point for this source record; no new point/edge/event delta proposed.
2021:data_allsettlements_anon_156_v20251217.parquet:parquet:25917,2021:data_allsettlements_anon_156_v20251217.parquet:parquet:25917,2021,Новодорожный,посёлок,калининградская,Гурьевский муниципальный округ,1204.0,direct_published_census_value,"2010,2021",True,already_pointed_in_actual68,Frozen actual68 point snapshot already has point for this source record; no new point/edge/event delta proposed.
2010:010_711691e352_2._20Kostrom_Kur_Lip_Moscow_MoscObl_Orlov_2010.xls:Data Sheet:16475,2010:010_711691e352_2._20Kostrom_Kur_Lip_Moscow_MoscObl_Orlov_2010.xls:Data Sheet:16475,2010,Становое,деревня,орловская,,1203.0,secondary_confidentiality_protected_value_exact_scope_unverified,2010,False,accepted_identity_edge_and_point_use,High Становское source-group chain; 2010 raw count quality remains secondary.
2021:data_allsettlements_anon_156_v20251217.parquet:parquet:127439,2010:002_027be52979_10._20СевКаз_ФО_20(без_20Даг)_202010.xls:СК:760,2021,Садовый,хутор,ставропольский,Минераловодский городской округ,1200.0,direct_published_census_value,"2010,2021",True,already_pointed_in_actual68,Frozen actual68 point snapshot already has point for this source record; no new point/edge/event delta proposed.
2002:023_38d853be37_02c_Kaliningrad.xls:Sheet1:354,2002:023_38d853be37_02c_Kaliningrad.xls:Sheet1:354,2002,Шоссейное,посёлок,калининградская,Гурьевский район,1199.0,direct_published_census_value,"2002,2021",True,accepted_source_bracketed_three_census_chain_corrected_ownpoint,"2002/2010 raw own rows appear under matching Novo-Moskovsky rural-district headings; own article corroborates both population values, own coordinate, current Guryevsky district and locality codes; actual68 2021 point/code match. Distinct 2021 Chernyakhovsky namesake excluded. Reject wrong 2011 GeoKLADR coordinate only (94.98 km from Guryevsky own point; 1.04 km to rival), then transfer current representative own point to 2010 source row along source-proven identity."
2010:001_723371ec84_1._20NW_2010.xls:NW:6120,2010:001_723371ec84_1._20NW_2010.xls:NW:6120,2010,Лесное,посёлок,ленинградская,,1192.0,secondary_confidentiality_protected_value_exact_scope_unverified,"2010,2021",True,already_pointed_in_actual68,Frozen actual68 point snapshot already has point for this source record; no new point/edge/event delta proposed.
2002:011_f46bbaadfd_02c_Orlovskaja.xls:Sheet1:2457,2002:011_f46bbaadfd_02c_Orlovskaja.xls:Sheet1:2457,2002,Хардикова,деревня,орловская,Орловский район,1191.0,direct_published_census_value,2002,False,held_no_verified_ownpoint_or_event,No cohort-specific qualified own locality point or dated inclusion/event source yet. Existing point absent in actual68 snapshot; do not infer coordinates or link by name alone.
2010:002_027be52979_10._20СевКаз_ФО_20(без_20Даг)_202010.xls:СК:1169,2010:002_027be52979_10._20СевКаз_ФО_20(без_20Даг)_202010.xls:СК:1169,2010,Кора - Урсдон,село,северная осетия алания,,1191.0,secondary_confidentiality_protected_value_exact_scope_unverified,2010,False,held_no_verified_ownpoint_or_event,No cohort-specific qualified own locality point or dated inclusion/event source yet. Existing point absent in actual68 snapshot; do not infer coordinates or link by name alone.
2010:016_802d308e41_8._20Or_Penz_Perm_Samar_Saratov_Uly_2010.xls:!!!:10186,2010:016_802d308e41_8._20Or_Penz_Perm_Samar_Saratov_Uly_2010.xls:!!!:10186,2010,Шарлово,посёлок,ульяновская,,1157.0,secondary_confidentiality_protected_value_exact_scope_unverified,"2010,2021",True,already_pointed_in_actual68,Frozen actual68 point snapshot already has point for this source record; no new point/edge/event delta proposed.
2010:008_342f3c208b_16._20Сиб_ФО_2010.xls:Sib:5024,2010:008_342f3c208b_16._20Сиб_ФО_2010.xls:Sib:5024,2010,Сосновка,посёлок,кемеровская,Беловский район,1155.0,secondary_confidentiality_protected_value_exact_scope_unverified,2010,False,held_no_verified_ownpoint_or_event,No cohort-specific qualified own locality point or dated inclusion/event source yet. Existing point absent in actual68 snapshot; do not infer coordinates or link by name alone.
2002:001_6e5cceefdf_02c_Belgorod-obl.xls:Sheet1:129,2002:001_6e5cceefdf_02c_Belgorod-obl.xls:Sheet1:129,2002,Беломестное,село,белгородская,Белгородский район,1153.0,direct_published_census_value,"2002,2021",True,already_pointed_in_actual68,Frozen actual68 point snapshot already has point for this source record; no new point/edge/event delta proposed.
2002:038_218ac665d8_02c_Astraxanskaja.xls:Sheet1:597,2002:038_218ac665d8_02c_Astraxanskaja.xls:Sheet1:597,2002,Геологический,посёлок,астраханская,Наримановский район,1153.0,direct_published_census_value,2002,False,accepted_ordinary_temporal_pair,"Closed with unique actual68 2002–2010 exact normalized own-name/type/region pair, no same-year or full-region namesake competitors, same frozen county field; raw source rows reopened. Identity only. 2010 count remains confidentiality-protected secondary quality."
2002:011_f46bbaadfd_02c_Orlovskaja.xls:Sheet1:2484,2002:011_f46bbaadfd_02c_Orlovskaja.xls:Sheet1:2484,2002,Становое,деревня,орловская,Орловский район,1151.0,direct_published_census_value,2002,False,accepted_identity_edge_and_point_use,High Становское сельсовет chain; no boundary claim.
2002:035_e1bf1fa87f_02c_Chechnya.xls:Sheet1:171,2002:035_e1bf1fa87f_02c_Chechnya.xls:Sheet1:171,2002,Бельтой-Юрт,село,чеченская,Гудермесский район,1149.0,direct_published_census_value,2002,False,held_no_verified_ownpoint_or_event,No cohort-specific qualified own locality point or dated inclusion/event source yet. Existing point absent in actual68 snapshot; do not infer coordinates or link by name alone.
2002:024_2d3f550c6f_02c_Leningradskaja_obl_new.xls:!!!!!!:611,2002:024_2d3f550c6f_02c_Leningradskaja_obl_new.xls:!!!!!!:611,2002,Лесозавод,посёлок,ленинградская,Волховский район,1145.0,direct_published_census_value,2002,False,held_no_verified_ownpoint_or_event,No cohort-specific qualified own locality point or dated inclusion/event source yet. Existing point absent in actual68 snapshot; do not infer coordinates or link by name alone.
2021:data_allsettlements_anon_156_v20251217.parquet:parquet:95309,2021:data_allsettlements_anon_156_v20251217.parquet:parquet:95309,2021,Титово,посёлок,пензенская,Пачелмский муниципальный район,1142.0,direct_published_census_value,2021,True,already_pointed_in_actual68,Frozen actual68 point snapshot already has point for this source record; no new point/edge/event delta proposed.
2021:data_allsettlements_anon_156_v20251217.parquet:parquet:23185,2010:002_027be52979_10._20СевКаз_ФО_20(без_20Даг)_202010.xls:СК:877,2021,Берд-Юрт,село,ингушетия,Сунженский муниципальный район,1138.0,direct_published_census_value,"2010,2021",True,already_pointed_in_actual68,Frozen actual68 point snapshot already has point for this source record; no new point/edge/event delta proposed.
2010:008_342f3c208b_16._20Сиб_ФО_2010.xls:Sib:9620,2010:008_342f3c208b_16._20Сиб_ФО_2010.xls:Sib:9620,2010,Аэропорт,посёлок,томская,Томский район,1135.0,secondary_confidentiality_protected_value_exact_scope_unverified,"2010,2021",True,already_pointed_in_actual68,Frozen actual68 point snapshot already has point for this source record; no new point/edge/event delta proposed.
2021:data_allsettlements_anon_156_v20251217.parquet:parquet:31504,2021:data_allsettlements_anon_156_v20251217.parquet:parquet:31504,2021,Чална-1,посёлок,карелия,Прионежский муниципальный район,1133.0,direct_published_census_value,"2010,2021",True,already_pointed_in_actual68,Frozen actual68 point snapshot already has point for this source record; no new point/edge/event delta proposed.
2002:074_44f6c88636_Omskaja.xls:Sheet1:1404,2002:074_44f6c88636_Omskaja.xls:Sheet1:1404,2002,сельский населенный пункт часть пгт Павлоградка,,омская,Павлоградский район,1124.0,verified_count_in_secondary_census_compilation,2002,False,held_no_verified_ownpoint_or_event,No cohort-specific qualified own locality point or dated inclusion/event source yet. Existing point absent in actual68 snapshot; do not infer coordinates or link by name alone.
2010:002_027be52979_10._20СевКаз_ФО_20(без_20Даг)_202010.xls:СК:1142,2010:002_027be52979_10._20СевКаз_ФО_20(без_20Даг)_202010.xls:СК:1142,2010,Фиагдон,посёлок,северная осетия алания,,1124.0,secondary_confidentiality_protected_value_exact_scope_unverified,2010,False,held_no_verified_ownpoint_or_event,No cohort-specific qualified own locality point or dated inclusion/event source yet. Existing point absent in actual68 snapshot; do not infer coordinates or link by name alone.
2010:002_027be52979_10._20СевКаз_ФО_20(без_20Даг)_202010.xls:СК:1448,2010:002_027be52979_10._20СевКаз_ФО_20(без_20Даг)_202010.xls:СК:1448,2010,Малокурганный,посёлок,карачаево черкесская,Карачаевский ГО,1122.0,secondary_confidentiality_protected_value_exact_scope_unverified,"2010,2021",True,already_pointed_in_actual68,Frozen actual68 point snapshot already has point for this source record; no new point/edge/event delta proposed.
2021:data_allsettlements_anon_156_v20251217.parquet:parquet:56380,2010:001_723371ec84_1._20NW_2010.xls:NW:6120,2021,Лесное,посёлок,ленинградская,Всеволожский муниципальный район,1120.0,direct_published_census_value,"2010,2021",True,already_pointed_in_actual68,Frozen actual68 point snapshot already has point for this source record; no new point/edge/event delta proposed.
2021:data_allsettlements_anon_156_v20251217.parquet:parquet:93070,2021:data_allsettlements_anon_156_v20251217.parquet:parquet:93070,2021,Становое,деревня,орловская,Орловский муниципальный район,1114.0,direct_published_census_value,2021,True,already_pointed_in_actual68,Already carries accepted own point in actual68; anchor only.
2021:data_allsettlements_anon_156_v20251217.parquet:parquet:126892,2002:037_5b0d431685_02c_Stavrolpski.xls:Sheet1:205,2021,Терский,посёлок,ставропольский,Буденновский муниципальный округ,1107.0,direct_published_census_value,"2002,2021",True,already_pointed_in_actual68,Frozen actual68 point snapshot already has point for this source record; no new point/edge/event delta proposed.
2010:001_723371ec84_1._20NW_2010.xls:NW:11266,2010:001_723371ec84_1._20NW_2010.xls:NW:11266,2010,Дубовицы,деревня,новгородская,,1106.0,secondary_confidentiality_protected_value_exact_scope_unverified,2010,False,held_no_verified_ownpoint_or_event,No cohort-specific qualified own locality point or dated inclusion/event source yet. Existing point absent in actual68 snapshot; do not infer coordinates or link by name alone.
2002:026_0eca405331_02c_Novgorodskaja.xls:Sheet1:3679,2002:026_0eca405331_02c_Novgorodskaja.xls:Sheet1:3679,2002,Кабожа,железнодорожный объект,новгородская,Хвойнинский район,1100.0,direct_published_census_value,2002,False,held_no_verified_ownpoint_or_event,No cohort-specific qualified own locality point or dated inclusion/event source yet. Existing point absent in actual68 snapshot; do not infer coordinates or link by name alone.
2010:008_342f3c208b_16._20Сиб_ФО_2010.xls:Sib:2447,2010:008_342f3c208b_16._20Сиб_ФО_2010.xls:Sib:2447,2010,Таежное,село,красноярский,Канский район,1098.0,secondary_confidentiality_protected_value_exact_scope_unverified,"2010,2021",True,already_pointed_in_actual68,Frozen actual68 point snapshot already has point for this source record; no new point/edge/event delta proposed.
2002:031_70abec85e7_02c_KBR.xls:Sheet1:173,2002:031_70abec85e7_02c_KBR.xls:Sheet1:173,2002,Янтарный,посёлок,кабардино балкарская,Прохладненский район,1097.0,direct_published_census_value,2002,False,held_no_verified_ownpoint_or_event,No cohort-specific qualified own locality point or dated inclusion/event source yet. Existing point absent in actual68 snapshot; do not infer coordinates or link by name alone.
2010:016_802d308e41_8._20Or_Penz_Perm_Samar_Saratov_Uly_2010.xls:!!!:1341,2010:016_802d308e41_8._20Or_Penz_Perm_Samar_Saratov_Uly_2010.xls:!!!:1341,2010,Октябрьский,посёлок,самарская,,1090.0,secondary_confidentiality_protected_value_exact_scope_unverified,2010,False,held_no_verified_ownpoint_or_event,No cohort-specific qualified own locality point or dated inclusion/event source yet. Existing point absent in actual68 snapshot; do not infer coordinates or link by name alone.
2021:data_allsettlements_anon_156_v20251217.parquet:parquet:23198,2010:002_027be52979_10._20СевКаз_ФО_20(без_20Даг)_202010.xls:СК:856,2021,Южное,село,ингушетия,Малгобекский муниципальный район,1089.0,direct_published_census_value,"2010,2021",True,already_pointed_in_actual68,Frozen actual68 point snapshot already has point for this source record; no new point/edge/event delta proposed.
2002:031_70abec85e7_02c_KBR.xls:Sheet1:167,2002:031_70abec85e7_02c_KBR.xls:Sheet1:167,2002,Учебный,посёлок,кабардино балкарская,Прохладненский район,1073.0,direct_published_census_value,2002,False,held_no_verified_ownpoint_or_event,No cohort-specific qualified own locality point or dated inclusion/event source yet. Existing point absent in actual68 snapshot; do not infer coordinates or link by name alone.
2010:009_81f8a0e73c_17._20ДВ_ФО_2010.xls:ДВ:2913,2010:009_81f8a0e73c_17._20ДВ_ФО_2010.xls:ДВ:2913,2010,Лондоко,пгт,еврейская,,1067.0,secondary_confidentiality_protected_value_exact_scope_unverified,2010,False,held_no_verified_ownpoint_or_event,No cohort-specific qualified own locality point or dated inclusion/event source yet. Existing point absent in actual68 snapshot; do not infer coordinates or link by name alone.
2021:data_allsettlements_anon_156_v20251217.parquet:parquet:163658,2002:046_228ab1ba5a_Chuvashia_1.xls:Sheet1:1695,2021,Сятракасы,деревня,чувашская,Чебоксарский муниципальный район,1064.0,direct_published_census_value,"2002,2021",True,already_pointed_in_actual68,Frozen actual68 point snapshot already has point for this source record; no new point/edge/event delta proposed.
2010:001_723371ec84_1._20NW_2010.xls:NW:11611,2010:001_723371ec84_1._20NW_2010.xls:NW:11611,2010,Кабожа,железнодорожный объект,новгородская,,1063.0,secondary_confidentiality_protected_value_exact_scope_unverified,"2010,2021",True,already_pointed_in_actual68,Frozen actual68 point snapshot already has point for this source record; no new point/edge/event delta proposed.
2021:data_allsettlements_anon_156_v20251217.parquet:parquet:175038,2002:002_d4cda9574f_02c_Bryanskaja.xls:Sheet1:1803,2021,Синезерский,посёлок,брянская,Навлинский муниципальный район,1055.0,direct_published_census_value,"2002,2021",True,already_pointed_in_actual68,Frozen actual68 point snapshot already has point for this source record; no new point/edge/event delta proposed.
2021:data_allsettlements_anon_156_v20251217.parquet:parquet:31481,2021:data_allsettlements_anon_156_v20251217.parquet:parquet:31481,2021,Хийденсельга,деревня,карелия,Питкярантский муниципальный район,1054.0,,2021,True,already_pointed_in_actual68,Frozen actual68 point snapshot already has point for this source record; no new point/edge/event delta proposed.
2010:004_486e984bdc_12._20Астр_Волгог_Ростов.xls:Южный:358,2010:004_486e984bdc_12._20Астр_Волгог_Ростов.xls:Южный:358,2010,Геологический,посёлок,астраханская,Наримановский район,1049.0,secondary_confidentiality_protected_value_exact_scope_unverified,2010,False,accepted_ordinary_temporal_pair,"Closed with unique actual68 2002–2010 exact normalized own-name/type/region pair, no same-year or full-region namesake competitors, same frozen county field; raw source rows reopened. Identity only. 2010 count remains confidentiality-protected secondary quality."
2010:008_342f3c208b_16._20Сиб_ФО_2010.xls:Sib:9976,2010:008_342f3c208b_16._20Сиб_ФО_2010.xls:Sib:9976,2010,Кадая,село,забайкальский,,1048.0,secondary_confidentiality_protected_value_exact_scope_unverified,"2010,2021",True,already_pointed_in_actual68,Frozen actual68 point snapshot already has point for this source record; no new point/edge/event delta proposed.
2021:data_allsettlements_anon_156_v20251217.parquet:parquet:116223,2021:data_allsettlements_anon_156_v20251217.parquet:parquet:116223,2021,Октябрьский,посёлок,самарская,Городской округ Похвистнево,1045.0,direct_published_census_value,2021,True,already_pointed_in_actual68,Frozen actual68 point snapshot already has point for this source record; no new point/edge/event delta proposed.
2002:065_392a5859cb_Xakasia.xls:Sheet1:383,2002:065_392a5859cb_Xakasia.xls:Sheet1:383,2002,сонский сельсовет,село,хакасия,Ширинский район,1042.0,direct_published_census_value,2002,False,held_no_verified_ownpoint_or_event,No cohort-specific qualified own locality point or dated inclusion/event source yet. Existing point absent in actual68 snapshot; do not infer coordinates or link by name alone.
2010:011_040325482b_3._20Ryaz_Smol_Tambov_Tula_Jaroslavl_20L1_20ethn_2010.xls:Data Sheet:931,2010:011_040325482b_3._20Ryaz_Smol_Tambov_Tula_Jaroslavl_20L1_20ethn_2010.xls:Data Sheet:931,2010,Козловка,село,рязанская,,1042.0,secondary_confidentiality_protected_value_exact_scope_unverified,2010,False,held_no_verified_ownpoint_or_event,No cohort-specific qualified own locality point or dated inclusion/event source yet. Existing point absent in actual68 snapshot; do not infer coordinates or link by name alone.
2002:075_ad45d4f1e5_Tomskaya.xls:Sheet1:191,2002:075_ad45d4f1e5_Tomskaya.xls:Sheet1:191,2002,Нефтяник,посёлок,томская,Каргасокский район,1039.0,direct_published_census_value,2002,False,held_no_verified_ownpoint_or_event,No cohort-specific qualified own locality point or dated inclusion/event source yet. Existing point absent in actual68 snapshot; do not infer coordinates or link by name alone.
2021:data_allsettlements_anon_156_v20251217.parquet:parquet:4170,2002:039_1d4b1f6286_02c_Volgograd.xls:Sheet1:353,2021,Березовка,село,волгоградская,Еланский муниципальный район,1037.0,direct_published_census_value,"2002,2021",True,already_pointed_in_actual68,Frozen actual68 point snapshot already has point for this source record; no new point/edge/event delta proposed.
2021:data_allsettlements_anon_156_v20251217.parquet:parquet:25531,2021:data_allsettlements_anon_156_v20251217.parquet:parquet:25531,2021,Чистые Ключи,посёлок,иркутская,Шелеховское муниципальное образование,1034.0,direct_published_census_value,2021,True,already_pointed_in_actual68,Frozen actual68 point snapshot already has point for this source record; no new point/edge/event delta proposed.
2010:016_802d308e41_8._20Or_Penz_Perm_Samar_Saratov_Uly_2010.xls:!!!:2089,2010:016_802d308e41_8._20Or_Penz_Perm_Samar_Saratov_Uly_2010.xls:!!!:2089,2010,Андреевка,село,оренбургская,,1031.0,secondary_confidentiality_protected_value_exact_scope_unverified,2010,False,held_no_verified_ownpoint_or_event,No cohort-specific qualified own locality point or dated inclusion/event source yet. Existing point absent in actual68 snapshot; do not infer coordinates or link by name alone.
2002:039_1d4b1f6286_02c_Volgograd.xls:Sheet1:353,2002:039_1d4b1f6286_02c_Volgograd.xls:Sheet1:353,2002,Березовка,село,волгоградская,Еланский район,1029.0,direct_published_census_value,"2002,2021",True,already_pointed_in_actual68,Frozen actual68 point snapshot already has point for this source record; no new point/edge/event delta proposed.
2010:011_040325482b_3._20Ryaz_Smol_Tambov_Tula_Jaroslavl_20L1_20ethn_2010.xls:Data Sheet:8452,2010:011_040325482b_3._20Ryaz_Smol_Tambov_Tula_Jaroslavl_20L1_20ethn_2010.xls:Data Sheet:8452,2010,Ярославка,село,тамбовская,,1022.0,secondary_confidentiality_protected_value_exact_scope_unverified,2010,False,held_no_verified_ownpoint_or_event,No cohort-specific qualified own locality point or dated inclusion/event source yet. Existing point absent in actual68 snapshot; do not infer coordinates or link by name alone.
2010:016_802d308e41_8._20Or_Penz_Perm_Samar_Saratov_Uly_2010.xls:!!!:2814,2010:016_802d308e41_8._20Or_Penz_Perm_Samar_Saratov_Uly_2010.xls:!!!:2814,2010,Алексеевка,село,оренбургская,,1021.0,secondary_confidentiality_protected_value_exact_scope_unverified,2010,False,held_no_verified_ownpoint_or_event,No cohort-specific qualified own locality point or dated inclusion/event source yet. Existing point absent in actual68 snapshot; do not infer coordinates or link by name alone.
2002:053_f7f2b62d26_Samarskaja_new.xls:Sheet1:26,2002:053_f7f2b62d26_Samarskaja_new.xls:Sheet1:26,2002,Октябрьский,посёлок,самарская,,1009.0,direct_published_census_value,2002,False,held_no_verified_ownpoint_or_event,No cohort-specific qualified own locality point or dated inclusion/event source yet. Existing point absent in actual68 snapshot; do not infer coordinates or link by name alone.
2010:007_27e8a60d91_15._20Kalmykia.xls:калмыкия:58,2010:007_27e8a60d91_15._20Kalmykia.xls:калмыкия:58,2010,Северное (Мангут),село,калмыкия,Лаганский район,1008.0,secondary_confidentiality_protected_value_exact_scope_unverified,2010,False,held_no_verified_ownpoint_or_event,No cohort-specific qualified own locality point or dated inclusion/event source yet. Existing point absent in actual68 snapshot; do not infer coordinates or link by name alone.
2010:008_342f3c208b_16._20Сиб_ФО_2010.xls:Sib:10013,2010:008_342f3c208b_16._20Сиб_ФО_2010.xls:Sib:10013,2010,Октябрьский,посёлок,забайкальский,,1006.0,secondary_confidentiality_protected_value_exact_scope_unverified,2010,False,held_no_verified_ownpoint_or_event,No cohort-specific qualified own locality point or dated inclusion/event source yet. Existing point absent in actual68 snapshot; do not infer coordinates or link by name alone.
