latitude,longitude,point_origin_file,point_origin_sha256,point_origin_locator,point_origin_kind,target_source_record_id,coordinate_source_record_id,coordinate_admission_status,decision_status,admission_allowed,own_locality_point,recipient_point_assigned_to_child,source_sha256,source_locator,source_bound_primary2002_counterpart,admission_rule,point_temporal_interpretation,historical_census_coordinate_asserted,population_boundary_comparability_asserted,native_population_quality_preserved
59.1964546,34.6934392,/workspace/russian-settlements-research/research_rebuild/evidence/over500_north_alternative_point_sources_20261009/nominatim_capture_bundle.json.gz,88a442fe9c6a85390f675e8de10c04fd28c50a3096fc2bc0a49cd94dc3a90867,bundle request[20];osm_type=way;osm_id=1344793661,direct_captured_OSM_own_named_locality_representative,2010:001_723371ec84_1._20NW_2010.xls:NW:5362,2002:024_2d3f550c6f_02c_Leningradskaja_obl_new.xls:!!!!!!:160,reviewed_extension_rule_accepted,checked_rule_accepted,True,True,False,03569e7513579700cb0216869ecbe16712e0fe684f0340517f11484612fab382,NW:5362.0,2002:024_2d3f550c6f_02c_Leningradskaja_obl_new.xls:!!!!!!:160,"Uniquely consistent same literal ownname and region across primary2002 and source2010, with at least2 distinct ownnamed physical neighbouring source records in identical signed local sequence positions; every target/neighbour literal label/count separately reopened in each raw source, primary2002 printed native county independently reopened. All same-name primary candidates tested; only this ownnative sequence matches. Independently admitted ownpoint of that primary leaf reused by explicit continuity; no count/quality/day-boundary assertion.",Previously admitted own representative of source-bound primary leaf reused historically by explicit continuity inference; no exact censusday geometry or boundary equivalence.,False,False,True
53.292898,38.014259,/workspace/russian-settlements-research/research_rebuild/evidence/current_positive_residual_point_sources_20261008/searched_article_revisions_batch_005.json.gz,fb3c9e664bb0cd503de25becbcdee4b6c7a07266612aab8fdf4faae0ad964c67,pageid=9304584;revisionid=147758121;slots.main.content;ownNP_infobox_latlon,own_physicalNP_article_revision_infobox,2010:011_040325482b_3._20Ryaz_Smol_Tambov_Tula_Jaroslavl_20L1_20ethn_2010.xls:Data Sheet:10398,2002:016_3aa889d669_02c_Tulskaja.xls:Sheet1:1185,reviewed_extension_rule_accepted,checked_rule_accepted,True,True,False,a3c69e68dfa35bfb0964a15f0f46b258500fab3e61ff3271ef9584e055d6efca,Data Sheet:10398.0,2002:016_3aa889d669_02c_Tulskaja.xls:Sheet1:1185,"Uniquely consistent same literal ownname and region across primary2002 and source2010, with at least2 distinct ownnamed physical neighbouring source records in identical signed local sequence positions; every target/neighbour literal label/count separately reopened in each raw source, primary2002 printed native county independently reopened. All same-name primary candidates tested; only this ownnative sequence matches. Independently admitted ownpoint of that primary leaf reused by explicit continuity; no count/quality/day-boundary assertion.",Previously admitted own representative of source-bound primary leaf reused historically by explicit continuity inference; no exact censusday geometry or boundary equivalence.,False,False,True
54.2798315,39.5841033,/workspace/settlements-raw/data/interim/2021_tochno/data_allsettlements_anon_156_v20251217.parquet,86c197cd522e0b63669e9c6e7f43fd3d82b3704c6a126c800a9968ecd16cae14,"carrier_target_source_record_id=2021:data_allsettlements_anon_156_v20251217.parquet:parquet:112821;parquet_row_1based=112821;latitude_dadata,longitude_dadata",retrospective_continuity_from_tochno_2021_dadata_raw_parquet_point,2010:011_040325482b_3._20Ryaz_Smol_Tambov_Tula_Jaroslavl_20L1_20ethn_2010.xls:Data Sheet:1228,2002:012_c6dde723e8_02c_Ryazanskaja.xls:Sheet1:1433,reviewed_extension_rule_accepted,checked_rule_accepted,True,True,False,a3c69e68dfa35bfb0964a15f0f46b258500fab3e61ff3271ef9584e055d6efca,Data Sheet:1228.0,2002:012_c6dde723e8_02c_Ryazanskaja.xls:Sheet1:1433,"Uniquely consistent same literal ownname and region across primary2002 and source2010, with at least2 distinct ownnamed physical neighbouring source records in identical signed local sequence positions; every target/neighbour literal label/count separately reopened in each raw source, primary2002 printed native county independently reopened. All same-name primary candidates tested; only this ownnative sequence matches. Independently admitted ownpoint of that primary leaf reused by explicit continuity; no count/quality/day-boundary assertion.",Previously admitted own representative of source-bound primary leaf reused historically by explicit continuity inference; no exact censusday geometry or boundary equivalence.,False,False,True
56.709,39.1386,/workspace/settlements-raw/data/raw/wikipedia_articles/batch_00667.json.gz,56e10451b4d4a1dafc8a0e4248dc2c00354c9172aaa79202728f41cd27c91352,pageid=7537289;revid=147703155;infobox lat_deg/lon_deg,independently_bound_own_locality_Wikipedia_coordinate,2010:011_040325482b_3._20Ryaz_Smol_Tambov_Tula_Jaroslavl_20L1_20ethn_2010.xls:Data Sheet:15824,2002:017_6374fdddeb_02c_Yaroslavskaja.xls:Sheet1:3208,reviewed_extension_rule_accepted,checked_rule_accepted,True,True,False,a3c69e68dfa35bfb0964a15f0f46b258500fab3e61ff3271ef9584e055d6efca,Data Sheet:15824.0,2002:017_6374fdddeb_02c_Yaroslavskaja.xls:Sheet1:3208,"Uniquely consistent same literal ownname and region across primary2002 and source2010, with at least2 distinct ownnamed physical neighbouring source records in identical signed local sequence positions; every target/neighbour literal label/count separately reopened in each raw source, primary2002 printed native county independently reopened. All same-name primary candidates tested; only this ownnative sequence matches. Independently admitted ownpoint of that primary leaf reused by explicit continuity; no count/quality/day-boundary assertion.",Previously admitted own representative of source-bound primary leaf reused historically by explicit continuity inference; no exact censusday geometry or boundary equivalence.,False,False,True
55.3391775,34.6783008,/workspace/russian-settlements-research/research_rebuild/evidence/over500_north_alternative_point_sources_20261009/nominatim_capture_bundle.json.gz,88a442fe9c6a85390f675e8de10c04fd28c50a3096fc2bc0a49cd94dc3a90867,bundle request[1];osm_type=relation;osm_id=3772910,direct_captured_OSM_own_settlement_place_feature_representative,2010:011_040325482b_3._20Ryaz_Smol_Tambov_Tula_Jaroslavl_20L1_20ethn_2010.xls:Data Sheet:2959,2002:013_2dd2afccd6_02c_Smolenskaja.xls:Sheet1:227,reviewed_extension_rule_accepted,checked_rule_accepted,True,True,False,a3c69e68dfa35bfb0964a15f0f46b258500fab3e61ff3271ef9584e055d6efca,Data Sheet:2959.0,2002:013_2dd2afccd6_02c_Smolenskaja.xls:Sheet1:227,"Uniquely consistent same literal ownname and region across primary2002 and source2010, with at least2 distinct ownnamed physical neighbouring source records in identical signed local sequence positions; every target/neighbour literal label/count separately reopened in each raw source, primary2002 printed native county independently reopened. All same-name primary candidates tested; only this ownnative sequence matches. Independently admitted ownpoint of that primary leaf reused by explicit continuity; no count/quality/day-boundary assertion.",Previously admitted own representative of source-bound primary leaf reused historically by explicit continuity inference; no exact censusday geometry or boundary equivalence.,False,False,True
55.5936425,35.1946861,/workspace/settlements-raw/data/interim/2021_tochno/data_allsettlements_anon_156_v20251217.parquet,86c197cd522e0b63669e9c6e7f43fd3d82b3704c6a126c800a9968ecd16cae14,"parquet row 1-based=122105; fields=latitude_dadata,longitude_dadata; native_OKTMO=66608416103",tochno_2021_dadata_raw_parquet_point,2010:011_040325482b_3._20Ryaz_Smol_Tambov_Tula_Jaroslavl_20L1_20ethn_2010.xls:Data Sheet:3279,2002:013_2dd2afccd6_02c_Smolenskaja.xls:Sheet1:546,reviewed_extension_rule_accepted,checked_rule_accepted,True,True,False,a3c69e68dfa35bfb0964a15f0f46b258500fab3e61ff3271ef9584e055d6efca,Data Sheet:3279.0,2002:013_2dd2afccd6_02c_Smolenskaja.xls:Sheet1:546,"Uniquely consistent same literal ownname and region across primary2002 and source2010, with at least2 distinct ownnamed physical neighbouring source records in identical signed local sequence positions; every target/neighbour literal label/count separately reopened in each raw source, primary2002 printed native county independently reopened. All same-name primary candidates tested; only this ownnative sequence matches. Independently admitted ownpoint of that primary leaf reused by explicit continuity; no count/quality/day-boundary assertion.",Previously admitted own representative of source-bound primary leaf reused historically by explicit continuity inference; no exact censusday geometry or boundary equivalence.,False,False,True
55.1225,33.280833,/workspace/settlements-raw/data/raw/wikidata_truthy_claims/batch_0099.jsonl.gz,21244a434b4a309f7802ed5d2dd0932d92baf262a510bb1e8272367113096e5b,"{""line_number"": 9179, ""locator"": ""batch_0099.jsonl.gz#line=9179"", ""retrieved_at_utc"": ""2026-08-31T20:59:10.522893+00:00"", ""source_file"": ""batch_0099.jsonl.gz"", ""value_raw"": ""POINT(33.280833 55.122500)""}",wikidata_P625_point_claim,2010:011_040325482b_3._20Ryaz_Smol_Tambov_Tula_Jaroslavl_20L1_20ethn_2010.xls:Data Sheet:5960,2002:013_2dd2afccd6_02c_Smolenskaja.xls:Sheet1:3564,reviewed_extension_rule_accepted,checked_rule_accepted,True,True,False,a3c69e68dfa35bfb0964a15f0f46b258500fab3e61ff3271ef9584e055d6efca,Data Sheet:5960.0,2002:013_2dd2afccd6_02c_Smolenskaja.xls:Sheet1:3564,"Uniquely consistent same literal ownname and region across primary2002 and source2010, with at least2 distinct ownnamed physical neighbouring source records in identical signed local sequence positions; every target/neighbour literal label/count separately reopened in each raw source, primary2002 printed native county independently reopened. All same-name primary candidates tested; only this ownnative sequence matches. Independently admitted ownpoint of that primary leaf reused by explicit continuity; no count/quality/day-boundary assertion.",Previously admitted own representative of source-bound primary leaf reused historically by explicit continuity inference; no exact censusday geometry or boundary equivalence.,False,False,True
59.430261,37.932525,/workspace/settlements-raw/data/raw/wikidata_truthy_claims/batch_0111.jsonl.gz,2205badf3a6b5960e35b8e13ef785bc95f764f52cda47e3a7e554a7b4239a1c2,"{""line_number"": 11136, ""locator"": ""batch_0111.jsonl.gz#line=11136"", ""retrieved_at_utc"": ""2026-08-31T20:59:24.606150+00:00"", ""source_file"": ""batch_0111.jsonl.gz"", ""value_raw"": ""POINT(37.932525 59.430261)""}",wikidata_P625_point_claim,2010:012_5c339c0d0e_4._20Vologod_pskov_2010.xls:Data Sheet:7192,2002:022_862ad8a69d_02c_Vologodskaya.xls:2C:7702,reviewed_extension_rule_accepted,checked_rule_accepted,True,True,False,8f86eaaf6c47fb0d13ce5af84aaba3f1f937ba639e73e436e502c0d453ad28f2,Data Sheet:7192.0,2002:022_862ad8a69d_02c_Vologodskaya.xls:2C:7702,"Uniquely consistent same literal ownname and region across primary2002 and source2010, with at least2 distinct ownnamed physical neighbouring source records in identical signed local sequence positions; every target/neighbour literal label/count separately reopened in each raw source, primary2002 printed native county independently reopened. All same-name primary candidates tested; only this ownnative sequence matches. Independently admitted ownpoint of that primary leaf reused by explicit continuity; no count/quality/day-boundary assertion.",Previously admitted own representative of source-bound primary leaf reused historically by explicit continuity inference; no exact censusday geometry or boundary equivalence.,False,False,True
53.0966138,34.9556836,/workspace/settlements-raw/data/interim/2021_tochno/data_allsettlements_anon_156_v20251217.parquet,86c197cd522e0b63669e9c6e7f43fd3d82b3704c6a126c800a9968ecd16cae14,"carrier_target_source_record_id=2021:data_allsettlements_anon_156_v20251217.parquet:parquet:174173;parquet_row_1based=174173;latitude_dadata,longitude_dadata",retrospective_continuity_from_tochno_2021_dadata_raw_parquet_point,2010:013_f60b2d2bcf_5._20Belg_Bryan_Vlad_Voron_Ivanov_Kalug_20L1_ethn_2010.xls:Data Sheet:2303,2002:002_d4cda9574f_02c_Bryanskaja.xls:Sheet1:824,reviewed_extension_rule_accepted,checked_rule_accepted,True,True,False,52a7cd38f32d03b79c20b256dfd4019e49a0f7a4bab9d96abc57cbf16e2b90ac,Data Sheet:2303.0,2002:002_d4cda9574f_02c_Bryanskaja.xls:Sheet1:824,"Uniquely consistent same literal ownname and region across primary2002 and source2010, with at least2 distinct ownnamed physical neighbouring source records in identical signed local sequence positions; every target/neighbour literal label/count separately reopened in each raw source, primary2002 printed native county independently reopened. All same-name primary candidates tested; only this ownnative sequence matches. Independently admitted ownpoint of that primary leaf reused by explicit continuity; no count/quality/day-boundary assertion.",Previously admitted own representative of source-bound primary leaf reused historically by explicit continuity inference; no exact censusday geometry or boundary equivalence.,False,False,True
52.513611,33.205556,/workspace/settlements-raw/data/raw/wikidata_truthy_claims/batch_0109.jsonl.gz,8d3db8169c04c41f54843d8d63622150e8e0192656d246386dea175a0ed5a0ed,"{""line_number"": 9864, ""locator"": ""batch_0109.jsonl.gz#line=9864"", ""retrieved_at_utc"": ""2026-08-31T20:59:22.440246+00:00"", ""source_file"": ""batch_0109.jsonl.gz"", ""value_raw"": ""POINT(33.205556 52.513611)""}",wikidata_P625_point_claim,2010:013_f60b2d2bcf_5._20Belg_Bryan_Vlad_Voron_Ivanov_Kalug_20L1_ethn_2010.xls:Data Sheet:3177,2002:002_d4cda9574f_02c_Bryanskaja.xls:Sheet1:1928,reviewed_extension_rule_accepted,checked_rule_accepted,True,True,False,52a7cd38f32d03b79c20b256dfd4019e49a0f7a4bab9d96abc57cbf16e2b90ac,Data Sheet:3177.0,2002:002_d4cda9574f_02c_Bryanskaja.xls:Sheet1:1928,"Uniquely consistent same literal ownname and region across primary2002 and source2010, with at least2 distinct ownnamed physical neighbouring source records in identical signed local sequence positions; every target/neighbour literal label/count separately reopened in each raw source, primary2002 printed native county independently reopened. All same-name primary candidates tested; only this ownnative sequence matches. Independently admitted ownpoint of that primary leaf reused by explicit continuity; no count/quality/day-boundary assertion.",Previously admitted own representative of source-bound primary leaf reused historically by explicit continuity inference; no exact censusday geometry or boundary equivalence.,False,False,True
