path,sha256,size_bytes
/workspace/settlements-raw/data/raw/2002/041_4b428edd23_Bashkiria_new.xls,5e4cd874bbc5ad5c1c7bb996011052a076d9b0813a1f00b12df6ff8b5779f51a,1061888
/workspace/settlements-raw/data/raw/2002/049_8bbd34a852_Orenburgskaja1.xls,49b0d7ca121aac2ede9540f55c9b6e1cc252c9bba4b055e3dc7935720a5994a8,510976
/workspace/settlements-raw/data/raw/2002/053_f7f2b62d26_Samarskaja_new.xls,aec3c2eb441ef3e9fee87e63f6ca3d56457e2fa94331f7a1240f1b54130d85d4,372736
/workspace/settlements-raw/data/raw/2002/061_e177b0a77d_Chel_abinskaja1.xls,0ffd4853815474209972fef66ad1704eb74deb756f869c967620a39e8caeb5f5,363008
/workspace/settlements-raw/data/raw/2002/063_3ec7f8316e_buriatia1.xls,ea4947af01e071b726fd3a14588d0d5134bcdbf815169e0f01d839cb4872dbd8,269312
/workspace/settlements-raw/data/raw/2002/066_76aa869929_Altai_krai1.xls,125d9d9dd5f089c0e610f2cb4ec9b77c204aebda058730bb08292e3060e6097a,453120
/workspace/settlements-raw/data/raw/2002_official_tom1/1_TOM_01_04.xls,745a24599719c877a8ddf015aadf22d3cb859444819a32f8197ae525d91483f3,1819648
/workspace/settlements-raw/data/raw/2010/008_342f3c208b_16._20Сиб_ФО_2010.xls,960feadeb50c27be2d8a2084112349fb0c22ae608929716bcafed5a140c84d0e,10963456
/workspace/settlements-raw/data/raw/historical_geography/geokladr_okato_2011/okato.dbf,d1c8b983f2489724a940bd2a64dedda73b602f6c491d5c09391deaf362fe2650,59991330
/workspace/russian-settlements-research/research_rebuild/evidence/large_existing_credit_missing_ownpoint_20261009/east_exact_roster.csv,bf60fa63f66374f33ef22abeecec4abd95c0af91fb14072496b93130efb9d9df,18107
/workspace/russian-settlements-research/research_rebuild/evidence/large_existing_credited_east_ownpoints_20261009/osm_nominatim_raw_witnesses.json,ea868f2da11318145b0333aeb0845a3d5de5146234346c4a0ed7ea6bfb7279db,218182
/workspace/russian-settlements-research/research_rebuild/evidence/over1000_south_other_completion_20261009/batch3_two_wrong_object_scopes/accepted_typed_native_scope_corrections.csv,e1fec6e826794576bac46c10e32887730c84bafe2fcde66dc8dcaf1b0a20fa22,1824
