from_source_record_id,to_source_record_id,from_year,to_year,relation,decision_status,name_norm,region_norm,normalization_rule,distance_km,both_endpoint_points_already_accepted,mutual_unique_within_5km_same_name_region_year_pair,possible_type_change,county_disagreement,population_comparability_asserted,boundary_comparability_asserted,provider_identifier_binding_asserted,independent_point_corroboration_asserted,copied_same_coordinate_donor,admission_rule,point_donor_source_record_id,from_previous_component_years,to_previous_component_years,from_settlement_name,from_settlement_type,from_district_raw,from_population,from_source_file,from_source_path,from_source_sha256,from_source_locator,from_source_sheet,from_source_row,from_source_name_raw,from_entity_grain_status,from_normalization_proof,from_point_latitude,from_point_longitude,from_point_coordinate_admission_status,from_point_coordinate_source_record_id,from_point_point_origin_file,from_point_point_origin_sha256,from_point_point_origin_locator,from_point_point_origin_kind,from_point_source_locator,from_point_source_sha256,from_point_point_ledger_path,from_point_ledger_sha256,to_settlement_name,to_settlement_type,to_district_raw,to_population,to_source_file,to_source_path,to_source_sha256,to_source_locator,to_source_sheet,to_source_row,to_source_name_raw,to_entity_grain_status,to_normalization_proof,to_point_latitude,to_point_longitude,to_point_coordinate_admission_status,to_point_coordinate_source_record_id,to_point_point_origin_file,to_point_point_origin_sha256,to_point_point_origin_locator,to_point_point_origin_kind,to_point_source_locator,to_point_source_sha256,to_point_point_ledger_path,to_point_ledger_sha256,from_source_locator_raw,to_source_locator_raw
2002:1_TOM_01_04.xls:0:6671,2010:016_802d308e41_8._20Or_Penz_Perm_Samar_Saratov_Uly_2010.xls:!!!:7832,2002,2010,same_place,candidate_pending_independent_review,юбилейный,пермский,NFKC; casefold; ё→е; Unicode punctuation including hyphen→space; whitespace collapse,0.0,True,True,False,False,False,False,False,False,True,exact_normalized_name_same_region_mutual_unique_already_accepted_points_within_5km_v1,2010:016_802d308e41_8._20Or_Penz_Perm_Samar_Saratov_Uly_2010.xls:!!!:7832,2002,2010,Юбилейный,пгт,,1698.0,data/raw/2002_official_tom1/1_TOM_01_04.xls,,,data/raw/2002_official_tom1/1_TOM_01_04.xls#0!row=6671,0,6671.0,пгт Юбилейный,,юбилейный,58.780733,57.77917,reviewed_extension_rule_accepted,57412558000,/workspace/settlements-work/coordinates/historical_named_candidates_v4/historical_named_point_candidates.parquet,cb4449d3f0fec3c833eae1ee7d6e29183aabf1668bad5b8d8edf82bad7b121f8,GeoKLADR DBF record=93412; byte_offset=36898050; OKATO2011=57412558000; OKATO2009=57412558; KOD3=000,raw_named_typed_geokladr2011_object,,,/workspace/russian-settlements-research/research_rebuild/evidence/typed_city_geokladr_code_width_points_20261006/accepted_point_use_delta.csv,b5323b08f6bfb3611af8ffb907e19251d1df177352a7f1493f8844af50d58bd3,Юбилейный,пгт,,1099.0,data/raw/2010/016_802d308e41_8._20Or_Penz_Perm_Samar_Saratov_Uly_2010.xls,,,data/raw/2010/016_802d308e41_8._20Or_Penz_Perm_Samar_Saratov_Uly_2010.xls#!!!!row=7832,!!!,7832.0,пгт Юбилейный,,юбилейный,58.780733,57.77917,reviewed_extension_rule_accepted,57412558000,/workspace/settlements-work/coordinates/historical_named_candidates_v4/historical_named_point_candidates.parquet,cb4449d3f0fec3c833eae1ee7d6e29183aabf1668bad5b8d8edf82bad7b121f8,GeoKLADR DBF record=93412; byte_offset=36898050; OKATO2011=57412558000; OKATO2009=57412558; KOD3=000,raw_named_typed_geokladr2011_object,,,/workspace/russian-settlements-research/research_rebuild/evidence/typed_city_geokladr_code_width_points_20261006/accepted_point_use_delta.csv,b5323b08f6bfb3611af8ffb907e19251d1df177352a7f1493f8844af50d58bd3,,
2002:010_3e630cc803_02c_Moskovskaya-oblast.xls:Sheet1:4747,2021:data_allsettlements_anon_156_v20251217.parquet:parquet:70014,2002,2021,same_place,candidate_pending_independent_review,курилово,московская,NFKC; casefold; ё→е; Unicode punctuation including hyphen→space; whitespace collapse,0.1165723016486473,True,True,True,True,False,False,False,False,False,exact_normalized_name_same_region_mutual_unique_already_accepted_points_within_5km_v1,2021:data_allsettlements_anon_156_v20251217.parquet:parquet:70014,"2002,2010",2021,Курилово,посёлок,Подольский район,2371.0,data/raw/2002/010_3e630cc803_02c_Moskovskaya-oblast.xls,,,data/raw/2002/010_3e630cc803_02c_Moskovskaya-oblast.xls#Sheet1!row=4747,Sheet1,4747.0,посёлок Курилово,,курилово,56.092889,36.911906,reviewed_extension_rule_accepted,GeoKLADR2011:OKATO:46246834014,/workspace/settlements-raw/data/raw/historical_geography/geokladr_okato_2011/okato.dbf,d1c8b983f2489724a940bd2a64dedda73b602f6c491d5c09391deaf362fe2650,raw_dbf_record_number_1based=75175;byte_offset_0based=29694435,geokladr_2011_raw_dbf_coordinate,"{""source_file"": ""data/raw/2002/010_3e630cc803_02c_Moskovskaya-oblast.xls"", ""source_sheet"": ""Sheet1"", ""source_row"": 4747.0}",f2d9f7fba8c898e5e201e8b57e872a9323a1b37c3819434ae7d78e2a8db76147,/workspace/settlements-work/continuation_20261004/accepted_graph25_bounded_cases_20261005/accepted_point_uses.parquet,cc2a7cf67d7c25eec2de7f962c49478dd275646138f1303ae3410bf2a6922d23,Курилово,деревня,Городской округ Солнечногорск,33.0,data/interim/2021_tochno/data_allsettlements_anon_156_v20251217.parquet,,,data/interim/2021_tochno/data_allsettlements_anon_156_v20251217.parquet#parquet!row=70014,parquet,70014.0,деревня Курилово,,курилово,56.0921349,36.9106005,reviewed_rule_accepted,2021:data_allsettlements_anon_156_v20251217.parquet:parquet:70014,/workspace/settlements-raw/data/interim/2021_tochno/data_allsettlements_anon_156_v20251217.parquet,86c197cd522e0b63669e9c6e7f43fd3d82b3704c6a126c800a9968ecd16cae14,"parquet_row_1based=70014;latitude_dadata,longitude_dadata",tochno_2021_dadata_raw_parquet_point,data/interim/2021_tochno/data_allsettlements_anon_156_v20251217.parquet#:70014.0,,/workspace/settlements-work/continuation_20261004/accepted_graph25_bounded_cases_20261005/accepted_point_uses.parquet,cc2a7cf67d7c25eec2de7f962c49478dd275646138f1303ae3410bf2a6922d23,,
KAL2010:TOM1:S4:R0340,2021:data_allsettlements_anon_156_v20251217.parquet:parquet:26684,2010,2021,same_place,candidate_pending_independent_review,шоссейное,калининградская,NFKC; casefold; ё→е; Unicode punctuation including hyphen→space; whitespace collapse,1.0398432405352438,True,True,False,True,False,False,False,False,False,exact_normalized_name_same_region_mutual_unique_already_accepted_points_within_5km_v1,2021:data_allsettlements_anon_156_v20251217.parquet:parquet:26684,2010,2021,шоссейное,посёлок,,1434.0,research_rebuild/evidence/ingestion/sources/kaliningrad_2010_official/kaliningrad_2010_tom1.xlsx,research_rebuild/evidence/ingestion/sources/kaliningrad_2010_official/kaliningrad_2010_tom1.xlsx,7e17a4bdb54e3ee8ff014c4311396f84c01b7f3ed38d12f4f9c1f9e6b100705f,research_rebuild/evidence/ingestion/sources/kaliningrad_2010_official/kaliningrad_2010_tom1.xlsx#4!A340:F340,4,340.0,посёлок Шоссейное,atomic_settlement_source_row,шоссейное,54.619785,21.902341,reviewed_extension_rule_accepted,GeoKLADR2011:OKATO:27209825001,/workspace/settlements-raw/data/raw/historical_geography/geokladr_okato_2011/okato.dbf,d1c8b983f2489724a940bd2a64dedda73b602f6c491d5c09391deaf362fe2650,raw_dbf_record_number_1based=38911;byte_offset_0based=15370155,geokladr_2011_raw_dbf_coordinate,research_rebuild/evidence/ingestion/sources/kaliningrad_2010_official/kaliningrad_2010_tom1.xlsx#4!A340:F340,7e17a4bdb54e3ee8ff014c4311396f84c01b7f3ed38d12f4f9c1f9e6b100705f,/workspace/settlements-work/continuation_20261004/accepted_graph25_bounded_cases_20261005/accepted_point_uses.parquet,cc2a7cf67d7c25eec2de7f962c49478dd275646138f1303ae3410bf2a6922d23,Шоссейное,посёлок,Черняховский муниципальный округ,28.0,data/interim/2021_tochno/data_allsettlements_anon_156_v20251217.parquet,,,data/interim/2021_tochno/data_allsettlements_anon_156_v20251217.parquet#parquet!row=26684,parquet,26684.0,посёлок Шоссейное,,шоссейное,54.6140223,21.9150602,reviewed_rule_accepted,2021:data_allsettlements_anon_156_v20251217.parquet:parquet:26684,/workspace/settlements-raw/data/interim/2021_tochno/data_allsettlements_anon_156_v20251217.parquet,86c197cd522e0b63669e9c6e7f43fd3d82b3704c6a126c800a9968ecd16cae14,"parquet_row_1based=26684;latitude_dadata,longitude_dadata",tochno_2021_dadata_raw_parquet_point,data/interim/2021_tochno/data_allsettlements_anon_156_v20251217.parquet#:26684.0,,/workspace/settlements-work/continuation_20261004/accepted_graph25_bounded_cases_20261005/accepted_point_uses.parquet,cc2a7cf67d7c25eec2de7f962c49478dd275646138f1303ae3410bf2a6922d23,research_rebuild/evidence/ingestion/sources/kaliningrad_2010_official/kaliningrad_2010_tom1.xlsx#4!A340:F340,
2002:1_TOM_01_04.xls:0:10136,ROSSTAT2010:T5:p203:l49,2002,2010,same_place,candidate_pending_independent_review,софийск,хабаровский,NFKC; casefold; ё→е; Unicode punctuation including hyphen→space; whitespace collapse,0.2836740397350231,True,True,False,True,False,False,False,False,False,exact_normalized_name_same_region_mutual_unique_already_accepted_points_within_5km_v1,2021:data_allsettlements_anon_156_v20251217.parquet:parquet:158964,2002,"2010,2021",Софийск,пгт,,670.0,data/raw/2002_official_tom1/1_TOM_01_04.xls,,,data/raw/2002_official_tom1/1_TOM_01_04.xls#0!row=10136,0,10136.0,пгт Софийск,,софийск,52.255327,133.994121,reviewed_rule_accepted,,,,,,0:10136.0,,/workspace/russian-settlements-research/research_rebuild/evidence/historical_urban_code_residual_20261005/accepted_point_use_delta.csv,90e930e94f361fbde5843bab2717a358de8b587f0ec688afbeacda290f69d37e,Софийск,пгт,Верхнебуреинский район,435.0,data/raw/2010_official_tom1/tom-1-chislennost-i-razmeshchenie-naseleniya.pdf,/workspace/settlements-raw/data/raw/2010_official_tom1/tom-1-chislennost-i-razmeshchenie-naseleniya.pdf,42cb939d8024042ffcf8a708676cef3f159a93e4dad697086c80465d445887c3,"{""pdf_page_1based"": 203, ""printed_page"": 202, ""raw_district"": ""Верхнебуреинский район"", ""raw_label"": ""пгт Софийск"", ""table"": ""5"", ""text_line_end_1based"": 49, ""text_line_start_1based"": 49}",pdf_page_203,49.0,пгт Софийск,atomic_physical_settlement_primary_table5_reviewed,софийск,52.2553754,133.9899542,reviewed_extension_rule_accepted,2021:data_allsettlements_anon_156_v20251217.parquet:parquet:158964,,,,,,,/workspace/russian-settlements-research/research_rebuild/evidence/county_type_change_application_20261007/accepted_point_use_delta.csv,61c5c916cce1a23163931032eb73a04da911baa804617f111fb421ff3210aee6,,"{""pdf_page_1based"": 203, ""printed_page"": 202, ""raw_district"": ""Верхнебуреинский район"", ""raw_label"": ""пгт Софийск"", ""table"": ""5"", ""text_line_end_1based"": 49, ""text_line_start_1based"": 49}"
2002:1_TOM_01_04.xls:0:9988,ROSSTAT2010:T5:p201:l19,2002,2010,same_place,candidate_pending_independent_review,горный,приморский,NFKC; casefold; ё→е; Unicode punctuation including hyphen→space; whitespace collapse,0.1444345787782324,True,True,False,True,False,False,False,False,False,exact_normalized_name_same_region_mutual_unique_already_accepted_points_within_5km_v1,2021:data_allsettlements_anon_156_v20251217.parquet:parquet:99676,2002,"2010,2021",Горный,пгт,,219.0,data/raw/2002_official_tom1/1_TOM_01_04.xls,,,data/raw/2002_official_tom1/1_TOM_01_04.xls#0!row=9988,0,9988.0,пгт Горный,,горный,44.842805,133.957093,reviewed_rule_accepted,,,,,,0:9988.0,,/workspace/russian-settlements-research/research_rebuild/evidence/historical_urban_code_residual_20261005/accepted_point_use_delta.csv,90e930e94f361fbde5843bab2717a358de8b587f0ec688afbeacda290f69d37e,Горный,пгт,Кировский район,100.0,data/raw/2010_official_tom1/tom-1-chislennost-i-razmeshchenie-naseleniya.pdf,/workspace/settlements-raw/data/raw/2010_official_tom1/tom-1-chislennost-i-razmeshchenie-naseleniya.pdf,42cb939d8024042ffcf8a708676cef3f159a93e4dad697086c80465d445887c3,"{""pdf_page_1based"": 201, ""printed_page"": 200, ""raw_district"": ""Кировский район"", ""raw_label"": ""пгт Горный"", ""table"": ""5"", ""text_line_end_1based"": 19, ""text_line_start_1based"": 19}",pdf_page_201,19.0,пгт Горный,atomic_physical_settlement_primary_table5_reviewed,горный,44.8419146,133.9584268,reviewed_extension_rule_accepted,2021:data_allsettlements_anon_156_v20251217.parquet:parquet:99676,,,,,,,/workspace/russian-settlements-research/research_rebuild/evidence/county_type_change_application_20261007/accepted_point_use_delta.csv,61c5c916cce1a23163931032eb73a04da911baa804617f111fb421ff3210aee6,,"{""pdf_page_1based"": 201, ""printed_page"": 200, ""raw_district"": ""Кировский район"", ""raw_label"": ""пгт Горный"", ""table"": ""5"", ""text_line_end_1based"": 19, ""text_line_start_1based"": 19}"
2010:010_711691e352_2._20Kostrom_Kur_Lip_Moscow_MoscObl_Orlov_2010.xls:Data Sheet:12579,2021:data_allsettlements_anon_156_v20251217.parquet:parquet:70114,2010,2021,same_place,candidate_pending_independent_review,федино,московская,NFKC; casefold; ё→е; Unicode punctuation including hyphen→space; whitespace collapse,0.1061957024378219,True,True,False,True,False,False,False,False,False,exact_normalized_name_same_region_mutual_unique_already_accepted_points_within_5km_v1,2021:data_allsettlements_anon_156_v20251217.parquet:parquet:70114,2010,2021,Федино,деревня,,66.0,data/raw/2010/010_711691e352_2._20Kostrom_Kur_Lip_Moscow_MoscObl_Orlov_2010.xls,,,data/raw/2010/010_711691e352_2._20Kostrom_Kur_Lip_Moscow_MoscObl_Orlov_2010.xls#Data Sheet!row=12579,Data Sheet,12579.0,деревня Федино,,федино,56.293836,37.086079,reviewed_extension_rule_accepted,GEOKLADR2011:46252810025,/workspace/settlements-raw/data/raw/historical_geography/geokladr_okato_2011/okato.dbf,d1c8b983f2489724a940bd2a64dedda73b602f6c491d5c09391deaf362fe2650,DBF_record_1based=75976;DBF_byte_offset_0based=30010830;OKATO2011_raw=46252810025,raw_named_typed_2011_rural_geo_object,DBF_record_1based=75976;DBF_byte_offset_0based=30010830;OKATO2011_raw=46252810025;KOD3_raw=025,d1c8b983f2489724a940bd2a64dedda73b602f6c491d5c09391deaf362fe2650,/workspace/settlements-work/continuation_20261004/accepted_graph25_bounded_cases_20261005/accepted_point_uses.parquet,cc2a7cf67d7c25eec2de7f962c49478dd275646138f1303ae3410bf2a6922d23,Федино,деревня,Городской округ Солнечногорск,0.0,data/interim/2021_tochno/data_allsettlements_anon_156_v20251217.parquet,,,data/interim/2021_tochno/data_allsettlements_anon_156_v20251217.parquet#parquet!row=70114,parquet,70114.0,деревня Федино,,федино,56.2945416,37.0872388,reviewed_rule_accepted,2021:data_allsettlements_anon_156_v20251217.parquet:parquet:70114,/workspace/settlements-raw/data/interim/2021_tochno/data_allsettlements_anon_156_v20251217.parquet,86c197cd522e0b63669e9c6e7f43fd3d82b3704c6a126c800a9968ecd16cae14,"parquet_row_1based=70114;latitude_dadata,longitude_dadata",tochno_2021_dadata_raw_parquet_point,data/interim/2021_tochno/data_allsettlements_anon_156_v20251217.parquet#:70114.0,,/workspace/settlements-work/continuation_20261004/accepted_graph25_bounded_cases_20261005/accepted_point_uses.parquet,cc2a7cf67d7c25eec2de7f962c49478dd275646138f1303ae3410bf2a6922d23,,
2002:006_1916564aaa_02c_Kaluzhskaja.xls:Sheet1:1944,2010:013_f60b2d2bcf_5._20Belg_Bryan_Vlad_Voron_Ivanov_Kalug_20L1_ethn_2010.xls:Data Sheet:13253,2002,2010,same_place,candidate_pending_independent_review,карижа,калужская,NFKC; casefold; ё→е; Unicode punctuation including hyphen→space; whitespace collapse,0.0,True,True,True,True,False,False,False,False,False,exact_normalized_name_same_region_mutual_unique_already_accepted_points_within_5km_v1,2021:data_allsettlements_anon_156_v20251217.parquet:parquet:28961,2002,"2010,2021",Карижа,деревня,Малоярославецкий район,1.0,data/raw/2002/006_1916564aaa_02c_Kaluzhskaja.xls,,,data/raw/2002/006_1916564aaa_02c_Kaluzhskaja.xls#Sheet1!row=1944,Sheet1,1944.0,деревня Карижа,,карижа,55.019535,36.413648,reviewed_extension_rule_accepted,GeoKLADR2011:OKATO:29223880008,/workspace/settlements-raw/data/raw/historical_geography/geokladr_okato_2011/okato.dbf,d1c8b983f2489724a940bd2a64dedda73b602f6c491d5c09391deaf362fe2650,raw_dbf_record_number_1based=50714;byte_offset_0based=20032340,geokladr_2011_raw_dbf_coordinate,"{""source_file"": ""data/raw/2002/006_1916564aaa_02c_Kaluzhskaja.xls"", ""source_sheet"": ""Sheet1"", ""source_row"": 1944.0}",1905de841b770b36eeecd4a1284edf8f541d0e6be7feb8d538a3ef1f327eb194,/workspace/settlements-work/continuation_20261004/accepted_graph25_bounded_cases_20261005/accepted_point_uses.parquet,cc2a7cf67d7c25eec2de7f962c49478dd275646138f1303ae3410bf2a6922d23,Карижа,село,,43.0,data/raw/2010/013_f60b2d2bcf_5._20Belg_Bryan_Vlad_Voron_Ivanov_Kalug_20L1_ethn_2010.xls,,,data/raw/2010/013_f60b2d2bcf_5._20Belg_Bryan_Vlad_Voron_Ivanov_Kalug_20L1_ethn_2010.xls#Data Sheet!row=13253,Data Sheet,13253.0,село Карижа,,карижа,55.019535,36.413648,reviewed_extension_rule_accepted,GeoKLADR2011:OKATO:29223880009,/workspace/settlements-raw/data/raw/historical_geography/geokladr_okato_2011/okato.dbf,d1c8b983f2489724a940bd2a64dedda73b602f6c491d5c09391deaf362fe2650,raw_dbf_record_number_1based=50715;byte_offset_0based=20032735,geokladr_2011_raw_dbf_coordinate,"{""source_file"": ""data/raw/2010/013_f60b2d2bcf_5._20Belg_Bryan_Vlad_Voron_Ivanov_Kalug_20L1_ethn_2010.xls"", ""source_sheet"": ""Data Sheet"", ""source_row"": 13253.0}",52a7cd38f32d03b79c20b256dfd4019e49a0f7a4bab9d96abc57cbf16e2b90ac,/workspace/settlements-work/continuation_20261004/accepted_graph25_bounded_cases_20261005/accepted_point_uses.parquet,cc2a7cf67d7c25eec2de7f962c49478dd275646138f1303ae3410bf2a6922d23,,
2002:057_9b18a354f1_02c_Sverdlovskaja_oblast.xls:Sheet1:38,2021:data_allsettlements_anon_156_v20251217.parquet:parquet:120745,2002,2021,same_place,candidate_pending_independent_review,мостовка,свердловская,NFKC; casefold; ё→е; Unicode punctuation including hyphen→space; whitespace collapse,2.3038469086817616e-05,True,True,True,True,False,False,False,False,False,exact_normalized_name_same_region_mutual_unique_already_accepted_points_within_5km_v1,2021:data_allsettlements_anon_156_v20251217.parquet:parquet:120745,2002,"2010,2021",Мостовка,посёлок,,3.0,data/raw/2002/057_9b18a354f1_02c_Sverdlovskaja_oblast.xls,,,data/raw/2002/057_9b18a354f1_02c_Sverdlovskaja_oblast.xls#Sheet1!row=38,Sheet1,38.0,посёлок Мостовка,,мостовка,57.243615,60.713955,reviewed_extension_rule_accepted,GeoKLADR2011:OKATO:65401380003,/workspace/settlements-raw/data/raw/historical_geography/geokladr_okato_2011/okato.dbf,d1c8b983f2489724a940bd2a64dedda73b602f6c491d5c09391deaf362fe2650,raw_dbf_record_number_1based=110347;byte_offset_0based=43587375,geokladr_2011_raw_dbf_coordinate,"{""source_file"": ""data/raw/2002/057_9b18a354f1_02c_Sverdlovskaja_oblast.xls"", ""source_sheet"": ""Sheet1"", ""source_row"": 38.0}",dea4fe001913b253b90e1a3e5be611c6a6f6810f5d9a4ded7c9ea45500232864,/workspace/settlements-work/continuation_20261004/accepted_graph25_bounded_cases_20261005/accepted_point_uses.parquet,cc2a7cf67d7c25eec2de7f962c49478dd275646138f1303ae3410bf2a6922d23,Мостовка,деревня,Городской округ Верхняя Пышма,38.0,data/interim/2021_tochno/data_allsettlements_anon_156_v20251217.parquet,,,data/interim/2021_tochno/data_allsettlements_anon_156_v20251217.parquet#parquet!row=120745,parquet,120745.0,деревня Мостовка,,мостовка,57.2436152,60.7139551,reviewed_rule_accepted,2021:data_allsettlements_anon_156_v20251217.parquet:parquet:120745,/workspace/settlements-raw/data/interim/2021_tochno/data_allsettlements_anon_156_v20251217.parquet,86c197cd522e0b63669e9c6e7f43fd3d82b3704c6a126c800a9968ecd16cae14,"parquet_row_1based=120745;latitude_dadata,longitude_dadata",tochno_2021_dadata_raw_parquet_point,data/interim/2021_tochno/data_allsettlements_anon_156_v20251217.parquet#:120745.0,,/workspace/settlements-work/continuation_20261004/accepted_graph25_bounded_cases_20261005/accepted_point_uses.parquet,cc2a7cf67d7c25eec2de7f962c49478dd275646138f1303ae3410bf2a6922d23,,
2010:013_f60b2d2bcf_5._20Belg_Bryan_Vlad_Voron_Ivanov_Kalug_20L1_ethn_2010.xls:Data Sheet:10882,2021:data_allsettlements_anon_156_v20251217.parquet:parquet:22148,2010,2021,same_place,candidate_pending_independent_review,юшково,ивановская,NFKC; casefold; ё→е; Unicode punctuation including hyphen→space; whitespace collapse,0.1668375209201555,True,True,False,True,False,False,False,False,False,exact_normalized_name_same_region_mutual_unique_already_accepted_points_within_5km_v1,2021:data_allsettlements_anon_156_v20251217.parquet:parquet:22148,2010,2021,Юшково,деревня,,19.0,data/raw/2010/013_f60b2d2bcf_5._20Belg_Bryan_Vlad_Voron_Ivanov_Kalug_20L1_ethn_2010.xls,,,data/raw/2010/013_f60b2d2bcf_5._20Belg_Bryan_Vlad_Voron_Ivanov_Kalug_20L1_ethn_2010.xls#Data Sheet!row=10882,Data Sheet,10882.0,деревня Юшково,,юшково,57.120128,43.044879,reviewed_extension_rule_accepted,GeoKLADR2011:OKATO:24225804028,/workspace/settlements-raw/data/raw/historical_geography/geokladr_okato_2011/okato.dbf,d1c8b983f2489724a940bd2a64dedda73b602f6c491d5c09391deaf362fe2650,raw_dbf_record_number_1based=36387;byte_offset_0based=14373175,geokladr_2011_raw_dbf_coordinate,"{""source_file"": ""data/raw/2010/013_f60b2d2bcf_5._20Belg_Bryan_Vlad_Voron_Ivanov_Kalug_20L1_ethn_2010.xls"", ""source_sheet"": ""Data Sheet"", ""source_row"": 10882.0}",52a7cd38f32d03b79c20b256dfd4019e49a0f7a4bab9d96abc57cbf16e2b90ac,/workspace/settlements-work/continuation_20261004/accepted_graph25_bounded_cases_20261005/accepted_point_uses.parquet,cc2a7cf67d7c25eec2de7f962c49478dd275646138f1303ae3410bf2a6922d23,Юшково,деревня,Пучежский муниципальный район,3.0,data/interim/2021_tochno/data_allsettlements_anon_156_v20251217.parquet,,,data/interim/2021_tochno/data_allsettlements_anon_156_v20251217.parquet#parquet!row=22148,parquet,22148.0,деревня Юшково,,юшково,57.1189228,43.0465252,reviewed_rule_accepted,2021:data_allsettlements_anon_156_v20251217.parquet:parquet:22148,/workspace/settlements-raw/data/interim/2021_tochno/data_allsettlements_anon_156_v20251217.parquet,86c197cd522e0b63669e9c6e7f43fd3d82b3704c6a126c800a9968ecd16cae14,"parquet_row_1based=22148;latitude_dadata,longitude_dadata",tochno_2021_dadata_raw_parquet_point,data/interim/2021_tochno/data_allsettlements_anon_156_v20251217.parquet#:22148.0,,/workspace/settlements-work/continuation_20261004/accepted_graph25_bounded_cases_20261005/accepted_point_uses.parquet,cc2a7cf67d7c25eec2de7f962c49478dd275646138f1303ae3410bf2a6922d23,,
2002:010_3e630cc803_02c_Moskovskaya-oblast.xls:Sheet1:307,2010:010_711691e352_2._20Kostrom_Kur_Lip_Moscow_MoscObl_Orlov_2010.xls:Data Sheet:13392,2002,2010,same_place,candidate_pending_independent_review,каверино,московская,NFKC; casefold; ё→е; Unicode punctuation including hyphen→space; whitespace collapse,0.0538299993054324,True,True,False,True,False,False,False,False,False,exact_normalized_name_same_region_mutual_unique_already_accepted_points_within_5km_v1,2021:data_allsettlements_anon_156_v20251217.parquet:parquet:65363,"2002,2021",2010,Каверино,деревня,Волоколамский район,0.0,data/raw/2002/010_3e630cc803_02c_Moskovskaya-oblast.xls,,,data/raw/2002/010_3e630cc803_02c_Moskovskaya-oblast.xls#Sheet1!row=307,Sheet1,307.0,деревня Каверино,,каверино,56.1811649,36.2459363,reviewed_extension_rule_accepted,2021:data_allsettlements_anon_156_v20251217.parquet:parquet:65363,/workspace/settlements-raw/data/interim/2021_tochno/data_allsettlements_anon_156_v20251217.parquet,86c197cd522e0b63669e9c6e7f43fd3d82b3704c6a126c800a9968ecd16cae14,"parquet row 1-based=65363; fields=latitude_dadata,longitude_dadata; native_OKTMO=46708000356",tochno_2021_dadata_raw_parquet_point,,,/workspace/settlements-work/continuation_20261004/accepted_graph25_bounded_cases_20261005/accepted_point_uses.parquet,cc2a7cf67d7c25eec2de7f962c49478dd275646138f1303ae3410bf2a6922d23,Каверино,деревня,,13.0,data/raw/2010/010_711691e352_2._20Kostrom_Kur_Lip_Moscow_MoscObl_Orlov_2010.xls,,,data/raw/2010/010_711691e352_2._20Kostrom_Kur_Lip_Moscow_MoscObl_Orlov_2010.xls#Data Sheet!row=13392,Data Sheet,13392.0,деревня Каверино,,каверино,56.181242,36.246795,reviewed_extension_rule_accepted,GeoKLADR2011:OKATO:46205864002,/workspace/settlements-raw/data/raw/historical_geography/geokladr_okato_2011/okato.dbf,d1c8b983f2489724a940bd2a64dedda73b602f6c491d5c09391deaf362fe2650,raw_dbf_record_number_1based=71209;byte_offset_0based=28127865,geokladr_2011_raw_dbf_coordinate,"{""source_file"": ""data/raw/2010/010_711691e352_2._20Kostrom_Kur_Lip_Moscow_MoscObl_Orlov_2010.xls"", ""source_sheet"": ""Data Sheet"", ""source_row"": 13392.0}",cf5b5d57327bf0d32723a7f49bb58db503a201af83a6e2bda4b874986f864167,/workspace/settlements-work/continuation_20261004/accepted_graph25_bounded_cases_20261005/accepted_point_uses.parquet,cc2a7cf67d7c25eec2de7f962c49478dd275646138f1303ae3410bf2a6922d23,,
2002:070_48ec6f4a77_Irkut_obl_new.xls:Sheet1:1623,2021:data_allsettlements_anon_156_v20251217.parquet:parquet:24744,2002,2021,same_place,candidate_pending_independent_review,таежный,иркутская,NFKC; casefold; ё→е; Unicode punctuation including hyphen→space; whitespace collapse,0.0649759781730378,True,True,True,True,False,False,False,False,False,exact_normalized_name_same_region_mutual_unique_already_accepted_points_within_5km_v1,2021:data_allsettlements_anon_156_v20251217.parquet:parquet:24744,"2002,2010",2021,Таежный,посёлок,Шелеховский район,0.0,data/raw/2002/070_48ec6f4a77_Irkut_obl_new.xls,,,data/raw/2002/070_48ec6f4a77_Irkut_obl_new.xls#Sheet1!row=1623,Sheet1,1623.0,посёлок Таежный,,таежный,55.6534,98.9961,reviewed_case_accepted,25255553005,/workspace/settlements-raw/data/raw/historical_geography/geokladr_okato_2011/okato.dbf,d1c8b983f2489724a940bd2a64dedda73b602f6c491d5c09391deaf362fe2650,DBF_record_1based=38578;byte_offset_0based=15238620;OKATO2011_raw=25255553005,raw_named_typed_geokladr2011_object,,53cc4d5dc967f6f5d5ee5c5802b25f72314284c4fc21efa285f0115b0c22e28d,/workspace/russian-settlements-research/research_rebuild/evidence/unique_exact_historical_code_point_batch_20261005/accepted_point_use_delta.csv,2924d3fe5c43588f1012222b35d115e0cb848dc2a54f6d4f1111a26a66f683c0,Таежный,участок,Нижнеудинский муниципальный район,12.0,data/interim/2021_tochno/data_allsettlements_anon_156_v20251217.parquet,,,data/interim/2021_tochno/data_allsettlements_anon_156_v20251217.parquet#parquet!row=24744,parquet,24744.0,участок Таежный,,таежный,55.653889,98.996667,reviewed_extension_rule_accepted,Q4479322,/workspace/settlements-raw/data/raw/wikidata_truthy_claims/batch_0135.jsonl.gz,d914db54f8a44b45d380b6822fed22f5a3f6da59ef074da58e2060c1c1b20bb7,"{""line_number"": 11342, ""locator"": ""batch_0135.jsonl.gz#line=11342"", ""retrieved_at_utc"": ""2026-08-31T20:59:56.927901+00:00"", ""source_file"": ""batch_0135.jsonl.gz"", ""value_raw"": ""POINT(98.996667 55.653889)""}",wikidata_P625_point_claim,data/interim/2021_tochno/data_allsettlements_anon_156_v20251217.parquet#row=24744.0,86c197cd522e0b63669e9c6e7f43fd3d82b3704c6a126c800a9968ecd16cae14,/workspace/settlements-work/continuation_20261004/accepted_graph25_bounded_cases_20261005/accepted_point_uses.parquet,cc2a7cf67d7c25eec2de7f962c49478dd275646138f1303ae3410bf2a6922d23,,
