source_record_id,yr,settlement_name,settlement_type,region_norm,population,additive,root,component_years,accepted_point,available_year_path,covered,residual_reason
2021:data_allsettlements_anon_156_v20251217.parquet:parquet:46984,2021,Сириус,пгт,краснодарский,13115.0,True,2021:data_allsettlements_anon_156_v20251217.parquet:parquet:46984,2021,True,False,False,missing_available_year_path
2021:data_allsettlements_anon_156_v20251217.parquet:parquet:118410,2021,Светлый,посёлок,саратовская,12702.0,True,2021:data_allsettlements_anon_156_v20251217.parquet:parquet:118410,2021,True,False,False,missing_available_year_path
2021:data_allsettlements_anon_156_v20251217.parquet:parquet:65222,2021,Бутово,пгт,московская,12267.0,True,2021:data_allsettlements_anon_156_v20251217.parquet:parquet:65222,2021,True,False,False,missing_available_year_path
2021:data_allsettlements_anon_156_v20251217.parquet:parquet:46728,2021,Ленина,хутор,краснодарский,10644.0,True,2021:data_allsettlements_anon_156_v20251217.parquet:parquet:46728,2021,True,False,False,missing_available_year_path
2021:data_allsettlements_anon_156_v20251217.parquet:parquet:41174,2021,Сибирский,посёлок,алтайский,10520.0,True,2021:data_allsettlements_anon_156_v20251217.parquet:parquet:41174,2021,False,False,False,missing_point_and_path
2021:data_allsettlements_anon_156_v20251217.parquet:parquet:65226,2021,Лопатино,пгт,московская,9814.0,True,2021:data_allsettlements_anon_156_v20251217.parquet:parquet:65226,2021,True,False,False,missing_available_year_path
2021:data_allsettlements_anon_156_v20251217.parquet:parquet:161732,2021,Ахмат-Юрт,село,чеченская,8778.0,True,2021:data_allsettlements_anon_156_v20251217.parquet:parquet:161732,2021,True,False,False,missing_available_year_path
2021:data_allsettlements_anon_156_v20251217.parquet:parquet:379,2021,Бичура,село,бурятия,8728.0,True,2021:data_allsettlements_anon_156_v20251217.parquet:parquet:379,2021,True,False,False,missing_available_year_path
2021:data_allsettlements_anon_156_v20251217.parquet:parquet:162088,2021,Бердыкель,село,чеченская,8346.0,True,2021:data_allsettlements_anon_156_v20251217.parquet:parquet:162088,2021,True,False,False,missing_available_year_path
2021:data_allsettlements_anon_156_v20251217.parquet:parquet:67678,2021,Сабурово,деревня,московская,7794.0,True,2010:010_711691e352_2._20Kostrom_Kur_Lip_Moscow_MoscObl_Orlov_2010.xls:Data Sheet:10370,"2010,2021",False,True,False,missing_point
2021:data_allsettlements_anon_156_v20251217.parquet:parquet:57401,2021,Новоселье,пгт,ленинградская,7643.0,True,2021:data_allsettlements_anon_156_v20251217.parquet:parquet:57401,2021,True,False,False,missing_available_year_path
2021:data_allsettlements_anon_156_v20251217.parquet:parquet:109645,2021,Старая Станица,хутор,ростовская,7633.0,True,2021:data_allsettlements_anon_156_v20251217.parquet:parquet:109645,2021,True,False,False,missing_available_year_path
2021:data_allsettlements_anon_156_v20251217.parquet:parquet:173865,2021,Дубровка,посёлок,брянская,6793.0,True,2021:data_allsettlements_anon_156_v20251217.parquet:parquet:173865,2021,True,False,False,missing_available_year_path
2021:data_allsettlements_anon_156_v20251217.parquet:parquet:60715,2021,Ивановка,село,амурская,6516.0,True,2021:data_allsettlements_anon_156_v20251217.parquet:parquet:60715,2021,True,False,False,missing_available_year_path
2021:data_allsettlements_anon_156_v20251217.parquet:parquet:41137,2021,Нагорный,посёлок,алтайский,6337.0,True,2021:data_allsettlements_anon_156_v20251217.parquet:parquet:41137,2021,True,False,False,missing_available_year_path
2021:data_allsettlements_anon_156_v20251217.parquet:parquet:161750,2021,Илсхан-Юрт,село,чеченская,5862.0,True,2021:data_allsettlements_anon_156_v20251217.parquet:parquet:161750,2021,True,False,False,missing_available_year_path
2021:data_allsettlements_anon_156_v20251217.parquet:parquet:69087,2021,Зеленоградский,пгт,московская,5521.0,True,2002:1_TOM_01_04.xls:0:1280,"2002,2010,2021",False,True,False,missing_point
2021:data_allsettlements_anon_156_v20251217.parquet:parquet:49248,2021,Подгорный,посёлок,красноярский,5492.0,True,2021:data_allsettlements_anon_156_v20251217.parquet:parquet:49248,2021,False,False,False,missing_point_and_path
2021:data_allsettlements_anon_156_v20251217.parquet:parquet:161667,2021,Верхний-Нойбер,село,чеченская,5386.0,True,2021:data_allsettlements_anon_156_v20251217.parquet:parquet:161667,2021,True,False,False,missing_available_year_path
2021:data_allsettlements_anon_156_v20251217.parquet:parquet:70790,2021,Троицкое,село,московская,5349.0,True,2010:010_711691e352_2._20Kostrom_Kur_Lip_Moscow_MoscObl_Orlov_2010.xls:Data Sheet:13773,"2010,2021",False,True,False,missing_point
2021:data_allsettlements_anon_156_v20251217.parquet:parquet:158721,2021,Октябрьский,посёлок,ульяновская,5035.0,True,2021:data_allsettlements_anon_156_v20251217.parquet:parquet:158721,2021,True,False,False,missing_available_year_path
2021:data_allsettlements_anon_156_v20251217.parquet:parquet:40010,2021,Берёзовка,село,алтайский,4973.0,True,2021:data_allsettlements_anon_156_v20251217.parquet:parquet:40010,2021,True,False,False,missing_available_year_path
2021:data_allsettlements_anon_156_v20251217.parquet:parquet:65584,2021,Ильинское,село,московская,4909.0,True,2021:data_allsettlements_anon_156_v20251217.parquet:parquet:65584,2021,True,False,False,missing_available_year_path
2021:data_allsettlements_anon_156_v20251217.parquet:parquet:67629,2021,Аничково,посёлок,московская,4741.0,True,2021:data_allsettlements_anon_156_v20251217.parquet:parquet:67629,2021,True,False,False,missing_available_year_path
2021:data_allsettlements_anon_156_v20251217.parquet:parquet:41113,2021,Лебяжье,село,алтайский,4568.0,True,2021:data_allsettlements_anon_156_v20251217.parquet:parquet:41113,2021,True,False,False,missing_available_year_path
2021:data_allsettlements_anon_156_v20251217.parquet:parquet:120362,2021,Восточный,посёлок,свердловская,4316.0,True,2021:data_allsettlements_anon_156_v20251217.parquet:parquet:120362,2021,True,False,False,missing_available_year_path
2021:data_allsettlements_anon_156_v20251217.parquet:parquet:28159,2021,Выползово,деревня,калужская,4243.0,True,2021:data_allsettlements_anon_156_v20251217.parquet:parquet:28159,2021,True,False,False,missing_available_year_path
2021:data_allsettlements_anon_156_v20251217.parquet:parquet:172497,2021,п Красные Ткачи,поселок,ярославская,4213.0,True,2021:data_allsettlements_anon_156_v20251217.parquet:parquet:172497,2021,False,False,False,missing_point_and_path
2021:data_allsettlements_anon_156_v20251217.parquet:parquet:172543,2021,Кузнечиха,деревня,ярославская,4209.0,True,2021:data_allsettlements_anon_156_v20251217.parquet:parquet:172543,2021,True,False,False,missing_available_year_path
2021:data_allsettlements_anon_156_v20251217.parquet:parquet:161645,2021,Мелчхи,село,чеченская,4070.0,True,2021:data_allsettlements_anon_156_v20251217.parquet:parquet:161645,2021,True,False,False,missing_available_year_path
2021:data_allsettlements_anon_156_v20251217.parquet:parquet:70723,2021,Крюково,деревня,московская,4063.0,True,2021:data_allsettlements_anon_156_v20251217.parquet:parquet:70723,2021,False,False,False,missing_point_and_path
2021:data_allsettlements_anon_156_v20251217.parquet:parquet:46759,2021,Виноградный,посёлок,краснодарский,4040.0,True,2021:data_allsettlements_anon_156_v20251217.parquet:parquet:46759,2021,False,False,False,missing_point_and_path
2021:data_allsettlements_anon_156_v20251217.parquet:parquet:130833,2021,Иннополис,город,татарстан,3955.0,True,2021:data_allsettlements_anon_156_v20251217.parquet:parquet:130833,2021,True,False,False,missing_available_year_path
2021:data_allsettlements_anon_156_v20251217.parquet:parquet:46904,2021,Барановка,село,краснодарский,3943.0,True,2021:data_allsettlements_anon_156_v20251217.parquet:parquet:46904,2021,True,False,False,missing_available_year_path
2021:data_allsettlements_anon_156_v20251217.parquet:parquet:161503,2021,Хамби-Ирзи,село,чеченская,3870.0,True,2021:data_allsettlements_anon_156_v20251217.parquet:parquet:161503,2021,True,False,False,missing_available_year_path
2021:data_allsettlements_anon_156_v20251217.parquet:parquet:151360,2021,Центральный,посёлок,тульская,3813.0,True,2021:data_allsettlements_anon_156_v20251217.parquet:parquet:151360,2021,True,False,False,missing_available_year_path
2021:data_allsettlements_anon_156_v20251217.parquet:parquet:152555,2021,Рассвет,посёлок,тульская,3760.0,True,2021:data_allsettlements_anon_156_v20251217.parquet:parquet:152555,2021,False,False,False,missing_point_and_path
2021:data_allsettlements_anon_156_v20251217.parquet:parquet:119557,2021,Красногвардейский,посёлок,свердловская,3754.0,True,2021:data_allsettlements_anon_156_v20251217.parquet:parquet:119557,2021,True,False,False,missing_available_year_path
2021:data_allsettlements_anon_156_v20251217.parquet:parquet:84701,2021,Михайловка,село,оренбургская,3687.0,True,2021:data_allsettlements_anon_156_v20251217.parquet:parquet:84701,2021,True,False,False,missing_available_year_path
2021:data_allsettlements_anon_156_v20251217.parquet:parquet:57426,2021,Новогорелово,посёлок,ленинградская,3658.0,True,2021:data_allsettlements_anon_156_v20251217.parquet:parquet:57426,2021,True,False,False,missing_available_year_path
2021:data_allsettlements_anon_156_v20251217.parquet:parquet:65241,2021,Горки,деревня,московская,3526.0,True,2021:data_allsettlements_anon_156_v20251217.parquet:parquet:65241,2021,True,False,False,missing_available_year_path
2021:data_allsettlements_anon_156_v20251217.parquet:parquet:14226,2021,Нижний Мамон,село,воронежская,3464.0,True,2021:data_allsettlements_anon_156_v20251217.parquet:parquet:14226,2021,True,False,False,missing_available_year_path
2021:data_allsettlements_anon_156_v20251217.parquet:parquet:46721,2021,Лорис,посёлок,краснодарский,3442.0,True,2021:data_allsettlements_anon_156_v20251217.parquet:parquet:46721,2021,True,False,False,missing_available_year_path
2021:data_allsettlements_anon_156_v20251217.parquet:parquet:173698,2021,Чернец,железнодорожный объект,брянская,3440.0,True,2010:013_f60b2d2bcf_5._20Belg_Bryan_Vlad_Voron_Ivanov_Kalug_20L1_ethn_2010.xls:Data Sheet:1778,"2010,2021",False,True,False,missing_point
2021:data_allsettlements_anon_156_v20251217.parquet:parquet:152249,2021,Ревякино,посёлок,тульская,3423.0,True,2021:data_allsettlements_anon_156_v20251217.parquet:parquet:152249,2021,True,False,False,missing_available_year_path
2021:data_allsettlements_anon_156_v20251217.parquet:parquet:81604,2021,осёлок Мочище,посёлок,новосибирская,3346.0,True,2002:073_f153ba2c6b_Novosib.xls:Sheet1:1312,"2002,2021",False,True,False,missing_point
2021:data_allsettlements_anon_156_v20251217.parquet:parquet:41114,2021,Лесной,посёлок,алтайский,3278.0,True,2021:data_allsettlements_anon_156_v20251217.parquet:parquet:41114,2021,True,False,False,missing_available_year_path
2021:data_allsettlements_anon_156_v20251217.parquet:parquet:161663,2021,Новый Беной,село,чеченская,3255.0,True,2021:data_allsettlements_anon_156_v20251217.parquet:parquet:161663,2021,True,False,False,missing_available_year_path
2021:data_allsettlements_anon_156_v20251217.parquet:parquet:150713,2021,Октябрьский,посёлок,тульская,3159.0,True,2021:data_allsettlements_anon_156_v20251217.parquet:parquet:150713,2021,True,False,False,missing_available_year_path
2021:data_allsettlements_anon_156_v20251217.parquet:parquet:68242,2021,Мирный,посёлок,московская,3094.0,True,2021:data_allsettlements_anon_156_v20251217.parquet:parquet:68242,2021,False,False,False,missing_point_and_path
2021:data_allsettlements_anon_156_v20251217.parquet:parquet:160648,2021,"Муслюмово, ж.д.станция",посёлок,челябинская,2979.0,True,2010:003_eb441570b1_11._20Урал_ФО_2010.xls:Урал:5335,"2010,2021",False,True,False,missing_point
2021:data_allsettlements_anon_156_v20251217.parquet:parquet:70121,2021,Чашниково,деревня,московская,2979.0,True,2021:data_allsettlements_anon_156_v20251217.parquet:parquet:70121,2021,False,False,False,missing_point_and_path
2021:data_allsettlements_anon_156_v20251217.parquet:parquet:98451,2021,при станции Чайковская,посёлок,пермский,2969.0,True,2021:data_allsettlements_anon_156_v20251217.parquet:parquet:98451,2021,False,False,False,missing_point_and_path
2021:data_allsettlements_anon_156_v20251217.parquet:parquet:66968,2021,Первомайский,посёлок,московская,2937.0,True,2021:data_allsettlements_anon_156_v20251217.parquet:parquet:66968,2021,True,False,False,missing_available_year_path
2021:data_allsettlements_anon_156_v20251217.parquet:parquet:162819,2021,Урмаево,село,чувашская,2934.0,True,2021:data_allsettlements_anon_156_v20251217.parquet:parquet:162819,2021,True,False,False,missing_available_year_path
2021:data_allsettlements_anon_156_v20251217.parquet:parquet:26777,2021,Донское,посёлок,калининградская,2919.0,True,2021:data_allsettlements_anon_156_v20251217.parquet:parquet:26777,2021,True,False,False,missing_available_year_path
2021:data_allsettlements_anon_156_v20251217.parquet:parquet:119528,2021,Северка,посёлок,свердловская,2917.0,True,2021:data_allsettlements_anon_156_v20251217.parquet:parquet:119528,2021,True,False,False,missing_available_year_path
2021:data_allsettlements_anon_156_v20251217.parquet:parquet:71497,2021,Буревестник,посёлок,нижегородская,2915.0,True,2002:048_4f024587eb_02c_Nizhegorod_obl_new.xls:11:335,"2002,2021",False,True,False,missing_point
2021:data_allsettlements_anon_156_v20251217.parquet:parquet:97552,2021,Горный,посёлок,пермский,2888.0,True,2021:data_allsettlements_anon_156_v20251217.parquet:parquet:97552,2021,True,False,False,missing_available_year_path
2021:data_allsettlements_anon_156_v20251217.parquet:parquet:60719,2021,Березовка,село,амурская,2841.0,True,2021:data_allsettlements_anon_156_v20251217.parquet:parquet:60719,2021,True,False,False,missing_available_year_path
2021:data_allsettlements_anon_156_v20251217.parquet:parquet:162036,2021,Ново-Щедринская,станица,чеченская,2831.0,True,2021:data_allsettlements_anon_156_v20251217.parquet:parquet:162036,2021,True,False,False,missing_available_year_path
2021:data_allsettlements_anon_156_v20251217.parquet:parquet:152489,2021,Мыза,деревня,тульская,2705.0,True,2021:data_allsettlements_anon_156_v20251217.parquet:parquet:152489,2021,False,False,False,missing_point_and_path
2021:data_allsettlements_anon_156_v20251217.parquet:parquet:161567,2021,Хаттуни,село,чеченская,2700.0,True,2021:data_allsettlements_anon_156_v20251217.parquet:parquet:161567,2021,True,False,False,missing_available_year_path
2021:data_allsettlements_anon_156_v20251217.parquet:parquet:46753,2021,Варваровка,село,краснодарский,2666.0,True,2021:data_allsettlements_anon_156_v20251217.parquet:parquet:46753,2021,False,False,False,missing_point_and_path
2021:data_allsettlements_anon_156_v20251217.parquet:parquet:116667,2021,Шиханы-2,посёлок,саратовская,2651.0,True,2021:data_allsettlements_anon_156_v20251217.parquet:parquet:116667,2021,True,False,False,missing_available_year_path
2021:data_allsettlements_anon_156_v20251217.parquet:parquet:57656,2021,Заклинье,деревня,ленинградская,2635.0,True,2021:data_allsettlements_anon_156_v20251217.parquet:parquet:57656,2021,True,False,False,missing_available_year_path
2021:data_allsettlements_anon_156_v20251217.parquet:parquet:162046,2021,Старо-Щедринская,станица,чеченская,2567.0,True,2021:data_allsettlements_anon_156_v20251217.parquet:parquet:162046,2021,True,False,False,missing_available_year_path
2021:data_allsettlements_anon_156_v20251217.parquet:parquet:65862,2021,Горшково,посёлок,московская,2530.0,True,2021:data_allsettlements_anon_156_v20251217.parquet:parquet:65862,2021,True,False,False,missing_available_year_path
2021:data_allsettlements_anon_156_v20251217.parquet:parquet:72411,2021,Уста,посёлок,нижегородская,2523.0,True,2010:014_5ca759eea0_5._20Nizheg_Kirov_202010.xls:Data Sheet:3745,"2010,2021",False,True,False,missing_point
2021:data_allsettlements_anon_156_v20251217.parquet:parquet:164125,2021,Сосновка,пгт,чувашская,2502.0,True,2002:1_TOM_01_04.xls:0:5850,"2002,2010,2021",False,True,False,missing_point
2021:data_allsettlements_anon_156_v20251217.parquet:parquet:69218,2021,Рахманово,село,московская,2500.0,True,2021:data_allsettlements_anon_156_v20251217.parquet:parquet:69218,2021,True,False,False,missing_available_year_path
2021:data_allsettlements_anon_156_v20251217.parquet:parquet:120257,2021,Покровское,село,свердловская,2489.0,True,2021:data_allsettlements_anon_156_v20251217.parquet:parquet:120257,2021,False,False,False,missing_point_and_path
2021:data_allsettlements_anon_156_v20251217.parquet:parquet:97654,2021,Мулянка,посёлок,пермский,2377.0,True,2021:data_allsettlements_anon_156_v20251217.parquet:parquet:97654,2021,True,False,False,missing_available_year_path
2021:data_allsettlements_anon_156_v20251217.parquet:parquet:161633,2021,Бильтой-Юрт,село,чеченская,2327.0,True,2021:data_allsettlements_anon_156_v20251217.parquet:parquet:161633,2021,True,False,False,missing_available_year_path
2021:data_allsettlements_anon_156_v20251217.parquet:parquet:19954,2021,Ново-Писцово,пгт,ивановская,2322.0,True,2021:data_allsettlements_anon_156_v20251217.parquet:parquet:19954,2021,False,False,False,missing_point_and_path
2021:data_allsettlements_anon_156_v20251217.parquet:parquet:124329,2021,Шаталово-1,посёлок,смоленская,2251.0,True,2021:data_allsettlements_anon_156_v20251217.parquet:parquet:124329,2021,True,False,False,missing_available_year_path
2021:data_allsettlements_anon_156_v20251217.parquet:parquet:116665,2021,Клены,пгт,саратовская,2238.0,True,2021:data_allsettlements_anon_156_v20251217.parquet:parquet:116665,2021,True,False,False,missing_available_year_path
2021:data_allsettlements_anon_156_v20251217.parquet:parquet:158791,2021,Карлинское,село,ульяновская,2236.0,True,2021:data_allsettlements_anon_156_v20251217.parquet:parquet:158791,2021,True,False,False,missing_available_year_path
2021:data_allsettlements_anon_156_v20251217.parquet:parquet:46771,2021,Красный,хутор,краснодарский,2222.0,True,2021:data_allsettlements_anon_156_v20251217.parquet:parquet:46771,2021,False,False,False,missing_point_and_path
2021:data_allsettlements_anon_156_v20251217.parquet:parquet:41120,2021,Пригородный,посёлок,алтайский,2213.0,True,2021:data_allsettlements_anon_156_v20251217.parquet:parquet:41120,2021,True,False,False,missing_available_year_path
2021:data_allsettlements_anon_156_v20251217.parquet:parquet:158773,2021,Белый Ключ,село,ульяновская,2208.0,True,2021:data_allsettlements_anon_156_v20251217.parquet:parquet:158773,2021,True,False,False,missing_available_year_path
2021:data_allsettlements_anon_156_v20251217.parquet:parquet:46730,2021,Октябрьский,хутор,краснодарский,2185.0,True,2021:data_allsettlements_anon_156_v20251217.parquet:parquet:46730,2021,True,False,False,missing_available_year_path
2021:data_allsettlements_anon_156_v20251217.parquet:parquet:68092,2021,Пирогово,деревня,московская,2146.0,True,2021:data_allsettlements_anon_156_v20251217.parquet:parquet:68092,2021,True,False,False,missing_available_year_path
2021:data_allsettlements_anon_156_v20251217.parquet:parquet:66840,2021,Высоково,деревня,московская,2134.0,True,2021:data_allsettlements_anon_156_v20251217.parquet:parquet:66840,2021,True,False,False,missing_available_year_path
2021:data_allsettlements_anon_156_v20251217.parquet:parquet:69196,2021,Евсеево,деревня,московская,2128.0,True,2021:data_allsettlements_anon_156_v20251217.parquet:parquet:69196,2021,True,False,False,missing_available_year_path
2021:data_allsettlements_anon_156_v20251217.parquet:parquet:70410,2021,Семёновское,село,московская,2121.0,True,2021:data_allsettlements_anon_156_v20251217.parquet:parquet:70410,2021,True,False,False,missing_available_year_path
2021:data_allsettlements_anon_156_v20251217.parquet:parquet:96167,2021,Савино,деревня,пермский,2121.0,True,2021:data_allsettlements_anon_156_v20251217.parquet:parquet:96167,2021,False,False,False,missing_point_and_path
2021:data_allsettlements_anon_156_v20251217.parquet:parquet:13927,2021,Архангельское,село,воронежская,2069.0,True,2021:data_allsettlements_anon_156_v20251217.parquet:parquet:13927,2021,True,False,False,missing_available_year_path
2021:data_allsettlements_anon_156_v20251217.parquet:parquet:71278,2021,27 км железной дороги Мончегорск-Оленья,населённый пункт,мурманская,2036.0,True,2021:data_allsettlements_anon_156_v20251217.parquet:parquet:71278,2021,True,False,False,missing_available_year_path
2021:data_allsettlements_anon_156_v20251217.parquet:parquet:118495,2021,Горячие Ключи,село,сахалинская,2030.0,True,2021:data_allsettlements_anon_156_v20251217.parquet:parquet:118495,2021,True,False,False,missing_available_year_path
2021:data_allsettlements_anon_156_v20251217.parquet:parquet:151609,2021,Майский,посёлок,тульская,2029.0,True,2021:data_allsettlements_anon_156_v20251217.parquet:parquet:151609,2021,True,False,False,missing_available_year_path
2021:data_allsettlements_anon_156_v20251217.parquet:parquet:167108,2021,Табага,село,саха якутия,2006.0,True,2021:data_allsettlements_anon_156_v20251217.parquet:parquet:167108,2021,True,False,False,missing_available_year_path
2021:data_allsettlements_anon_156_v20251217.parquet:parquet:95755,2021,Краснояр-I,село,пермский,1998.0,True,2021:data_allsettlements_anon_156_v20251217.parquet:parquet:95755,2021,True,False,False,missing_available_year_path
2021:data_allsettlements_anon_156_v20251217.parquet:parquet:161594,2021,Ильиновская,станица,чеченская,1988.0,True,2021:data_allsettlements_anon_156_v20251217.parquet:parquet:161594,2021,True,False,False,missing_available_year_path
2021:data_allsettlements_anon_156_v20251217.parquet:parquet:46421,2021,Ленинский,хутор,краснодарский,1987.0,True,2021:data_allsettlements_anon_156_v20251217.parquet:parquet:46421,2021,True,False,False,missing_available_year_path
2021:data_allsettlements_anon_156_v20251217.parquet:parquet:86831,2021,Двинской,посёлок,архангельская,1956.0,True,2021:data_allsettlements_anon_156_v20251217.parquet:parquet:86831,2021,True,False,False,missing_available_year_path
2021:data_allsettlements_anon_156_v20251217.parquet:parquet:68492,2021,Зеленый,посёлок,московская,1934.0,True,2021:data_allsettlements_anon_156_v20251217.parquet:parquet:68492,2021,True,False,False,missing_available_year_path
2021:data_allsettlements_anon_156_v20251217.parquet:parquet:159976,2021,"Ишалино, ж.д.станция",посёлок,челябинская,1933.0,True,2010:003_eb441570b1_11._20Урал_ФО_2010.xls:Урал:4821,"2010,2021",False,True,False,missing_point
2021:data_allsettlements_anon_156_v20251217.parquet:parquet:27465,2021,"Совхоз ""Боровский""",село,калужская,1924.0,True,2021:data_allsettlements_anon_156_v20251217.parquet:parquet:27465,2021,True,False,False,missing_available_year_path
2021:data_allsettlements_anon_156_v20251217.parquet:parquet:161592,2021,Горячеисточненская,станица,чеченская,1899.0,True,2021:data_allsettlements_anon_156_v20251217.parquet:parquet:161592,2021,True,False,False,missing_available_year_path
