old_id,current_id,raw_source_record_id,reason,population_2002,population_2010,population_2021
2002:051_46e3ecb0a0_02c_Permskaja_obl.xls:Sheet1:944,2021:data_allsettlements_anon_156_v20251217.parquet:parquet:98029,2010:016_802d308e41_8._20Or_Penz_Perm_Samar_Saratov_Uly_2010.xls:!!!:5448,no_accepted_current_representative_point,5.0,6,8.0
2002:051_46e3ecb0a0_02c_Permskaja_obl.xls:Sheet1:945,2021:data_allsettlements_anon_156_v20251217.parquet:parquet:98030,2010:016_802d308e41_8._20Or_Penz_Perm_Samar_Saratov_Uly_2010.xls:!!!:5449,no_accepted_current_representative_point,3.0,0,0.0
2002:051_46e3ecb0a0_02c_Permskaja_obl.xls:Sheet1:947,2021:data_allsettlements_anon_156_v20251217.parquet:parquet:98032,2010:016_802d308e41_8._20Or_Penz_Perm_Samar_Saratov_Uly_2010.xls:!!!:5451,no_accepted_current_representative_point,4.0,4,3.0
2002:051_46e3ecb0a0_02c_Permskaja_obl.xls:Sheet1:1126,2021:data_allsettlements_anon_156_v20251217.parquet:parquet:98033,2010:016_802d308e41_8._20Or_Penz_Perm_Samar_Saratov_Uly_2010.xls:!!!:5599,no_accepted_current_representative_point,10.0,26,11.0
2002:051_46e3ecb0a0_02c_Permskaja_obl.xls:Sheet1:1127,2021:data_allsettlements_anon_156_v20251217.parquet:parquet:98034,2010:016_802d308e41_8._20Or_Penz_Perm_Samar_Saratov_Uly_2010.xls:!!!:5600,no_accepted_current_representative_point,3.0,3,0.0
2002:051_46e3ecb0a0_02c_Permskaja_obl.xls:Sheet1:1128,2021:data_allsettlements_anon_156_v20251217.parquet:parquet:98035,2010:016_802d308e41_8._20Or_Penz_Perm_Samar_Saratov_Uly_2010.xls:!!!:5601,no_accepted_current_representative_point,0.0,0,2.0
2002:051_46e3ecb0a0_02c_Permskaja_obl.xls:Sheet1:1697,2021:data_allsettlements_anon_156_v20251217.parquet:parquet:96298,2010:016_802d308e41_8._20Or_Penz_Perm_Samar_Saratov_Uly_2010.xls:!!!:6041,no_accepted_current_representative_point,155.0,146,107.0
2002:051_46e3ecb0a0_02c_Permskaja_obl.xls:Sheet1:2064,2021:data_allsettlements_anon_156_v20251217.parquet:parquet:97025,2010:016_802d308e41_8._20Or_Penz_Perm_Samar_Saratov_Uly_2010.xls:!!!:6295,no_accepted_current_representative_point,1.0,0,1.0
2002:051_46e3ecb0a0_02c_Permskaja_obl.xls:Sheet1:2266,2021:data_allsettlements_anon_156_v20251217.parquet:parquet:97026,2010:016_802d308e41_8._20Or_Penz_Perm_Samar_Saratov_Uly_2010.xls:!!!:6468,no_accepted_current_representative_point,9.0,14,9.0
