group,from_observation_id,to_observation_id,relation,ordinary_same_place,boundary_comparability,candidate_only,decision_status
Podolsk_Klimovsk_Lvovskiy,named_merger:Podolsk_Klimovsk_Lvovskiy:2002,named_merger:Podolsk_Klimovsk_Lvovskiy:2010,complete_named_merger_lineage,False,UNKNOWN,False,accepted_complete_named_event_scope_secondary_legal_text
Podolsk_Klimovsk_Lvovskiy,named_merger:Podolsk_Klimovsk_Lvovskiy:2010,named_merger:Podolsk_Klimovsk_Lvovskiy:2021,complete_named_merger_lineage,False,UNKNOWN,False,accepted_complete_named_event_scope_secondary_legal_text
Balashikha_Zheleznodorozhny,named_merger:Balashikha_Zheleznodorozhny:2002,named_merger:Balashikha_Zheleznodorozhny:2010,complete_named_merger_lineage,False,UNKNOWN,False,accepted_complete_named_event_scope_secondary_legal_text
Balashikha_Zheleznodorozhny,named_merger:Balashikha_Zheleznodorozhny:2010,named_merger:Balashikha_Zheleznodorozhny:2021,complete_named_merger_lineage,False,UNKNOWN,False,accepted_complete_named_event_scope_secondary_legal_text
Korolev_Yubileiny,named_merger:Korolev_Yubileiny:2002,named_merger:Korolev_Yubileiny:2010,complete_named_merger_lineage,False,UNKNOWN,False,accepted_complete_named_event_scope_secondary_legal_text
Korolev_Yubileiny,named_merger:Korolev_Yubileiny:2010,named_merger:Korolev_Yubileiny:2021,complete_named_merger_lineage,False,UNKNOWN,False,accepted_complete_named_event_scope_secondary_legal_text
Krasnodar_2003_named,named_merger:Krasnodar_2003_named:2002,named_merger:Krasnodar_2003_named:2010,complete_named_merger_lineage,False,UNKNOWN,False,accepted_complete_named_event_scope_secondary_event_witness
Krasnodar_2003_named,named_merger:Krasnodar_2003_named:2010,named_merger:Krasnodar_2003_named:2021,complete_named_merger_lineage,False,UNKNOWN,False,accepted_complete_named_event_scope_secondary_event_witness
Khimki_2004_named,named_merger:Khimki_2004_named:2002,named_merger:Khimki_2004_named:2010,complete_named_merger_lineage,False,UNKNOWN,False,accepted_complete_named_event_scope_secondary_event_witness
Khimki_2004_named,named_merger:Khimki_2004_named:2010,named_merger:Khimki_2004_named:2021,complete_named_merger_lineage,False,UNKNOWN,False,accepted_complete_named_event_scope_secondary_event_witness
Tula_2005_named,named_merger:Tula_2005_named:2002,named_merger:Tula_2005_named:2010,complete_named_merger_lineage,False,UNKNOWN,False,accepted_complete_named_event_scope_secondary_event_witness
Tula_2005_named,named_merger:Tula_2005_named:2010,named_merger:Tula_2005_named:2021,complete_named_merger_lineage,False,UNKNOWN,False,accepted_complete_named_event_scope_secondary_event_witness
Donskoy_2005_named,named_merger:Donskoy_2005_named:2002,named_merger:Donskoy_2005_named:2010,complete_named_merger_lineage,False,UNKNOWN,False,accepted_complete_named_event_scope_secondary_event_witness
Donskoy_2005_named,named_merger:Donskoy_2005_named:2010,named_merger:Donskoy_2005_named:2021,complete_named_merger_lineage,False,UNKNOWN,False,accepted_complete_named_event_scope_secondary_event_witness
Kemerovo_2004_named,named_merger:Kemerovo_2004_named:2002,named_merger:Kemerovo_2004_named:2010,complete_named_merger_lineage,False,UNKNOWN,False,accepted_complete_named_event_scope_secondary_archived_event_witness
Kemerovo_2004_named,named_merger:Kemerovo_2004_named:2010,named_merger:Kemerovo_2004_named:2021,complete_named_merger_lineage,False,UNKNOWN,False,accepted_complete_named_event_scope_secondary_archived_event_witness
Novokuznetsk_2004_named,named_merger:Novokuznetsk_2004_named:2002,named_merger:Novokuznetsk_2004_named:2010,complete_named_merger_lineage,False,UNKNOWN,False,accepted_complete_named_event_scope_secondary_archived_event_witness
Novokuznetsk_2004_named,named_merger:Novokuznetsk_2004_named:2010,named_merger:Novokuznetsk_2004_named:2021,complete_named_merger_lineage,False,UNKNOWN,False,accepted_complete_named_event_scope_secondary_archived_event_witness
