target_2010_source_record_id,2002_endpoint_source_record_id,2021_endpoint_source_record_id,settlement_name,type_2010,type_2002,type_2021,printed_type_variation_flag,region_norm,inferred_county_key,historical_county_raw,current_county_raw,historical_current_county_change_flag,population_2002,population_2010_protected_unchanged,population_2021,candidate_status,source_file,source_sha256,source_sheet,source_row_1based,raw_label,raw_cells,label_column_1based,population_column_1based,latitude,longitude,current_point_ledger,current_point_origin_file,current_point_origin_sha256,current_point_origin_locator,source_population_values_modified,source_district_field_modified,population_boundary_comparability_asserted,inference,lower_anchor_2010_id,lower_anchor_current_id,lower_anchor_source_row,upper_anchor_2010_id,upper_anchor_current_id,upper_anchor_source_row,raw_parent_headers_in_bracket,population_ratio_max_over_min_three_years,population_scope_review_flag,clean_core_for_simulation
2010:010_711691e352_2._20Kostrom_Kur_Lip_Moscow_MoscObl_Orlov_2010.xls:Data Sheet:12447,2002:010_3e630cc803_02c_Moskovskaya-oblast.xls:Sheet1:4902,2021:data_allsettlements_anon_156_v20251217.parquet:parquet:69629,Залесье,деревня,деревня,деревня,False,московская,раменский,Раменский район,Раменский городской округ,False,8.0,20.0,12.0,candidate_only_requires_review,/workspace/settlements-raw/data/raw/2010/010_711691e352_2._20Kostrom_Kur_Lip_Moscow_MoscObl_Orlov_2010.xls,cf5b5d57327bf0d32723a7f49bb58db503a201af83a6e2bda4b874986f864167,Data Sheet,12447,деревня Залесье,12444.0 | Моск.обл. | деревня Залесье | 20.0 | 16.0 | 17.0,4,5,55.3290761,38.0383741,/workspace/russian-settlements-research/research_rebuild/evidence/current_residual_ownlocality_points_20261005/accepted_point_use_delta.csv.gz,/workspace/settlements-raw/data/interim/2021_tochno/data_allsettlements_anon_156_v20251217.parquet,86c197cd522e0b63669e9c6e7f43fd3d82b3704c6a126c800a9968ecd16cae14,parquet row 1-based=69629; raw row sha256=dc1fd8f05ed78bd1f7a0b2ce48929745a88b71f2b81130f2a24fbc04b4f42ef7,False,False,False,two_distinct_name_accepted_neighbors_within_20_physical_rows,2010:010_711691e352_2._20Kostrom_Kur_Lip_Moscow_MoscObl_Orlov_2010.xls:Data Sheet:12446,2021:data_allsettlements_anon_156_v20251217.parquet:parquet:69623,12446,2010:010_711691e352_2._20Kostrom_Kur_Lip_Moscow_MoscObl_Orlov_2010.xls:Data Sheet:12452,2021:data_allsettlements_anon_156_v20251217.parquet:parquet:69710,12452,[],2.5,True,False
2010:011_040325482b_3._20Ryaz_Smol_Tambov_Tula_Jaroslavl_20L1_20ethn_2010.xls:Data Sheet:16038,2002:017_6374fdddeb_02c_Yaroslavskaja.xls:Sheet1:3436,2021:data_allsettlements_anon_156_v20251217.parquet:parquet:173121,Михальцево,деревня,деревня,деревня,False,ярославская,переславль залесский,Переславский район,Городской округ город Переславль-Залесский,True,9.0,0.0,1.0,candidate_only_requires_review,/workspace/settlements-raw/data/raw/2010/011_040325482b_3._20Ryaz_Smol_Tambov_Tula_Jaroslavl_20L1_20ethn_2010.xls,a3c69e68dfa35bfb0964a15f0f46b258500fab3e61ff3271ef9584e055d6efca,Data Sheet,16038,деревня Михальцево,16036.0 | Ярославская | деревня Михальцево | 0.0,4,5,56.8973116,38.2193565,/workspace/russian-settlements-research/research_rebuild/evidence/current_residual_ownlocality_points_20261005/accepted_point_use_delta.csv.gz,/workspace/settlements-raw/data/interim/2021_tochno/data_allsettlements_anon_156_v20251217.parquet,86c197cd522e0b63669e9c6e7f43fd3d82b3704c6a126c800a9968ecd16cae14,parquet row 1-based=173121; raw row sha256=b1fe62991d58463ce14784ba34354621da3064df32b49fadd30e138dcff2a0e8,False,False,False,two_distinct_name_accepted_neighbors_within_20_physical_rows,2010:011_040325482b_3._20Ryaz_Smol_Tambov_Tula_Jaroslavl_20L1_20ethn_2010.xls:Data Sheet:16036,2021:data_allsettlements_anon_156_v20251217.parquet:parquet:173119,16036,2010:011_040325482b_3._20Ryaz_Smol_Tambov_Tula_Jaroslavl_20L1_20ethn_2010.xls:Data Sheet:16040,2021:data_allsettlements_anon_156_v20251217.parquet:parquet:173124,16040,[],,True,False
2010:016_802d308e41_8._20Or_Penz_Perm_Samar_Saratov_Uly_2010.xls:!!!:6065,2002:051_46e3ecb0a0_02c_Permskaja_obl.xls:Sheet1:1729,2021:data_allsettlements_anon_156_v20251217.parquet:parquet:96244,Ефтята,деревня,деревня,деревня,False,пермский,кишертский,Кишертский район,Кишертский муниципальный округ,False,3.0,0.0,2.0,candidate_only_requires_review,/workspace/settlements-raw/data/raw/2010/016_802d308e41_8._20Or_Penz_Perm_Samar_Saratov_Uly_2010.xls,754aae620807b1275e59fc7bf8ce086ca91e7ec863d4d304f5a0a8b228a8d990,!!!,6065,д. Ефтята,6060.0 | Перм.кр. | д. Ефтята | 0.0 | 0.0,6,7,57.3930345,57.2306621,/workspace/settlements-work/continuation_20261004/accepted_graph25_bounded_cases_20261005/accepted_point_uses.parquet,/workspace/settlements-raw/data/interim/2021_tochno/data_allsettlements_anon_156_v20251217.parquet,86c197cd522e0b63669e9c6e7f43fd3d82b3704c6a126c800a9968ecd16cae14,"parquet row 1-based=96244; fields=latitude_dadata,longitude_dadata; native_OKTMO=57524000246",False,False,False,two_distinct_name_accepted_neighbors_within_20_physical_rows,2010:016_802d308e41_8._20Or_Penz_Perm_Samar_Saratov_Uly_2010.xls:!!!:6064,2021:data_allsettlements_anon_156_v20251217.parquet:parquet:96289,6064,2010:016_802d308e41_8._20Or_Penz_Perm_Samar_Saratov_Uly_2010.xls:!!!:6066,2021:data_allsettlements_anon_156_v20251217.parquet:parquet:96256,6066,[],,True,False
2010:011_040325482b_3._20Ryaz_Smol_Tambov_Tula_Jaroslavl_20L1_20ethn_2010.xls:Data Sheet:2989,2002:013_2dd2afccd6_02c_Smolenskaja.xls:Sheet1:258,2021:data_allsettlements_anon_156_v20251217.parquet:parquet:121846,Мелихово,деревня,деревня,деревня,False,смоленская,вяземский,Вяземский район,Вяземский муниципальный район,False,5.0,0.0,0.0,candidate_only_requires_review,/workspace/settlements-raw/data/raw/2010/011_040325482b_3._20Ryaz_Smol_Tambov_Tula_Jaroslavl_20L1_20ethn_2010.xls,a3c69e68dfa35bfb0964a15f0f46b258500fab3e61ff3271ef9584e055d6efca,Data Sheet,2989,деревня Мелихово,2987.0 | Смоленская | деревня Мелихово | 0.0,4,5,55.0838954,34.5678691,/workspace/russian-settlements-research/research_rebuild/evidence/current_residual_ownlocality_points_20261005/accepted_point_use_delta.csv.gz,/workspace/settlements-raw/data/interim/2021_tochno/data_allsettlements_anon_156_v20251217.parquet,86c197cd522e0b63669e9c6e7f43fd3d82b3704c6a126c800a9968ecd16cae14,parquet row 1-based=121846; raw row sha256=49f3f7f8b846ee94019c94b289366d913c3700e5fad1fc61a1b118f7f236db75,False,False,False,two_distinct_name_accepted_neighbors_within_20_physical_rows,2010:011_040325482b_3._20Ryaz_Smol_Tambov_Tula_Jaroslavl_20L1_20ethn_2010.xls:Data Sheet:2988,2021:data_allsettlements_anon_156_v20251217.parquet:parquet:121845,2988,2010:011_040325482b_3._20Ryaz_Smol_Tambov_Tula_Jaroslavl_20L1_20ethn_2010.xls:Data Sheet:2991,2021:data_allsettlements_anon_156_v20251217.parquet:parquet:121852,2991,[],,True,False
2010:016_802d308e41_8._20Or_Penz_Perm_Samar_Saratov_Uly_2010.xls:!!!:5737,2002:051_46e3ecb0a0_02c_Permskaja_obl.xls:Sheet1:1298,2021:data_allsettlements_anon_156_v20251217.parquet:parquet:99159,Савенки,деревня,деревня,деревня,False,пермский,ильинский,Ильинский район,Ильинский городской округ,False,4.0,0.0,1.0,candidate_only_requires_review,/workspace/settlements-raw/data/raw/2010/016_802d308e41_8._20Or_Penz_Perm_Samar_Saratov_Uly_2010.xls,754aae620807b1275e59fc7bf8ce086ca91e7ec863d4d304f5a0a8b228a8d990,!!!,5737,д. Савенки,5732.0 | Перм.кр. | д. Савенки | 0.0 | 0.0,6,7,58.6479222,55.7852932,/workspace/russian-settlements-research/research_rebuild/evidence/current_residual_ownlocality_points_20261005/accepted_point_use_delta.csv.gz,/workspace/settlements-raw/data/interim/2021_tochno/data_allsettlements_anon_156_v20251217.parquet,86c197cd522e0b63669e9c6e7f43fd3d82b3704c6a126c800a9968ecd16cae14,parquet row 1-based=99159; raw row sha256=dc8e6e2256dce6c9178191d75c9dfd8a1d9176208280474ec262b5ba4b21fa84,False,False,False,two_distinct_name_accepted_neighbors_within_20_physical_rows,2010:016_802d308e41_8._20Or_Penz_Perm_Samar_Saratov_Uly_2010.xls:!!!:5736,2021:data_allsettlements_anon_156_v20251217.parquet:parquet:99126,5736,2010:016_802d308e41_8._20Or_Penz_Perm_Samar_Saratov_Uly_2010.xls:!!!:5738,2021:data_allsettlements_anon_156_v20251217.parquet:parquet:99164,5738,[],,True,False
2010:010_711691e352_2._20Kostrom_Kur_Lip_Moscow_MoscObl_Orlov_2010.xls:Data Sheet:6742,2002:009_fc0fd8cf1b_02c_Lipetskaja.xls:Sheet1:511,2021:data_allsettlements_anon_156_v20251217.parquet:parquet:59111,Никольское,деревня,село,деревня,True,липецкая,добровский,Добровский район,Добровский муниципальный район,False,70.0,37.0,59.0,candidate_only_requires_review,/workspace/settlements-raw/data/raw/2010/010_711691e352_2._20Kostrom_Kur_Lip_Moscow_MoscObl_Orlov_2010.xls,cf5b5d57327bf0d32723a7f49bb58db503a201af83a6e2bda4b874986f864167,Data Sheet,6742,деревня Никольское,6739.0 | Липецкая | деревня Никольское | 37.0 | 37.0 | 37.0,4,5,52.935974,39.604556,/workspace/settlements-work/continuation_20261004/accepted_graph25_bounded_cases_20261005/accepted_point_uses.parquet,/workspace/settlements-raw/data/raw/wikidata_truthy_claims/batch_0082.jsonl.gz,7ae03839d7ad734f6080ee22fdb5a07a75772c221ff1f16e2f379f25f6a57ea1,"{""line_number"": 8557, ""locator"": ""batch_0082.jsonl.gz#line=8557"", ""retrieved_at_utc"": ""2026-08-31T20:58:46.054567+00:00"", ""source_file"": ""batch_0082.jsonl.gz"", ""value_raw"": ""POINT(39.604556 52.935974)""}",False,False,False,two_distinct_name_accepted_neighbors_within_20_physical_rows,2010:010_711691e352_2._20Kostrom_Kur_Lip_Moscow_MoscObl_Orlov_2010.xls:Data Sheet:6741,2021:data_allsettlements_anon_156_v20251217.parquet:parquet:59110,6741,2010:010_711691e352_2._20Kostrom_Kur_Lip_Moscow_MoscObl_Orlov_2010.xls:Data Sheet:6743,2021:data_allsettlements_anon_156_v20251217.parquet:parquet:59113,6743,[],1.8918918918918919,False,False
2010:010_711691e352_2._20Kostrom_Kur_Lip_Moscow_MoscObl_Orlov_2010.xls:Data Sheet:11793,2002:010_3e630cc803_02c_Moskovskaya-oblast.xls:Sheet1:4187,2021:data_allsettlements_anon_156_v20251217.parquet:parquet:68770,Крюково,деревня,деревня,деревня,False,московская,одинцовский,Одинцовский район,Одинцовский городской округ,False,244.0,178.0,39.0,candidate_only_requires_review,/workspace/settlements-raw/data/raw/2010/010_711691e352_2._20Kostrom_Kur_Lip_Moscow_MoscObl_Orlov_2010.xls,cf5b5d57327bf0d32723a7f49bb58db503a201af83a6e2bda4b874986f864167,Data Sheet,11793,деревня Крюково,11790.0 | Моск.обл. | деревня Крюково | 178.0 | 169.0 | 152.0 | 5.0 | 12.0 | 10.0,4,5,55.6547048,37.1733189,/workspace/settlements-work/continuation_20261004/accepted_graph25_bounded_cases_20261005/accepted_point_uses.parquet,/workspace/settlements-raw/data/interim/2021_tochno/data_allsettlements_anon_156_v20251217.parquet,86c197cd522e0b63669e9c6e7f43fd3d82b3704c6a126c800a9968ecd16cae14,"parquet_row_1based=68770;latitude_dadata,longitude_dadata",False,False,False,two_distinct_name_accepted_neighbors_within_20_physical_rows,2010:010_711691e352_2._20Kostrom_Kur_Lip_Moscow_MoscObl_Orlov_2010.xls:Data Sheet:11791,2021:data_allsettlements_anon_156_v20251217.parquet:parquet:68739,11791,2010:010_711691e352_2._20Kostrom_Kur_Lip_Moscow_MoscObl_Orlov_2010.xls:Data Sheet:11794,2021:data_allsettlements_anon_156_v20251217.parquet:parquet:68775,11794,[],6.256410256410256,True,False
2010:016_802d308e41_8._20Or_Penz_Perm_Samar_Saratov_Uly_2010.xls:!!!:7354,2002:051_46e3ecb0a0_02c_Permskaja_obl.xls:Sheet1:3398,2021:data_allsettlements_anon_156_v20251217.parquet:parquet:98628,Володино,деревня,деревня,деревня,False,пермский,соликамский,Соликамский район,Соликамский городской округ,False,16.0,12.0,47.0,candidate_only_requires_review,/workspace/settlements-raw/data/raw/2010/016_802d308e41_8._20Or_Penz_Perm_Samar_Saratov_Uly_2010.xls,754aae620807b1275e59fc7bf8ce086ca91e7ec863d4d304f5a0a8b228a8d990,!!!,7354,д. Володино,7349.0 | Перм.кр. | д. Володино | 12.0 | 12.0 | 12.0 | 0.0 | 0.0 | 12.0 | 12.0,6,7,59.5472056,56.886123,/workspace/russian-settlements-research/research_rebuild/evidence/current_residual_ownlocality_points_20261005/accepted_point_use_delta.csv.gz,/workspace/settlements-raw/data/interim/2021_tochno/data_allsettlements_anon_156_v20251217.parquet,86c197cd522e0b63669e9c6e7f43fd3d82b3704c6a126c800a9968ecd16cae14,parquet row 1-based=98628; raw row sha256=000ec34ae33f6b3efe8c8855587acbca269d1e62334987a281adc0fd511edda3,False,False,False,two_distinct_name_accepted_neighbors_within_20_physical_rows,2010:016_802d308e41_8._20Or_Penz_Perm_Samar_Saratov_Uly_2010.xls:!!!:7353,2021:data_allsettlements_anon_156_v20251217.parquet:parquet:98630,7353,2010:016_802d308e41_8._20Or_Penz_Perm_Samar_Saratov_Uly_2010.xls:!!!:7355,2021:data_allsettlements_anon_156_v20251217.parquet:parquet:98629,7355,[],3.9166666666666665,True,False
2010:010_711691e352_2._20Kostrom_Kur_Lip_Moscow_MoscObl_Orlov_2010.xls:Data Sheet:8289,2002:010_3e630cc803_02c_Moskovskaya-oblast.xls:Sheet1:61,2021:data_allsettlements_anon_156_v20251217.parquet:parquet:65454,Рождествено,деревня,деревня,деревня,False,московская,волоколамский,Волоколамский район,Волоколамский городской округ,False,124.0,553.0,306.0,candidate_only_requires_review,/workspace/settlements-raw/data/raw/2010/010_711691e352_2._20Kostrom_Kur_Lip_Moscow_MoscObl_Orlov_2010.xls,cf5b5d57327bf0d32723a7f49bb58db503a201af83a6e2bda4b874986f864167,Data Sheet,8289,деревня Рождествено,8286.0 | Моск.обл. | деревня Рождествено | 553.0 | 104.0 | 553.0 | 429.0 | 6.0 | 10.0 | 4.0,4,5,56.0437992,36.0791013,/workspace/russian-settlements-research/research_rebuild/evidence/current_residual_ownlocality_points_20261005/accepted_point_use_delta.csv.gz,/workspace/settlements-raw/data/interim/2021_tochno/data_allsettlements_anon_156_v20251217.parquet,86c197cd522e0b63669e9c6e7f43fd3d82b3704c6a126c800a9968ecd16cae14,parquet row 1-based=65454; raw row sha256=05481043a26077b1bbb418f97f9fee2186912f33549da088258fb01af821895b,False,False,False,two_distinct_name_accepted_neighbors_within_20_physical_rows,2010:010_711691e352_2._20Kostrom_Kur_Lip_Moscow_MoscObl_Orlov_2010.xls:Data Sheet:8288,2021:data_allsettlements_anon_156_v20251217.parquet:parquet:65446,8288,2010:010_711691e352_2._20Kostrom_Kur_Lip_Moscow_MoscObl_Orlov_2010.xls:Data Sheet:8291,2021:data_allsettlements_anon_156_v20251217.parquet:parquet:65477,8291,[],4.459677419354839,True,False
2010:016_802d308e41_8._20Or_Penz_Perm_Samar_Saratov_Uly_2010.xls:!!!:1378,2002:049_8bbd34a852_Orenburgskaja1.xls:Sheet1:144,2021:data_allsettlements_anon_156_v20251217.parquet:parquet:86270,Первомайский,посёлок,посёлок,посёлок,False,оренбургская,абдулинский,Абдулинский район,Абдулинский городской округ,False,554.0,247.0,127.0,candidate_only_requires_review,/workspace/settlements-raw/data/raw/2010/016_802d308e41_8._20Or_Penz_Perm_Samar_Saratov_Uly_2010.xls,754aae620807b1275e59fc7bf8ce086ca91e7ec863d4d304f5a0a8b228a8d990,!!!,1378,посёлок Первомайский,1373.0 | Оренбургская область | посёлок Первомайский | 247.0 | 247.0 | морд | 21.45748987854251 | 123.0 | 32.79352226720648 | 50.20242914979757 | 2.42914979757085 | 6.0 | 166.0 | 4.0 | 10.0 | 82.0 | 21.45748987854251 | 53.0 | 4.0 | 24.696356275303643 | 61.0 | 5.0 | 2.42914979757085 | 6.0 | 10.0 | 6.0 | 6.0 | 6.0 | 24.0 | 247.0,6,7,53.6141,53.8503,/workspace/settlements-work/continuation_20261004/accepted_graph25_bounded_cases_20261005/accepted_point_uses.parquet,/workspace/settlements-raw/data/raw/wikidata_truthy_claims/batch_0041.jsonl.gz,e7ba968e98de77103d22389d14f35bb1c600069c2e462f1fa795ea0f74bf42d5,"{""line_number"": 7553, ""locator"": ""batch_0041.jsonl.gz#line=7553"", ""retrieved_at_utc"": ""2026-08-31T20:57:55.872063+00:00"", ""source_file"": ""batch_0041.jsonl.gz"", ""value_raw"": ""POINT(53.850300 53.614100)""}",False,False,False,two_distinct_name_accepted_neighbors_within_20_physical_rows,2010:016_802d308e41_8._20Or_Penz_Perm_Samar_Saratov_Uly_2010.xls:!!!:1377,2021:data_allsettlements_anon_156_v20251217.parquet:parquet:86269,1377,2010:016_802d308e41_8._20Or_Penz_Perm_Samar_Saratov_Uly_2010.xls:!!!:1379,2021:data_allsettlements_anon_156_v20251217.parquet:parquet:86271,1379,[],4.362204724409449,True,False
2010:011_040325482b_3._20Ryaz_Smol_Tambov_Tula_Jaroslavl_20L1_20ethn_2010.xls:Data Sheet:2993,2002:013_2dd2afccd6_02c_Smolenskaja.xls:Sheet1:262,2021:data_allsettlements_anon_156_v20251217.parquet:parquet:121863,Устье,деревня,деревня,деревня,False,смоленская,вяземский,Вяземский район,Вяземский муниципальный район,False,8.0,0.0,1.0,candidate_only_requires_review,/workspace/settlements-raw/data/raw/2010/011_040325482b_3._20Ryaz_Smol_Tambov_Tula_Jaroslavl_20L1_20ethn_2010.xls,a3c69e68dfa35bfb0964a15f0f46b258500fab3e61ff3271ef9584e055d6efca,Data Sheet,2993,деревня Устье,2991.0 | Смоленская | деревня Устье | 0.0,4,5,55.0967734,34.5408005,/workspace/russian-settlements-research/research_rebuild/evidence/current_residual_ownlocality_points_20261005/accepted_point_use_delta.csv.gz,/workspace/settlements-raw/data/interim/2021_tochno/data_allsettlements_anon_156_v20251217.parquet,86c197cd522e0b63669e9c6e7f43fd3d82b3704c6a126c800a9968ecd16cae14,parquet row 1-based=121863; raw row sha256=87fdd0ba50386f4fb8d7447fb8dfaf31f353fcf4a8f0f5472b00d11203b4ac84,False,False,False,two_distinct_name_accepted_neighbors_within_20_physical_rows,2010:011_040325482b_3._20Ryaz_Smol_Tambov_Tula_Jaroslavl_20L1_20ethn_2010.xls:Data Sheet:2992,2021:data_allsettlements_anon_156_v20251217.parquet:parquet:121862,2992,2010:011_040325482b_3._20Ryaz_Smol_Tambov_Tula_Jaroslavl_20L1_20ethn_2010.xls:Data Sheet:2994,2021:data_allsettlements_anon_156_v20251217.parquet:parquet:121981,2994,[],,True,False
2010:012_5c339c0d0e_4._20Vologod_pskov_2010.xls:Data Sheet:11441,2002:027_25f0f7433c_02c_Pskovskaja.xls:!!:3395,2021:data_allsettlements_anon_156_v20251217.parquet:parquet:103537,Жуковичи,деревня,деревня,деревня,False,псковская,новоржевский,Новоржевский район,Новоржевский муниципальный район,False,0.0,0.0,0.0,candidate_only_requires_review,/workspace/settlements-raw/data/raw/2010/012_5c339c0d0e_4._20Vologod_pskov_2010.xls,8f86eaaf6c47fb0d13ce5af84aaba3f1f937ba639e73e436e502c0d453ad28f2,Data Sheet,11441,деревня Жуковичи,11435.0 | Псковская область | деревня Жуковичи | 0.0,5,6,57.0132565,29.4972488,/workspace/settlements-work/continuation_20261004/accepted_graph25_bounded_cases_20261005/accepted_point_uses.parquet,/workspace/settlements-raw/data/interim/2021_tochno/data_allsettlements_anon_156_v20251217.parquet,86c197cd522e0b63669e9c6e7f43fd3d82b3704c6a126c800a9968ecd16cae14,"parquet_row_1based=103537;latitude_dadata,longitude_dadata",False,False,False,two_distinct_name_accepted_neighbors_within_20_physical_rows,2010:012_5c339c0d0e_4._20Vologod_pskov_2010.xls:Data Sheet:11440,2021:data_allsettlements_anon_156_v20251217.parquet:parquet:103535,11440,2010:012_5c339c0d0e_4._20Vologod_pskov_2010.xls:Data Sheet:11444,2021:data_allsettlements_anon_156_v20251217.parquet:parquet:103560,11444,[],,False,True
2010:013_f60b2d2bcf_5._20Belg_Bryan_Vlad_Voron_Ivanov_Kalug_20L1_ethn_2010.xls:Data Sheet:6152,2002:003_308406b0ed_02c_Vladimirskaja.xls:Sheet1:2076,2021:data_allsettlements_anon_156_v20251217.parquet:parquet:3186,Дубровка,деревня,деревня,деревня,False,владимирская,собинский,Собинский район,Собинский муниципальный район,False,2.0,3.0,3.0,candidate_only_requires_review,/workspace/settlements-raw/data/raw/2010/013_f60b2d2bcf_5._20Belg_Bryan_Vlad_Voron_Ivanov_Kalug_20L1_ethn_2010.xls,52a7cd38f32d03b79c20b256dfd4019e49a0f7a4bab9d96abc57cbf16e2b90ac,Data Sheet,6152,деревня Дубровка,6151.0 | Владимирская обл. | деревня Дубровка | 3.0 | 5.0 | 3.0,4,5,56.066154,40.029094,/workspace/settlements-work/continuation_20261004/accepted_graph25_bounded_cases_20261005/accepted_point_uses.parquet,/workspace/settlements-raw/data/raw/wikidata_truthy_claims/batch_0060.jsonl.gz,718fc115151431ddf4f0618f6108bfd2b7efbe56a93e1572663adf2152e8afd6,"{""line_number"": 5773, ""locator"": ""batch_0060.jsonl.gz#line=5773"", ""retrieved_at_utc"": ""2026-08-31T20:58:16.757707+00:00"", ""source_file"": ""batch_0060.jsonl.gz"", ""value_raw"": ""POINT(40.029094 56.066154)""}",False,False,False,two_distinct_name_accepted_neighbors_within_20_physical_rows,2010:013_f60b2d2bcf_5._20Belg_Bryan_Vlad_Voron_Ivanov_Kalug_20L1_ethn_2010.xls:Data Sheet:6151,2021:data_allsettlements_anon_156_v20251217.parquet:parquet:3269,6151,2010:013_f60b2d2bcf_5._20Belg_Bryan_Vlad_Voron_Ivanov_Kalug_20L1_ethn_2010.xls:Data Sheet:6154,2021:data_allsettlements_anon_156_v20251217.parquet:parquet:3187,6154,[],1.5,False,True
2010:010_711691e352_2._20Kostrom_Kur_Lip_Moscow_MoscObl_Orlov_2010.xls:Data Sheet:12449,2002:010_3e630cc803_02c_Moskovskaya-oblast.xls:Sheet1:4900,2021:data_allsettlements_anon_156_v20251217.parquet:parquet:69691,Нащекино,деревня,деревня,деревня,False,московская,раменский,Раменский район,Раменский городской округ,False,112.0,121.0,120.0,candidate_only_requires_review,/workspace/settlements-raw/data/raw/2010/010_711691e352_2._20Kostrom_Kur_Lip_Moscow_MoscObl_Orlov_2010.xls,cf5b5d57327bf0d32723a7f49bb58db503a201af83a6e2bda4b874986f864167,Data Sheet,12449,деревня Нащекино,12446.0 | Моск.обл. | деревня Нащекино | 121.0 | 119.0 | 121.0 | 6.0,4,5,55.3309369,38.0619858,/workspace/russian-settlements-research/research_rebuild/evidence/current_residual_ownlocality_points_20261005/accepted_point_use_delta.csv.gz,/workspace/settlements-raw/data/interim/2021_tochno/data_allsettlements_anon_156_v20251217.parquet,86c197cd522e0b63669e9c6e7f43fd3d82b3704c6a126c800a9968ecd16cae14,parquet row 1-based=69691; raw row sha256=2f991d82fc56ab4a3eb5377bdf5f0a44f765cdc86bf8a9ba260d83b9ecbfa8f3,False,False,False,two_distinct_name_accepted_neighbors_within_20_physical_rows,2010:010_711691e352_2._20Kostrom_Kur_Lip_Moscow_MoscObl_Orlov_2010.xls:Data Sheet:12446,2021:data_allsettlements_anon_156_v20251217.parquet:parquet:69623,12446,2010:010_711691e352_2._20Kostrom_Kur_Lip_Moscow_MoscObl_Orlov_2010.xls:Data Sheet:12452,2021:data_allsettlements_anon_156_v20251217.parquet:parquet:69710,12452,[],1.0803571428571428,False,True
2010:010_711691e352_2._20Kostrom_Kur_Lip_Moscow_MoscObl_Orlov_2010.xls:Data Sheet:11009,2002:010_3e630cc803_02c_Moskovskaya-oblast.xls:Sheet1:3310,2021:data_allsettlements_anon_156_v20251217.parquet:parquet:67765,Голышкино,деревня,деревня,деревня,False,московская,можайский,Можайский район,Можайский городской округ,False,11.0,7.0,30.0,candidate_only_requires_review,/workspace/settlements-raw/data/raw/2010/010_711691e352_2._20Kostrom_Kur_Lip_Moscow_MoscObl_Orlov_2010.xls,cf5b5d57327bf0d32723a7f49bb58db503a201af83a6e2bda4b874986f864167,Data Sheet,11009,деревня Голышкино,11006.0 | Моск.обл. | деревня Голышкино | 7.0 | 7.0 | 7.0 | 5.0,4,5,55.6513086,35.5448998,/workspace/russian-settlements-research/research_rebuild/evidence/current_residual_ownlocality_points_20261005/accepted_point_use_delta.csv.gz,/workspace/settlements-raw/data/interim/2021_tochno/data_allsettlements_anon_156_v20251217.parquet,86c197cd522e0b63669e9c6e7f43fd3d82b3704c6a126c800a9968ecd16cae14,parquet row 1-based=67765; raw row sha256=4c414cbafeea05d327068f7ba29dd6502f246789ced16e6a7e17c2ebeb29e249,False,False,False,two_distinct_name_accepted_neighbors_within_20_physical_rows,2010:010_711691e352_2._20Kostrom_Kur_Lip_Moscow_MoscObl_Orlov_2010.xls:Data Sheet:11008,2021:data_allsettlements_anon_156_v20251217.parquet:parquet:67762,11008,2010:010_711691e352_2._20Kostrom_Kur_Lip_Moscow_MoscObl_Orlov_2010.xls:Data Sheet:11012,2021:data_allsettlements_anon_156_v20251217.parquet:parquet:67777,11012,[],4.285714285714286,True,False
