source_record_id,census_year,region_norm_original_import,region_raw_original_import,effective_region_norm,source_file_original_import,interpretation_status,interpretation_rule,source_namespace_witness_file,source_namespace_witness_sha256,source_namespace_witness_locator,source_population_modified,raw_source_metadata_overwritten
2002:086_3c3b73a0d2_EvrejskajaAO.xls:Sheet1:10,2002,086_3c3b73a0d2_evrejskajaao,086_3c3b73a0d2_EvrejskajaAO,еврейская,data/raw/2002/086_3c3b73a0d2_EvrejskajaAO.xls,checked_source_header_interpretation_accepted,Exact raw Sheet1!A1 Еврейская АО; source-specific filename namespace only,/workspace/settlements-raw/data/raw/2002/086_3c3b73a0d2_EvrejskajaAO.xls,2cffde46129370d86539f8978fd8d17ab4e5338a213ab4e9baf62e66e2159299,Sheet1!A1,False,False
2002:086_3c3b73a0d2_EvrejskajaAO.xls:Sheet1:100,2002,086_3c3b73a0d2_evrejskajaao,086_3c3b73a0d2_EvrejskajaAO,еврейская,data/raw/2002/086_3c3b73a0d2_EvrejskajaAO.xls,checked_source_header_interpretation_accepted,Exact raw Sheet1!A1 Еврейская АО; source-specific filename namespace only,/workspace/settlements-raw/data/raw/2002/086_3c3b73a0d2_EvrejskajaAO.xls,2cffde46129370d86539f8978fd8d17ab4e5338a213ab4e9baf62e66e2159299,Sheet1!A1,False,False
2002:086_3c3b73a0d2_EvrejskajaAO.xls:Sheet1:101,2002,086_3c3b73a0d2_evrejskajaao,086_3c3b73a0d2_EvrejskajaAO,еврейская,data/raw/2002/086_3c3b73a0d2_EvrejskajaAO.xls,checked_source_header_interpretation_accepted,Exact raw Sheet1!A1 Еврейская АО; source-specific filename namespace only,/workspace/settlements-raw/data/raw/2002/086_3c3b73a0d2_EvrejskajaAO.xls,2cffde46129370d86539f8978fd8d17ab4e5338a213ab4e9baf62e66e2159299,Sheet1!A1,False,False
2002:086_3c3b73a0d2_EvrejskajaAO.xls:Sheet1:103,2002,086_3c3b73a0d2_evrejskajaao,086_3c3b73a0d2_EvrejskajaAO,еврейская,data/raw/2002/086_3c3b73a0d2_EvrejskajaAO.xls,checked_source_header_interpretation_accepted,Exact raw Sheet1!A1 Еврейская АО; source-specific filename namespace only,/workspace/settlements-raw/data/raw/2002/086_3c3b73a0d2_EvrejskajaAO.xls,2cffde46129370d86539f8978fd8d17ab4e5338a213ab4e9baf62e66e2159299,Sheet1!A1,False,False
2002:086_3c3b73a0d2_EvrejskajaAO.xls:Sheet1:104,2002,086_3c3b73a0d2_evrejskajaao,086_3c3b73a0d2_EvrejskajaAO,еврейская,data/raw/2002/086_3c3b73a0d2_EvrejskajaAO.xls,checked_source_header_interpretation_accepted,Exact raw Sheet1!A1 Еврейская АО; source-specific filename namespace only,/workspace/settlements-raw/data/raw/2002/086_3c3b73a0d2_EvrejskajaAO.xls,2cffde46129370d86539f8978fd8d17ab4e5338a213ab4e9baf62e66e2159299,Sheet1!A1,False,False
2002:086_3c3b73a0d2_EvrejskajaAO.xls:Sheet1:105,2002,086_3c3b73a0d2_evrejskajaao,086_3c3b73a0d2_EvrejskajaAO,еврейская,data/raw/2002/086_3c3b73a0d2_EvrejskajaAO.xls,checked_source_header_interpretation_accepted,Exact raw Sheet1!A1 Еврейская АО; source-specific filename namespace only,/workspace/settlements-raw/data/raw/2002/086_3c3b73a0d2_EvrejskajaAO.xls,2cffde46129370d86539f8978fd8d17ab4e5338a213ab4e9baf62e66e2159299,Sheet1!A1,False,False
2002:086_3c3b73a0d2_EvrejskajaAO.xls:Sheet1:107,2002,086_3c3b73a0d2_evrejskajaao,086_3c3b73a0d2_EvrejskajaAO,еврейская,data/raw/2002/086_3c3b73a0d2_EvrejskajaAO.xls,checked_source_header_interpretation_accepted,Exact raw Sheet1!A1 Еврейская АО; source-specific filename namespace only,/workspace/settlements-raw/data/raw/2002/086_3c3b73a0d2_EvrejskajaAO.xls,2cffde46129370d86539f8978fd8d17ab4e5338a213ab4e9baf62e66e2159299,Sheet1!A1,False,False
2002:086_3c3b73a0d2_EvrejskajaAO.xls:Sheet1:108,2002,086_3c3b73a0d2_evrejskajaao,086_3c3b73a0d2_EvrejskajaAO,еврейская,data/raw/2002/086_3c3b73a0d2_EvrejskajaAO.xls,checked_source_header_interpretation_accepted,Exact raw Sheet1!A1 Еврейская АО; source-specific filename namespace only,/workspace/settlements-raw/data/raw/2002/086_3c3b73a0d2_EvrejskajaAO.xls,2cffde46129370d86539f8978fd8d17ab4e5338a213ab4e9baf62e66e2159299,Sheet1!A1,False,False
2002:086_3c3b73a0d2_EvrejskajaAO.xls:Sheet1:11,2002,086_3c3b73a0d2_evrejskajaao,086_3c3b73a0d2_EvrejskajaAO,еврейская,data/raw/2002/086_3c3b73a0d2_EvrejskajaAO.xls,checked_source_header_interpretation_accepted,Exact raw Sheet1!A1 Еврейская АО; source-specific filename namespace only,/workspace/settlements-raw/data/raw/2002/086_3c3b73a0d2_EvrejskajaAO.xls,2cffde46129370d86539f8978fd8d17ab4e5338a213ab4e9baf62e66e2159299,Sheet1!A1,False,False
2002:086_3c3b73a0d2_EvrejskajaAO.xls:Sheet1:110,2002,086_3c3b73a0d2_evrejskajaao,086_3c3b73a0d2_EvrejskajaAO,еврейская,data/raw/2002/086_3c3b73a0d2_EvrejskajaAO.xls,checked_source_header_interpretation_accepted,Exact raw Sheet1!A1 Еврейская АО; source-specific filename namespace only,/workspace/settlements-raw/data/raw/2002/086_3c3b73a0d2_EvrejskajaAO.xls,2cffde46129370d86539f8978fd8d17ab4e5338a213ab4e9baf62e66e2159299,Sheet1!A1,False,False
2002:086_3c3b73a0d2_EvrejskajaAO.xls:Sheet1:115,2002,086_3c3b73a0d2_evrejskajaao,086_3c3b73a0d2_EvrejskajaAO,еврейская,data/raw/2002/086_3c3b73a0d2_EvrejskajaAO.xls,checked_source_header_interpretation_accepted,Exact raw Sheet1!A1 Еврейская АО; source-specific filename namespace only,/workspace/settlements-raw/data/raw/2002/086_3c3b73a0d2_EvrejskajaAO.xls,2cffde46129370d86539f8978fd8d17ab4e5338a213ab4e9baf62e66e2159299,Sheet1!A1,False,False
2002:086_3c3b73a0d2_EvrejskajaAO.xls:Sheet1:116,2002,086_3c3b73a0d2_evrejskajaao,086_3c3b73a0d2_EvrejskajaAO,еврейская,data/raw/2002/086_3c3b73a0d2_EvrejskajaAO.xls,checked_source_header_interpretation_accepted,Exact raw Sheet1!A1 Еврейская АО; source-specific filename namespace only,/workspace/settlements-raw/data/raw/2002/086_3c3b73a0d2_EvrejskajaAO.xls,2cffde46129370d86539f8978fd8d17ab4e5338a213ab4e9baf62e66e2159299,Sheet1!A1,False,False
2002:086_3c3b73a0d2_EvrejskajaAO.xls:Sheet1:118,2002,086_3c3b73a0d2_evrejskajaao,086_3c3b73a0d2_EvrejskajaAO,еврейская,data/raw/2002/086_3c3b73a0d2_EvrejskajaAO.xls,checked_source_header_interpretation_accepted,Exact raw Sheet1!A1 Еврейская АО; source-specific filename namespace only,/workspace/settlements-raw/data/raw/2002/086_3c3b73a0d2_EvrejskajaAO.xls,2cffde46129370d86539f8978fd8d17ab4e5338a213ab4e9baf62e66e2159299,Sheet1!A1,False,False
2002:086_3c3b73a0d2_EvrejskajaAO.xls:Sheet1:119,2002,086_3c3b73a0d2_evrejskajaao,086_3c3b73a0d2_EvrejskajaAO,еврейская,data/raw/2002/086_3c3b73a0d2_EvrejskajaAO.xls,checked_source_header_interpretation_accepted,Exact raw Sheet1!A1 Еврейская АО; source-specific filename namespace only,/workspace/settlements-raw/data/raw/2002/086_3c3b73a0d2_EvrejskajaAO.xls,2cffde46129370d86539f8978fd8d17ab4e5338a213ab4e9baf62e66e2159299,Sheet1!A1,False,False
2002:086_3c3b73a0d2_EvrejskajaAO.xls:Sheet1:121,2002,086_3c3b73a0d2_evrejskajaao,086_3c3b73a0d2_EvrejskajaAO,еврейская,data/raw/2002/086_3c3b73a0d2_EvrejskajaAO.xls,checked_source_header_interpretation_accepted,Exact raw Sheet1!A1 Еврейская АО; source-specific filename namespace only,/workspace/settlements-raw/data/raw/2002/086_3c3b73a0d2_EvrejskajaAO.xls,2cffde46129370d86539f8978fd8d17ab4e5338a213ab4e9baf62e66e2159299,Sheet1!A1,False,False
2002:086_3c3b73a0d2_EvrejskajaAO.xls:Sheet1:122,2002,086_3c3b73a0d2_evrejskajaao,086_3c3b73a0d2_EvrejskajaAO,еврейская,data/raw/2002/086_3c3b73a0d2_EvrejskajaAO.xls,checked_source_header_interpretation_accepted,Exact raw Sheet1!A1 Еврейская АО; source-specific filename namespace only,/workspace/settlements-raw/data/raw/2002/086_3c3b73a0d2_EvrejskajaAO.xls,2cffde46129370d86539f8978fd8d17ab4e5338a213ab4e9baf62e66e2159299,Sheet1!A1,False,False
2002:086_3c3b73a0d2_EvrejskajaAO.xls:Sheet1:124,2002,086_3c3b73a0d2_evrejskajaao,086_3c3b73a0d2_EvrejskajaAO,еврейская,data/raw/2002/086_3c3b73a0d2_EvrejskajaAO.xls,checked_source_header_interpretation_accepted,Exact raw Sheet1!A1 Еврейская АО; source-specific filename namespace only,/workspace/settlements-raw/data/raw/2002/086_3c3b73a0d2_EvrejskajaAO.xls,2cffde46129370d86539f8978fd8d17ab4e5338a213ab4e9baf62e66e2159299,Sheet1!A1,False,False
2002:086_3c3b73a0d2_EvrejskajaAO.xls:Sheet1:126,2002,086_3c3b73a0d2_evrejskajaao,086_3c3b73a0d2_EvrejskajaAO,еврейская,data/raw/2002/086_3c3b73a0d2_EvrejskajaAO.xls,checked_source_header_interpretation_accepted,Exact raw Sheet1!A1 Еврейская АО; source-specific filename namespace only,/workspace/settlements-raw/data/raw/2002/086_3c3b73a0d2_EvrejskajaAO.xls,2cffde46129370d86539f8978fd8d17ab4e5338a213ab4e9baf62e66e2159299,Sheet1!A1,False,False
2002:086_3c3b73a0d2_EvrejskajaAO.xls:Sheet1:128,2002,086_3c3b73a0d2_evrejskajaao,086_3c3b73a0d2_EvrejskajaAO,еврейская,data/raw/2002/086_3c3b73a0d2_EvrejskajaAO.xls,checked_source_header_interpretation_accepted,Exact raw Sheet1!A1 Еврейская АО; source-specific filename namespace only,/workspace/settlements-raw/data/raw/2002/086_3c3b73a0d2_EvrejskajaAO.xls,2cffde46129370d86539f8978fd8d17ab4e5338a213ab4e9baf62e66e2159299,Sheet1!A1,False,False
2002:086_3c3b73a0d2_EvrejskajaAO.xls:Sheet1:129,2002,086_3c3b73a0d2_evrejskajaao,086_3c3b73a0d2_EvrejskajaAO,еврейская,data/raw/2002/086_3c3b73a0d2_EvrejskajaAO.xls,checked_source_header_interpretation_accepted,Exact raw Sheet1!A1 Еврейская АО; source-specific filename namespace only,/workspace/settlements-raw/data/raw/2002/086_3c3b73a0d2_EvrejskajaAO.xls,2cffde46129370d86539f8978fd8d17ab4e5338a213ab4e9baf62e66e2159299,Sheet1!A1,False,False
2002:086_3c3b73a0d2_EvrejskajaAO.xls:Sheet1:13,2002,086_3c3b73a0d2_evrejskajaao,086_3c3b73a0d2_EvrejskajaAO,еврейская,data/raw/2002/086_3c3b73a0d2_EvrejskajaAO.xls,checked_source_header_interpretation_accepted,Exact raw Sheet1!A1 Еврейская АО; source-specific filename namespace only,/workspace/settlements-raw/data/raw/2002/086_3c3b73a0d2_EvrejskajaAO.xls,2cffde46129370d86539f8978fd8d17ab4e5338a213ab4e9baf62e66e2159299,Sheet1!A1,False,False
2002:086_3c3b73a0d2_EvrejskajaAO.xls:Sheet1:131,2002,086_3c3b73a0d2_evrejskajaao,086_3c3b73a0d2_EvrejskajaAO,еврейская,data/raw/2002/086_3c3b73a0d2_EvrejskajaAO.xls,checked_source_header_interpretation_accepted,Exact raw Sheet1!A1 Еврейская АО; source-specific filename namespace only,/workspace/settlements-raw/data/raw/2002/086_3c3b73a0d2_EvrejskajaAO.xls,2cffde46129370d86539f8978fd8d17ab4e5338a213ab4e9baf62e66e2159299,Sheet1!A1,False,False
2002:086_3c3b73a0d2_EvrejskajaAO.xls:Sheet1:133,2002,086_3c3b73a0d2_evrejskajaao,086_3c3b73a0d2_EvrejskajaAO,еврейская,data/raw/2002/086_3c3b73a0d2_EvrejskajaAO.xls,checked_source_header_interpretation_accepted,Exact raw Sheet1!A1 Еврейская АО; source-specific filename namespace only,/workspace/settlements-raw/data/raw/2002/086_3c3b73a0d2_EvrejskajaAO.xls,2cffde46129370d86539f8978fd8d17ab4e5338a213ab4e9baf62e66e2159299,Sheet1!A1,False,False
2002:086_3c3b73a0d2_EvrejskajaAO.xls:Sheet1:135,2002,086_3c3b73a0d2_evrejskajaao,086_3c3b73a0d2_EvrejskajaAO,еврейская,data/raw/2002/086_3c3b73a0d2_EvrejskajaAO.xls,checked_source_header_interpretation_accepted,Exact raw Sheet1!A1 Еврейская АО; source-specific filename namespace only,/workspace/settlements-raw/data/raw/2002/086_3c3b73a0d2_EvrejskajaAO.xls,2cffde46129370d86539f8978fd8d17ab4e5338a213ab4e9baf62e66e2159299,Sheet1!A1,False,False
2002:086_3c3b73a0d2_EvrejskajaAO.xls:Sheet1:136,2002,086_3c3b73a0d2_evrejskajaao,086_3c3b73a0d2_EvrejskajaAO,еврейская,data/raw/2002/086_3c3b73a0d2_EvrejskajaAO.xls,checked_source_header_interpretation_accepted,Exact raw Sheet1!A1 Еврейская АО; source-specific filename namespace only,/workspace/settlements-raw/data/raw/2002/086_3c3b73a0d2_EvrejskajaAO.xls,2cffde46129370d86539f8978fd8d17ab4e5338a213ab4e9baf62e66e2159299,Sheet1!A1,False,False
2002:086_3c3b73a0d2_EvrejskajaAO.xls:Sheet1:137,2002,086_3c3b73a0d2_evrejskajaao,086_3c3b73a0d2_EvrejskajaAO,еврейская,data/raw/2002/086_3c3b73a0d2_EvrejskajaAO.xls,checked_source_header_interpretation_accepted,Exact raw Sheet1!A1 Еврейская АО; source-specific filename namespace only,/workspace/settlements-raw/data/raw/2002/086_3c3b73a0d2_EvrejskajaAO.xls,2cffde46129370d86539f8978fd8d17ab4e5338a213ab4e9baf62e66e2159299,Sheet1!A1,False,False
2002:086_3c3b73a0d2_EvrejskajaAO.xls:Sheet1:14,2002,086_3c3b73a0d2_evrejskajaao,086_3c3b73a0d2_EvrejskajaAO,еврейская,data/raw/2002/086_3c3b73a0d2_EvrejskajaAO.xls,checked_source_header_interpretation_accepted,Exact raw Sheet1!A1 Еврейская АО; source-specific filename namespace only,/workspace/settlements-raw/data/raw/2002/086_3c3b73a0d2_EvrejskajaAO.xls,2cffde46129370d86539f8978fd8d17ab4e5338a213ab4e9baf62e66e2159299,Sheet1!A1,False,False
2002:086_3c3b73a0d2_EvrejskajaAO.xls:Sheet1:141,2002,086_3c3b73a0d2_evrejskajaao,086_3c3b73a0d2_EvrejskajaAO,еврейская,data/raw/2002/086_3c3b73a0d2_EvrejskajaAO.xls,checked_source_header_interpretation_accepted,Exact raw Sheet1!A1 Еврейская АО; source-specific filename namespace only,/workspace/settlements-raw/data/raw/2002/086_3c3b73a0d2_EvrejskajaAO.xls,2cffde46129370d86539f8978fd8d17ab4e5338a213ab4e9baf62e66e2159299,Sheet1!A1,False,False
2002:086_3c3b73a0d2_EvrejskajaAO.xls:Sheet1:143,2002,086_3c3b73a0d2_evrejskajaao,086_3c3b73a0d2_EvrejskajaAO,еврейская,data/raw/2002/086_3c3b73a0d2_EvrejskajaAO.xls,checked_source_header_interpretation_accepted,Exact raw Sheet1!A1 Еврейская АО; source-specific filename namespace only,/workspace/settlements-raw/data/raw/2002/086_3c3b73a0d2_EvrejskajaAO.xls,2cffde46129370d86539f8978fd8d17ab4e5338a213ab4e9baf62e66e2159299,Sheet1!A1,False,False
2002:086_3c3b73a0d2_EvrejskajaAO.xls:Sheet1:144,2002,086_3c3b73a0d2_evrejskajaao,086_3c3b73a0d2_EvrejskajaAO,еврейская,data/raw/2002/086_3c3b73a0d2_EvrejskajaAO.xls,checked_source_header_interpretation_accepted,Exact raw Sheet1!A1 Еврейская АО; source-specific filename namespace only,/workspace/settlements-raw/data/raw/2002/086_3c3b73a0d2_EvrejskajaAO.xls,2cffde46129370d86539f8978fd8d17ab4e5338a213ab4e9baf62e66e2159299,Sheet1!A1,False,False
2002:086_3c3b73a0d2_EvrejskajaAO.xls:Sheet1:147,2002,086_3c3b73a0d2_evrejskajaao,086_3c3b73a0d2_EvrejskajaAO,еврейская,data/raw/2002/086_3c3b73a0d2_EvrejskajaAO.xls,checked_source_header_interpretation_accepted,Exact raw Sheet1!A1 Еврейская АО; source-specific filename namespace only,/workspace/settlements-raw/data/raw/2002/086_3c3b73a0d2_EvrejskajaAO.xls,2cffde46129370d86539f8978fd8d17ab4e5338a213ab4e9baf62e66e2159299,Sheet1!A1,False,False
2002:086_3c3b73a0d2_EvrejskajaAO.xls:Sheet1:148,2002,086_3c3b73a0d2_evrejskajaao,086_3c3b73a0d2_EvrejskajaAO,еврейская,data/raw/2002/086_3c3b73a0d2_EvrejskajaAO.xls,checked_source_header_interpretation_accepted,Exact raw Sheet1!A1 Еврейская АО; source-specific filename namespace only,/workspace/settlements-raw/data/raw/2002/086_3c3b73a0d2_EvrejskajaAO.xls,2cffde46129370d86539f8978fd8d17ab4e5338a213ab4e9baf62e66e2159299,Sheet1!A1,False,False
2002:086_3c3b73a0d2_EvrejskajaAO.xls:Sheet1:149,2002,086_3c3b73a0d2_evrejskajaao,086_3c3b73a0d2_EvrejskajaAO,еврейская,data/raw/2002/086_3c3b73a0d2_EvrejskajaAO.xls,checked_source_header_interpretation_accepted,Exact raw Sheet1!A1 Еврейская АО; source-specific filename namespace only,/workspace/settlements-raw/data/raw/2002/086_3c3b73a0d2_EvrejskajaAO.xls,2cffde46129370d86539f8978fd8d17ab4e5338a213ab4e9baf62e66e2159299,Sheet1!A1,False,False
2002:086_3c3b73a0d2_EvrejskajaAO.xls:Sheet1:150,2002,086_3c3b73a0d2_evrejskajaao,086_3c3b73a0d2_EvrejskajaAO,еврейская,data/raw/2002/086_3c3b73a0d2_EvrejskajaAO.xls,checked_source_header_interpretation_accepted,Exact raw Sheet1!A1 Еврейская АО; source-specific filename namespace only,/workspace/settlements-raw/data/raw/2002/086_3c3b73a0d2_EvrejskajaAO.xls,2cffde46129370d86539f8978fd8d17ab4e5338a213ab4e9baf62e66e2159299,Sheet1!A1,False,False
2002:086_3c3b73a0d2_EvrejskajaAO.xls:Sheet1:152,2002,086_3c3b73a0d2_evrejskajaao,086_3c3b73a0d2_EvrejskajaAO,еврейская,data/raw/2002/086_3c3b73a0d2_EvrejskajaAO.xls,checked_source_header_interpretation_accepted,Exact raw Sheet1!A1 Еврейская АО; source-specific filename namespace only,/workspace/settlements-raw/data/raw/2002/086_3c3b73a0d2_EvrejskajaAO.xls,2cffde46129370d86539f8978fd8d17ab4e5338a213ab4e9baf62e66e2159299,Sheet1!A1,False,False
2002:086_3c3b73a0d2_EvrejskajaAO.xls:Sheet1:153,2002,086_3c3b73a0d2_evrejskajaao,086_3c3b73a0d2_EvrejskajaAO,еврейская,data/raw/2002/086_3c3b73a0d2_EvrejskajaAO.xls,checked_source_header_interpretation_accepted,Exact raw Sheet1!A1 Еврейская АО; source-specific filename namespace only,/workspace/settlements-raw/data/raw/2002/086_3c3b73a0d2_EvrejskajaAO.xls,2cffde46129370d86539f8978fd8d17ab4e5338a213ab4e9baf62e66e2159299,Sheet1!A1,False,False
2002:086_3c3b73a0d2_EvrejskajaAO.xls:Sheet1:154,2002,086_3c3b73a0d2_evrejskajaao,086_3c3b73a0d2_EvrejskajaAO,еврейская,data/raw/2002/086_3c3b73a0d2_EvrejskajaAO.xls,checked_source_header_interpretation_accepted,Exact raw Sheet1!A1 Еврейская АО; source-specific filename namespace only,/workspace/settlements-raw/data/raw/2002/086_3c3b73a0d2_EvrejskajaAO.xls,2cffde46129370d86539f8978fd8d17ab4e5338a213ab4e9baf62e66e2159299,Sheet1!A1,False,False
2002:086_3c3b73a0d2_EvrejskajaAO.xls:Sheet1:156,2002,086_3c3b73a0d2_evrejskajaao,086_3c3b73a0d2_EvrejskajaAO,еврейская,data/raw/2002/086_3c3b73a0d2_EvrejskajaAO.xls,checked_source_header_interpretation_accepted,Exact raw Sheet1!A1 Еврейская АО; source-specific filename namespace only,/workspace/settlements-raw/data/raw/2002/086_3c3b73a0d2_EvrejskajaAO.xls,2cffde46129370d86539f8978fd8d17ab4e5338a213ab4e9baf62e66e2159299,Sheet1!A1,False,False
2002:086_3c3b73a0d2_EvrejskajaAO.xls:Sheet1:158,2002,086_3c3b73a0d2_evrejskajaao,086_3c3b73a0d2_EvrejskajaAO,еврейская,data/raw/2002/086_3c3b73a0d2_EvrejskajaAO.xls,checked_source_header_interpretation_accepted,Exact raw Sheet1!A1 Еврейская АО; source-specific filename namespace only,/workspace/settlements-raw/data/raw/2002/086_3c3b73a0d2_EvrejskajaAO.xls,2cffde46129370d86539f8978fd8d17ab4e5338a213ab4e9baf62e66e2159299,Sheet1!A1,False,False
2002:086_3c3b73a0d2_EvrejskajaAO.xls:Sheet1:159,2002,086_3c3b73a0d2_evrejskajaao,086_3c3b73a0d2_EvrejskajaAO,еврейская,data/raw/2002/086_3c3b73a0d2_EvrejskajaAO.xls,checked_source_header_interpretation_accepted,Exact raw Sheet1!A1 Еврейская АО; source-specific filename namespace only,/workspace/settlements-raw/data/raw/2002/086_3c3b73a0d2_EvrejskajaAO.xls,2cffde46129370d86539f8978fd8d17ab4e5338a213ab4e9baf62e66e2159299,Sheet1!A1,False,False
2002:086_3c3b73a0d2_EvrejskajaAO.xls:Sheet1:16,2002,086_3c3b73a0d2_evrejskajaao,086_3c3b73a0d2_EvrejskajaAO,еврейская,data/raw/2002/086_3c3b73a0d2_EvrejskajaAO.xls,checked_source_header_interpretation_accepted,Exact raw Sheet1!A1 Еврейская АО; source-specific filename namespace only,/workspace/settlements-raw/data/raw/2002/086_3c3b73a0d2_EvrejskajaAO.xls,2cffde46129370d86539f8978fd8d17ab4e5338a213ab4e9baf62e66e2159299,Sheet1!A1,False,False
2002:086_3c3b73a0d2_EvrejskajaAO.xls:Sheet1:160,2002,086_3c3b73a0d2_evrejskajaao,086_3c3b73a0d2_EvrejskajaAO,еврейская,data/raw/2002/086_3c3b73a0d2_EvrejskajaAO.xls,checked_source_header_interpretation_accepted,Exact raw Sheet1!A1 Еврейская АО; source-specific filename namespace only,/workspace/settlements-raw/data/raw/2002/086_3c3b73a0d2_EvrejskajaAO.xls,2cffde46129370d86539f8978fd8d17ab4e5338a213ab4e9baf62e66e2159299,Sheet1!A1,False,False
2002:086_3c3b73a0d2_EvrejskajaAO.xls:Sheet1:163,2002,086_3c3b73a0d2_evrejskajaao,086_3c3b73a0d2_EvrejskajaAO,еврейская,data/raw/2002/086_3c3b73a0d2_EvrejskajaAO.xls,checked_source_header_interpretation_accepted,Exact raw Sheet1!A1 Еврейская АО; source-specific filename namespace only,/workspace/settlements-raw/data/raw/2002/086_3c3b73a0d2_EvrejskajaAO.xls,2cffde46129370d86539f8978fd8d17ab4e5338a213ab4e9baf62e66e2159299,Sheet1!A1,False,False
2002:086_3c3b73a0d2_EvrejskajaAO.xls:Sheet1:164,2002,086_3c3b73a0d2_evrejskajaao,086_3c3b73a0d2_EvrejskajaAO,еврейская,data/raw/2002/086_3c3b73a0d2_EvrejskajaAO.xls,checked_source_header_interpretation_accepted,Exact raw Sheet1!A1 Еврейская АО; source-specific filename namespace only,/workspace/settlements-raw/data/raw/2002/086_3c3b73a0d2_EvrejskajaAO.xls,2cffde46129370d86539f8978fd8d17ab4e5338a213ab4e9baf62e66e2159299,Sheet1!A1,False,False
2002:086_3c3b73a0d2_EvrejskajaAO.xls:Sheet1:166,2002,086_3c3b73a0d2_evrejskajaao,086_3c3b73a0d2_EvrejskajaAO,еврейская,data/raw/2002/086_3c3b73a0d2_EvrejskajaAO.xls,checked_source_header_interpretation_accepted,Exact raw Sheet1!A1 Еврейская АО; source-specific filename namespace only,/workspace/settlements-raw/data/raw/2002/086_3c3b73a0d2_EvrejskajaAO.xls,2cffde46129370d86539f8978fd8d17ab4e5338a213ab4e9baf62e66e2159299,Sheet1!A1,False,False
2002:086_3c3b73a0d2_EvrejskajaAO.xls:Sheet1:168,2002,086_3c3b73a0d2_evrejskajaao,086_3c3b73a0d2_EvrejskajaAO,еврейская,data/raw/2002/086_3c3b73a0d2_EvrejskajaAO.xls,checked_source_header_interpretation_accepted,Exact raw Sheet1!A1 Еврейская АО; source-specific filename namespace only,/workspace/settlements-raw/data/raw/2002/086_3c3b73a0d2_EvrejskajaAO.xls,2cffde46129370d86539f8978fd8d17ab4e5338a213ab4e9baf62e66e2159299,Sheet1!A1,False,False
2002:086_3c3b73a0d2_EvrejskajaAO.xls:Sheet1:169,2002,086_3c3b73a0d2_evrejskajaao,086_3c3b73a0d2_EvrejskajaAO,еврейская,data/raw/2002/086_3c3b73a0d2_EvrejskajaAO.xls,checked_source_header_interpretation_accepted,Exact raw Sheet1!A1 Еврейская АО; source-specific filename namespace only,/workspace/settlements-raw/data/raw/2002/086_3c3b73a0d2_EvrejskajaAO.xls,2cffde46129370d86539f8978fd8d17ab4e5338a213ab4e9baf62e66e2159299,Sheet1!A1,False,False
2002:086_3c3b73a0d2_EvrejskajaAO.xls:Sheet1:17,2002,086_3c3b73a0d2_evrejskajaao,086_3c3b73a0d2_EvrejskajaAO,еврейская,data/raw/2002/086_3c3b73a0d2_EvrejskajaAO.xls,checked_source_header_interpretation_accepted,Exact raw Sheet1!A1 Еврейская АО; source-specific filename namespace only,/workspace/settlements-raw/data/raw/2002/086_3c3b73a0d2_EvrejskajaAO.xls,2cffde46129370d86539f8978fd8d17ab4e5338a213ab4e9baf62e66e2159299,Sheet1!A1,False,False
2002:086_3c3b73a0d2_EvrejskajaAO.xls:Sheet1:170,2002,086_3c3b73a0d2_evrejskajaao,086_3c3b73a0d2_EvrejskajaAO,еврейская,data/raw/2002/086_3c3b73a0d2_EvrejskajaAO.xls,checked_source_header_interpretation_accepted,Exact raw Sheet1!A1 Еврейская АО; source-specific filename namespace only,/workspace/settlements-raw/data/raw/2002/086_3c3b73a0d2_EvrejskajaAO.xls,2cffde46129370d86539f8978fd8d17ab4e5338a213ab4e9baf62e66e2159299,Sheet1!A1,False,False
2002:086_3c3b73a0d2_EvrejskajaAO.xls:Sheet1:19,2002,086_3c3b73a0d2_evrejskajaao,086_3c3b73a0d2_EvrejskajaAO,еврейская,data/raw/2002/086_3c3b73a0d2_EvrejskajaAO.xls,checked_source_header_interpretation_accepted,Exact raw Sheet1!A1 Еврейская АО; source-specific filename namespace only,/workspace/settlements-raw/data/raw/2002/086_3c3b73a0d2_EvrejskajaAO.xls,2cffde46129370d86539f8978fd8d17ab4e5338a213ab4e9baf62e66e2159299,Sheet1!A1,False,False
2002:086_3c3b73a0d2_EvrejskajaAO.xls:Sheet1:20,2002,086_3c3b73a0d2_evrejskajaao,086_3c3b73a0d2_EvrejskajaAO,еврейская,data/raw/2002/086_3c3b73a0d2_EvrejskajaAO.xls,checked_source_header_interpretation_accepted,Exact raw Sheet1!A1 Еврейская АО; source-specific filename namespace only,/workspace/settlements-raw/data/raw/2002/086_3c3b73a0d2_EvrejskajaAO.xls,2cffde46129370d86539f8978fd8d17ab4e5338a213ab4e9baf62e66e2159299,Sheet1!A1,False,False
2002:086_3c3b73a0d2_EvrejskajaAO.xls:Sheet1:22,2002,086_3c3b73a0d2_evrejskajaao,086_3c3b73a0d2_EvrejskajaAO,еврейская,data/raw/2002/086_3c3b73a0d2_EvrejskajaAO.xls,checked_source_header_interpretation_accepted,Exact raw Sheet1!A1 Еврейская АО; source-specific filename namespace only,/workspace/settlements-raw/data/raw/2002/086_3c3b73a0d2_EvrejskajaAO.xls,2cffde46129370d86539f8978fd8d17ab4e5338a213ab4e9baf62e66e2159299,Sheet1!A1,False,False
2002:086_3c3b73a0d2_EvrejskajaAO.xls:Sheet1:23,2002,086_3c3b73a0d2_evrejskajaao,086_3c3b73a0d2_EvrejskajaAO,еврейская,data/raw/2002/086_3c3b73a0d2_EvrejskajaAO.xls,checked_source_header_interpretation_accepted,Exact raw Sheet1!A1 Еврейская АО; source-specific filename namespace only,/workspace/settlements-raw/data/raw/2002/086_3c3b73a0d2_EvrejskajaAO.xls,2cffde46129370d86539f8978fd8d17ab4e5338a213ab4e9baf62e66e2159299,Sheet1!A1,False,False
2002:086_3c3b73a0d2_EvrejskajaAO.xls:Sheet1:24,2002,086_3c3b73a0d2_evrejskajaao,086_3c3b73a0d2_EvrejskajaAO,еврейская,data/raw/2002/086_3c3b73a0d2_EvrejskajaAO.xls,checked_source_header_interpretation_accepted,Exact raw Sheet1!A1 Еврейская АО; source-specific filename namespace only,/workspace/settlements-raw/data/raw/2002/086_3c3b73a0d2_EvrejskajaAO.xls,2cffde46129370d86539f8978fd8d17ab4e5338a213ab4e9baf62e66e2159299,Sheet1!A1,False,False
2002:086_3c3b73a0d2_EvrejskajaAO.xls:Sheet1:26,2002,086_3c3b73a0d2_evrejskajaao,086_3c3b73a0d2_EvrejskajaAO,еврейская,data/raw/2002/086_3c3b73a0d2_EvrejskajaAO.xls,checked_source_header_interpretation_accepted,Exact raw Sheet1!A1 Еврейская АО; source-specific filename namespace only,/workspace/settlements-raw/data/raw/2002/086_3c3b73a0d2_EvrejskajaAO.xls,2cffde46129370d86539f8978fd8d17ab4e5338a213ab4e9baf62e66e2159299,Sheet1!A1,False,False
2002:086_3c3b73a0d2_EvrejskajaAO.xls:Sheet1:27,2002,086_3c3b73a0d2_evrejskajaao,086_3c3b73a0d2_EvrejskajaAO,еврейская,data/raw/2002/086_3c3b73a0d2_EvrejskajaAO.xls,checked_source_header_interpretation_accepted,Exact raw Sheet1!A1 Еврейская АО; source-specific filename namespace only,/workspace/settlements-raw/data/raw/2002/086_3c3b73a0d2_EvrejskajaAO.xls,2cffde46129370d86539f8978fd8d17ab4e5338a213ab4e9baf62e66e2159299,Sheet1!A1,False,False
2002:086_3c3b73a0d2_EvrejskajaAO.xls:Sheet1:29,2002,086_3c3b73a0d2_evrejskajaao,086_3c3b73a0d2_EvrejskajaAO,еврейская,data/raw/2002/086_3c3b73a0d2_EvrejskajaAO.xls,checked_source_header_interpretation_accepted,Exact raw Sheet1!A1 Еврейская АО; source-specific filename namespace only,/workspace/settlements-raw/data/raw/2002/086_3c3b73a0d2_EvrejskajaAO.xls,2cffde46129370d86539f8978fd8d17ab4e5338a213ab4e9baf62e66e2159299,Sheet1!A1,False,False
2002:086_3c3b73a0d2_EvrejskajaAO.xls:Sheet1:30,2002,086_3c3b73a0d2_evrejskajaao,086_3c3b73a0d2_EvrejskajaAO,еврейская,data/raw/2002/086_3c3b73a0d2_EvrejskajaAO.xls,checked_source_header_interpretation_accepted,Exact raw Sheet1!A1 Еврейская АО; source-specific filename namespace only,/workspace/settlements-raw/data/raw/2002/086_3c3b73a0d2_EvrejskajaAO.xls,2cffde46129370d86539f8978fd8d17ab4e5338a213ab4e9baf62e66e2159299,Sheet1!A1,False,False
2002:086_3c3b73a0d2_EvrejskajaAO.xls:Sheet1:31,2002,086_3c3b73a0d2_evrejskajaao,086_3c3b73a0d2_EvrejskajaAO,еврейская,data/raw/2002/086_3c3b73a0d2_EvrejskajaAO.xls,checked_source_header_interpretation_accepted,Exact raw Sheet1!A1 Еврейская АО; source-specific filename namespace only,/workspace/settlements-raw/data/raw/2002/086_3c3b73a0d2_EvrejskajaAO.xls,2cffde46129370d86539f8978fd8d17ab4e5338a213ab4e9baf62e66e2159299,Sheet1!A1,False,False
2002:086_3c3b73a0d2_EvrejskajaAO.xls:Sheet1:33,2002,086_3c3b73a0d2_evrejskajaao,086_3c3b73a0d2_EvrejskajaAO,еврейская,data/raw/2002/086_3c3b73a0d2_EvrejskajaAO.xls,checked_source_header_interpretation_accepted,Exact raw Sheet1!A1 Еврейская АО; source-specific filename namespace only,/workspace/settlements-raw/data/raw/2002/086_3c3b73a0d2_EvrejskajaAO.xls,2cffde46129370d86539f8978fd8d17ab4e5338a213ab4e9baf62e66e2159299,Sheet1!A1,False,False
2002:086_3c3b73a0d2_EvrejskajaAO.xls:Sheet1:38,2002,086_3c3b73a0d2_evrejskajaao,086_3c3b73a0d2_EvrejskajaAO,еврейская,data/raw/2002/086_3c3b73a0d2_EvrejskajaAO.xls,checked_source_header_interpretation_accepted,Exact raw Sheet1!A1 Еврейская АО; source-specific filename namespace only,/workspace/settlements-raw/data/raw/2002/086_3c3b73a0d2_EvrejskajaAO.xls,2cffde46129370d86539f8978fd8d17ab4e5338a213ab4e9baf62e66e2159299,Sheet1!A1,False,False
2002:086_3c3b73a0d2_EvrejskajaAO.xls:Sheet1:39,2002,086_3c3b73a0d2_evrejskajaao,086_3c3b73a0d2_EvrejskajaAO,еврейская,data/raw/2002/086_3c3b73a0d2_EvrejskajaAO.xls,checked_source_header_interpretation_accepted,Exact raw Sheet1!A1 Еврейская АО; source-specific filename namespace only,/workspace/settlements-raw/data/raw/2002/086_3c3b73a0d2_EvrejskajaAO.xls,2cffde46129370d86539f8978fd8d17ab4e5338a213ab4e9baf62e66e2159299,Sheet1!A1,False,False
2002:086_3c3b73a0d2_EvrejskajaAO.xls:Sheet1:40,2002,086_3c3b73a0d2_evrejskajaao,086_3c3b73a0d2_EvrejskajaAO,еврейская,data/raw/2002/086_3c3b73a0d2_EvrejskajaAO.xls,checked_source_header_interpretation_accepted,Exact raw Sheet1!A1 Еврейская АО; source-specific filename namespace only,/workspace/settlements-raw/data/raw/2002/086_3c3b73a0d2_EvrejskajaAO.xls,2cffde46129370d86539f8978fd8d17ab4e5338a213ab4e9baf62e66e2159299,Sheet1!A1,False,False
2002:086_3c3b73a0d2_EvrejskajaAO.xls:Sheet1:41,2002,086_3c3b73a0d2_evrejskajaao,086_3c3b73a0d2_EvrejskajaAO,еврейская,data/raw/2002/086_3c3b73a0d2_EvrejskajaAO.xls,checked_source_header_interpretation_accepted,Exact raw Sheet1!A1 Еврейская АО; source-specific filename namespace only,/workspace/settlements-raw/data/raw/2002/086_3c3b73a0d2_EvrejskajaAO.xls,2cffde46129370d86539f8978fd8d17ab4e5338a213ab4e9baf62e66e2159299,Sheet1!A1,False,False
2002:086_3c3b73a0d2_EvrejskajaAO.xls:Sheet1:42,2002,086_3c3b73a0d2_evrejskajaao,086_3c3b73a0d2_EvrejskajaAO,еврейская,data/raw/2002/086_3c3b73a0d2_EvrejskajaAO.xls,checked_source_header_interpretation_accepted,Exact raw Sheet1!A1 Еврейская АО; source-specific filename namespace only,/workspace/settlements-raw/data/raw/2002/086_3c3b73a0d2_EvrejskajaAO.xls,2cffde46129370d86539f8978fd8d17ab4e5338a213ab4e9baf62e66e2159299,Sheet1!A1,False,False
2002:086_3c3b73a0d2_EvrejskajaAO.xls:Sheet1:44,2002,086_3c3b73a0d2_evrejskajaao,086_3c3b73a0d2_EvrejskajaAO,еврейская,data/raw/2002/086_3c3b73a0d2_EvrejskajaAO.xls,checked_source_header_interpretation_accepted,Exact raw Sheet1!A1 Еврейская АО; source-specific filename namespace only,/workspace/settlements-raw/data/raw/2002/086_3c3b73a0d2_EvrejskajaAO.xls,2cffde46129370d86539f8978fd8d17ab4e5338a213ab4e9baf62e66e2159299,Sheet1!A1,False,False
2002:086_3c3b73a0d2_EvrejskajaAO.xls:Sheet1:46,2002,086_3c3b73a0d2_evrejskajaao,086_3c3b73a0d2_EvrejskajaAO,еврейская,data/raw/2002/086_3c3b73a0d2_EvrejskajaAO.xls,checked_source_header_interpretation_accepted,Exact raw Sheet1!A1 Еврейская АО; source-specific filename namespace only,/workspace/settlements-raw/data/raw/2002/086_3c3b73a0d2_EvrejskajaAO.xls,2cffde46129370d86539f8978fd8d17ab4e5338a213ab4e9baf62e66e2159299,Sheet1!A1,False,False
2002:086_3c3b73a0d2_EvrejskajaAO.xls:Sheet1:48,2002,086_3c3b73a0d2_evrejskajaao,086_3c3b73a0d2_EvrejskajaAO,еврейская,data/raw/2002/086_3c3b73a0d2_EvrejskajaAO.xls,checked_source_header_interpretation_accepted,Exact raw Sheet1!A1 Еврейская АО; source-specific filename namespace only,/workspace/settlements-raw/data/raw/2002/086_3c3b73a0d2_EvrejskajaAO.xls,2cffde46129370d86539f8978fd8d17ab4e5338a213ab4e9baf62e66e2159299,Sheet1!A1,False,False
2002:086_3c3b73a0d2_EvrejskajaAO.xls:Sheet1:50,2002,086_3c3b73a0d2_evrejskajaao,086_3c3b73a0d2_EvrejskajaAO,еврейская,data/raw/2002/086_3c3b73a0d2_EvrejskajaAO.xls,checked_source_header_interpretation_accepted,Exact raw Sheet1!A1 Еврейская АО; source-specific filename namespace only,/workspace/settlements-raw/data/raw/2002/086_3c3b73a0d2_EvrejskajaAO.xls,2cffde46129370d86539f8978fd8d17ab4e5338a213ab4e9baf62e66e2159299,Sheet1!A1,False,False
2002:086_3c3b73a0d2_EvrejskajaAO.xls:Sheet1:52,2002,086_3c3b73a0d2_evrejskajaao,086_3c3b73a0d2_EvrejskajaAO,еврейская,data/raw/2002/086_3c3b73a0d2_EvrejskajaAO.xls,checked_source_header_interpretation_accepted,Exact raw Sheet1!A1 Еврейская АО; source-specific filename namespace only,/workspace/settlements-raw/data/raw/2002/086_3c3b73a0d2_EvrejskajaAO.xls,2cffde46129370d86539f8978fd8d17ab4e5338a213ab4e9baf62e66e2159299,Sheet1!A1,False,False
2002:086_3c3b73a0d2_EvrejskajaAO.xls:Sheet1:53,2002,086_3c3b73a0d2_evrejskajaao,086_3c3b73a0d2_EvrejskajaAO,еврейская,data/raw/2002/086_3c3b73a0d2_EvrejskajaAO.xls,checked_source_header_interpretation_accepted,Exact raw Sheet1!A1 Еврейская АО; source-specific filename namespace only,/workspace/settlements-raw/data/raw/2002/086_3c3b73a0d2_EvrejskajaAO.xls,2cffde46129370d86539f8978fd8d17ab4e5338a213ab4e9baf62e66e2159299,Sheet1!A1,False,False
2002:086_3c3b73a0d2_EvrejskajaAO.xls:Sheet1:55,2002,086_3c3b73a0d2_evrejskajaao,086_3c3b73a0d2_EvrejskajaAO,еврейская,data/raw/2002/086_3c3b73a0d2_EvrejskajaAO.xls,checked_source_header_interpretation_accepted,Exact raw Sheet1!A1 Еврейская АО; source-specific filename namespace only,/workspace/settlements-raw/data/raw/2002/086_3c3b73a0d2_EvrejskajaAO.xls,2cffde46129370d86539f8978fd8d17ab4e5338a213ab4e9baf62e66e2159299,Sheet1!A1,False,False
2002:086_3c3b73a0d2_EvrejskajaAO.xls:Sheet1:57,2002,086_3c3b73a0d2_evrejskajaao,086_3c3b73a0d2_EvrejskajaAO,еврейская,data/raw/2002/086_3c3b73a0d2_EvrejskajaAO.xls,checked_source_header_interpretation_accepted,Exact raw Sheet1!A1 Еврейская АО; source-specific filename namespace only,/workspace/settlements-raw/data/raw/2002/086_3c3b73a0d2_EvrejskajaAO.xls,2cffde46129370d86539f8978fd8d17ab4e5338a213ab4e9baf62e66e2159299,Sheet1!A1,False,False
2002:086_3c3b73a0d2_EvrejskajaAO.xls:Sheet1:59,2002,086_3c3b73a0d2_evrejskajaao,086_3c3b73a0d2_EvrejskajaAO,еврейская,data/raw/2002/086_3c3b73a0d2_EvrejskajaAO.xls,checked_source_header_interpretation_accepted,Exact raw Sheet1!A1 Еврейская АО; source-specific filename namespace only,/workspace/settlements-raw/data/raw/2002/086_3c3b73a0d2_EvrejskajaAO.xls,2cffde46129370d86539f8978fd8d17ab4e5338a213ab4e9baf62e66e2159299,Sheet1!A1,False,False
2002:086_3c3b73a0d2_EvrejskajaAO.xls:Sheet1:6,2002,086_3c3b73a0d2_evrejskajaao,086_3c3b73a0d2_EvrejskajaAO,еврейская,data/raw/2002/086_3c3b73a0d2_EvrejskajaAO.xls,checked_source_header_interpretation_accepted,Exact raw Sheet1!A1 Еврейская АО; source-specific filename namespace only,/workspace/settlements-raw/data/raw/2002/086_3c3b73a0d2_EvrejskajaAO.xls,2cffde46129370d86539f8978fd8d17ab4e5338a213ab4e9baf62e66e2159299,Sheet1!A1,False,False
2002:086_3c3b73a0d2_EvrejskajaAO.xls:Sheet1:61,2002,086_3c3b73a0d2_evrejskajaao,086_3c3b73a0d2_EvrejskajaAO,еврейская,data/raw/2002/086_3c3b73a0d2_EvrejskajaAO.xls,checked_source_header_interpretation_accepted,Exact raw Sheet1!A1 Еврейская АО; source-specific filename namespace only,/workspace/settlements-raw/data/raw/2002/086_3c3b73a0d2_EvrejskajaAO.xls,2cffde46129370d86539f8978fd8d17ab4e5338a213ab4e9baf62e66e2159299,Sheet1!A1,False,False
2002:086_3c3b73a0d2_EvrejskajaAO.xls:Sheet1:62,2002,086_3c3b73a0d2_evrejskajaao,086_3c3b73a0d2_EvrejskajaAO,еврейская,data/raw/2002/086_3c3b73a0d2_EvrejskajaAO.xls,checked_source_header_interpretation_accepted,Exact raw Sheet1!A1 Еврейская АО; source-specific filename namespace only,/workspace/settlements-raw/data/raw/2002/086_3c3b73a0d2_EvrejskajaAO.xls,2cffde46129370d86539f8978fd8d17ab4e5338a213ab4e9baf62e66e2159299,Sheet1!A1,False,False
2002:086_3c3b73a0d2_EvrejskajaAO.xls:Sheet1:64,2002,086_3c3b73a0d2_evrejskajaao,086_3c3b73a0d2_EvrejskajaAO,еврейская,data/raw/2002/086_3c3b73a0d2_EvrejskajaAO.xls,checked_source_header_interpretation_accepted,Exact raw Sheet1!A1 Еврейская АО; source-specific filename namespace only,/workspace/settlements-raw/data/raw/2002/086_3c3b73a0d2_EvrejskajaAO.xls,2cffde46129370d86539f8978fd8d17ab4e5338a213ab4e9baf62e66e2159299,Sheet1!A1,False,False
2002:086_3c3b73a0d2_EvrejskajaAO.xls:Sheet1:65,2002,086_3c3b73a0d2_evrejskajaao,086_3c3b73a0d2_EvrejskajaAO,еврейская,data/raw/2002/086_3c3b73a0d2_EvrejskajaAO.xls,checked_source_header_interpretation_accepted,Exact raw Sheet1!A1 Еврейская АО; source-specific filename namespace only,/workspace/settlements-raw/data/raw/2002/086_3c3b73a0d2_EvrejskajaAO.xls,2cffde46129370d86539f8978fd8d17ab4e5338a213ab4e9baf62e66e2159299,Sheet1!A1,False,False
2002:086_3c3b73a0d2_EvrejskajaAO.xls:Sheet1:66,2002,086_3c3b73a0d2_evrejskajaao,086_3c3b73a0d2_EvrejskajaAO,еврейская,data/raw/2002/086_3c3b73a0d2_EvrejskajaAO.xls,checked_source_header_interpretation_accepted,Exact raw Sheet1!A1 Еврейская АО; source-specific filename namespace only,/workspace/settlements-raw/data/raw/2002/086_3c3b73a0d2_EvrejskajaAO.xls,2cffde46129370d86539f8978fd8d17ab4e5338a213ab4e9baf62e66e2159299,Sheet1!A1,False,False
2002:086_3c3b73a0d2_EvrejskajaAO.xls:Sheet1:68,2002,086_3c3b73a0d2_evrejskajaao,086_3c3b73a0d2_EvrejskajaAO,еврейская,data/raw/2002/086_3c3b73a0d2_EvrejskajaAO.xls,checked_source_header_interpretation_accepted,Exact raw Sheet1!A1 Еврейская АО; source-specific filename namespace only,/workspace/settlements-raw/data/raw/2002/086_3c3b73a0d2_EvrejskajaAO.xls,2cffde46129370d86539f8978fd8d17ab4e5338a213ab4e9baf62e66e2159299,Sheet1!A1,False,False
2002:086_3c3b73a0d2_EvrejskajaAO.xls:Sheet1:7,2002,086_3c3b73a0d2_evrejskajaao,086_3c3b73a0d2_EvrejskajaAO,еврейская,data/raw/2002/086_3c3b73a0d2_EvrejskajaAO.xls,checked_source_header_interpretation_accepted,Exact raw Sheet1!A1 Еврейская АО; source-specific filename namespace only,/workspace/settlements-raw/data/raw/2002/086_3c3b73a0d2_EvrejskajaAO.xls,2cffde46129370d86539f8978fd8d17ab4e5338a213ab4e9baf62e66e2159299,Sheet1!A1,False,False
2002:086_3c3b73a0d2_EvrejskajaAO.xls:Sheet1:70,2002,086_3c3b73a0d2_evrejskajaao,086_3c3b73a0d2_EvrejskajaAO,еврейская,data/raw/2002/086_3c3b73a0d2_EvrejskajaAO.xls,checked_source_header_interpretation_accepted,Exact raw Sheet1!A1 Еврейская АО; source-specific filename namespace only,/workspace/settlements-raw/data/raw/2002/086_3c3b73a0d2_EvrejskajaAO.xls,2cffde46129370d86539f8978fd8d17ab4e5338a213ab4e9baf62e66e2159299,Sheet1!A1,False,False
2002:086_3c3b73a0d2_EvrejskajaAO.xls:Sheet1:72,2002,086_3c3b73a0d2_evrejskajaao,086_3c3b73a0d2_EvrejskajaAO,еврейская,data/raw/2002/086_3c3b73a0d2_EvrejskajaAO.xls,checked_source_header_interpretation_accepted,Exact raw Sheet1!A1 Еврейская АО; source-specific filename namespace only,/workspace/settlements-raw/data/raw/2002/086_3c3b73a0d2_EvrejskajaAO.xls,2cffde46129370d86539f8978fd8d17ab4e5338a213ab4e9baf62e66e2159299,Sheet1!A1,False,False
2002:086_3c3b73a0d2_EvrejskajaAO.xls:Sheet1:74,2002,086_3c3b73a0d2_evrejskajaao,086_3c3b73a0d2_EvrejskajaAO,еврейская,data/raw/2002/086_3c3b73a0d2_EvrejskajaAO.xls,checked_source_header_interpretation_accepted,Exact raw Sheet1!A1 Еврейская АО; source-specific filename namespace only,/workspace/settlements-raw/data/raw/2002/086_3c3b73a0d2_EvrejskajaAO.xls,2cffde46129370d86539f8978fd8d17ab4e5338a213ab4e9baf62e66e2159299,Sheet1!A1,False,False
2002:086_3c3b73a0d2_EvrejskajaAO.xls:Sheet1:76,2002,086_3c3b73a0d2_evrejskajaao,086_3c3b73a0d2_EvrejskajaAO,еврейская,data/raw/2002/086_3c3b73a0d2_EvrejskajaAO.xls,checked_source_header_interpretation_accepted,Exact raw Sheet1!A1 Еврейская АО; source-specific filename namespace only,/workspace/settlements-raw/data/raw/2002/086_3c3b73a0d2_EvrejskajaAO.xls,2cffde46129370d86539f8978fd8d17ab4e5338a213ab4e9baf62e66e2159299,Sheet1!A1,False,False
2002:086_3c3b73a0d2_EvrejskajaAO.xls:Sheet1:8,2002,086_3c3b73a0d2_evrejskajaao,086_3c3b73a0d2_EvrejskajaAO,еврейская,data/raw/2002/086_3c3b73a0d2_EvrejskajaAO.xls,checked_source_header_interpretation_accepted,Exact raw Sheet1!A1 Еврейская АО; source-specific filename namespace only,/workspace/settlements-raw/data/raw/2002/086_3c3b73a0d2_EvrejskajaAO.xls,2cffde46129370d86539f8978fd8d17ab4e5338a213ab4e9baf62e66e2159299,Sheet1!A1,False,False
2002:086_3c3b73a0d2_EvrejskajaAO.xls:Sheet1:80,2002,086_3c3b73a0d2_evrejskajaao,086_3c3b73a0d2_EvrejskajaAO,еврейская,data/raw/2002/086_3c3b73a0d2_EvrejskajaAO.xls,checked_source_header_interpretation_accepted,Exact raw Sheet1!A1 Еврейская АО; source-specific filename namespace only,/workspace/settlements-raw/data/raw/2002/086_3c3b73a0d2_EvrejskajaAO.xls,2cffde46129370d86539f8978fd8d17ab4e5338a213ab4e9baf62e66e2159299,Sheet1!A1,False,False
2002:086_3c3b73a0d2_EvrejskajaAO.xls:Sheet1:82,2002,086_3c3b73a0d2_evrejskajaao,086_3c3b73a0d2_EvrejskajaAO,еврейская,data/raw/2002/086_3c3b73a0d2_EvrejskajaAO.xls,checked_source_header_interpretation_accepted,Exact raw Sheet1!A1 Еврейская АО; source-specific filename namespace only,/workspace/settlements-raw/data/raw/2002/086_3c3b73a0d2_EvrejskajaAO.xls,2cffde46129370d86539f8978fd8d17ab4e5338a213ab4e9baf62e66e2159299,Sheet1!A1,False,False
2002:086_3c3b73a0d2_EvrejskajaAO.xls:Sheet1:83,2002,086_3c3b73a0d2_evrejskajaao,086_3c3b73a0d2_EvrejskajaAO,еврейская,data/raw/2002/086_3c3b73a0d2_EvrejskajaAO.xls,checked_source_header_interpretation_accepted,Exact raw Sheet1!A1 Еврейская АО; source-specific filename namespace only,/workspace/settlements-raw/data/raw/2002/086_3c3b73a0d2_EvrejskajaAO.xls,2cffde46129370d86539f8978fd8d17ab4e5338a213ab4e9baf62e66e2159299,Sheet1!A1,False,False
2002:086_3c3b73a0d2_EvrejskajaAO.xls:Sheet1:85,2002,086_3c3b73a0d2_evrejskajaao,086_3c3b73a0d2_EvrejskajaAO,еврейская,data/raw/2002/086_3c3b73a0d2_EvrejskajaAO.xls,checked_source_header_interpretation_accepted,Exact raw Sheet1!A1 Еврейская АО; source-specific filename namespace only,/workspace/settlements-raw/data/raw/2002/086_3c3b73a0d2_EvrejskajaAO.xls,2cffde46129370d86539f8978fd8d17ab4e5338a213ab4e9baf62e66e2159299,Sheet1!A1,False,False
2002:086_3c3b73a0d2_EvrejskajaAO.xls:Sheet1:86,2002,086_3c3b73a0d2_evrejskajaao,086_3c3b73a0d2_EvrejskajaAO,еврейская,data/raw/2002/086_3c3b73a0d2_EvrejskajaAO.xls,checked_source_header_interpretation_accepted,Exact raw Sheet1!A1 Еврейская АО; source-specific filename namespace only,/workspace/settlements-raw/data/raw/2002/086_3c3b73a0d2_EvrejskajaAO.xls,2cffde46129370d86539f8978fd8d17ab4e5338a213ab4e9baf62e66e2159299,Sheet1!A1,False,False
2002:086_3c3b73a0d2_EvrejskajaAO.xls:Sheet1:88,2002,086_3c3b73a0d2_evrejskajaao,086_3c3b73a0d2_EvrejskajaAO,еврейская,data/raw/2002/086_3c3b73a0d2_EvrejskajaAO.xls,checked_source_header_interpretation_accepted,Exact raw Sheet1!A1 Еврейская АО; source-specific filename namespace only,/workspace/settlements-raw/data/raw/2002/086_3c3b73a0d2_EvrejskajaAO.xls,2cffde46129370d86539f8978fd8d17ab4e5338a213ab4e9baf62e66e2159299,Sheet1!A1,False,False
2002:086_3c3b73a0d2_EvrejskajaAO.xls:Sheet1:89,2002,086_3c3b73a0d2_evrejskajaao,086_3c3b73a0d2_EvrejskajaAO,еврейская,data/raw/2002/086_3c3b73a0d2_EvrejskajaAO.xls,checked_source_header_interpretation_accepted,Exact raw Sheet1!A1 Еврейская АО; source-specific filename namespace only,/workspace/settlements-raw/data/raw/2002/086_3c3b73a0d2_EvrejskajaAO.xls,2cffde46129370d86539f8978fd8d17ab4e5338a213ab4e9baf62e66e2159299,Sheet1!A1,False,False
2002:086_3c3b73a0d2_EvrejskajaAO.xls:Sheet1:91,2002,086_3c3b73a0d2_evrejskajaao,086_3c3b73a0d2_EvrejskajaAO,еврейская,data/raw/2002/086_3c3b73a0d2_EvrejskajaAO.xls,checked_source_header_interpretation_accepted,Exact raw Sheet1!A1 Еврейская АО; source-specific filename namespace only,/workspace/settlements-raw/data/raw/2002/086_3c3b73a0d2_EvrejskajaAO.xls,2cffde46129370d86539f8978fd8d17ab4e5338a213ab4e9baf62e66e2159299,Sheet1!A1,False,False
2002:086_3c3b73a0d2_EvrejskajaAO.xls:Sheet1:93,2002,086_3c3b73a0d2_evrejskajaao,086_3c3b73a0d2_EvrejskajaAO,еврейская,data/raw/2002/086_3c3b73a0d2_EvrejskajaAO.xls,checked_source_header_interpretation_accepted,Exact raw Sheet1!A1 Еврейская АО; source-specific filename namespace only,/workspace/settlements-raw/data/raw/2002/086_3c3b73a0d2_EvrejskajaAO.xls,2cffde46129370d86539f8978fd8d17ab4e5338a213ab4e9baf62e66e2159299,Sheet1!A1,False,False
2002:086_3c3b73a0d2_EvrejskajaAO.xls:Sheet1:96,2002,086_3c3b73a0d2_evrejskajaao,086_3c3b73a0d2_EvrejskajaAO,еврейская,data/raw/2002/086_3c3b73a0d2_EvrejskajaAO.xls,checked_source_header_interpretation_accepted,Exact raw Sheet1!A1 Еврейская АО; source-specific filename namespace only,/workspace/settlements-raw/data/raw/2002/086_3c3b73a0d2_EvrejskajaAO.xls,2cffde46129370d86539f8978fd8d17ab4e5338a213ab4e9baf62e66e2159299,Sheet1!A1,False,False
2002:086_3c3b73a0d2_EvrejskajaAO.xls:Sheet1:98,2002,086_3c3b73a0d2_evrejskajaao,086_3c3b73a0d2_EvrejskajaAO,еврейская,data/raw/2002/086_3c3b73a0d2_EvrejskajaAO.xls,checked_source_header_interpretation_accepted,Exact raw Sheet1!A1 Еврейская АО; source-specific filename namespace only,/workspace/settlements-raw/data/raw/2002/086_3c3b73a0d2_EvrejskajaAO.xls,2cffde46129370d86539f8978fd8d17ab4e5338a213ab4e9baf62e66e2159299,Sheet1!A1,False,False
