case_id,municipal_entity,article_revision,source_file,source_sha256,cached_formation_and_transfer_excerpt,source_grain_policy,sourceyear_roster_change,census_year,all_exact_literal_name_native_competitors_json,selected_actual_native_ID,identity_context_rule
urban_formation_Киевский,Q4373601,154945816.0,/workspace/russian-settlements-research/research_rebuild/evidence/moscow_large_residual_actionable_20261008/municipal_pages.json.gz,95b668194e5b11f59cc7354876655a4d1332d070d4f7278d114d924ce0148746," |Дата образования административной единицы = 1 июля 2012 года
 |Дата образования МО              = 28 февраля 2005<ref name=""zak-2005-2006"">[http://www.reforma-mo.ru/userdata/181.doc Закон Московской области от 28.02.2005 № 72/2005-ОЗ «О статусе и границах Наро-Фоминского муниципального района и вновь образованных в его составе муниципальных образований» (''редакция с изменениями от 19.09.2006 и 26.10.2006'')]{{Недоступная ссылка|date=Ноябрь 2017 |bot=InternetArchiveBot }}{{.doc}}, [http://mosobl.elcode.ru/page.aspx?25918 первоначальная редакция] {{Wayback|url=http://mosobl.elcode.ru/page.aspx?25918 |date=20130320204440 }}</ref>
Включало рабочий посёлок [[Киевский (рабочий посёлок)|Киевский]] и 4 населённых пункта (две деревни и два посёлка при железнодорожных станциях), а также множество СНТ, дачных и коттеджных поселков. Образовано в 2005 году<ref name=""zak-2005-2006""/>. До 1 июля [[2012 год]]а входило в состав [[Наро-Фоминский район|Наро-Фоминского муниципального района]] [[Московская область|Московской области]]<ref name=""zak-2011"">{{Cite web |url=http://mosobl.elcode.ru/page.aspx?79019 |title=Закон Московской области от 28.02.2005 № 72/2005-ОЗ «О статусе и границах Наро-Фоминского муниципального района и вновь образованных в его составе муниципальных образований» (''текущая редакция от 06.05.2011'') |lang=ru |access-date=2011-08-20 |archive-date=2013-03-20 |archive-url=https://web.archive.org/web/20130320204451/http://mosobl.elcode.ru/page.aspx?79019 |url-status=live }}</ref>, как городское поселение.
Общая площадь — 60,09 км²<ref name=""zak-2011""/> (до 2011 года в законе указывалось — 56,50 км²<ref name=""zak-2005-2006""/>).
Рабочий посёлок Киевский содержит 26 улиц, в основном в коттеджной части. В деревне Шеломово числятся 20 улиц<ref>{{Cite web |url=http://tinao.mos.ru/legislation/lawacts/606311/ |title=Постановление Правительства Москвы от 25.07.2012 N 353-ПП<!-- Заголовок добавлен ботом --> |access-date=2012-11-08 |archive-url=https://web.archive.org/web/20130207010612/http://tinao.mos.ru/legislation/lawacts/606311/#.UJua3MWN7Qs |archive-date=2013-02-07 |url-status=dead }}</ref>. Также поселение содержит большое количество СНТ, ДНП и др. (46<ref>{{Cite web |url=http://www.kievskiy.org/city/o-poselenii.php |title=О поселении |access-date=2021-09-03 |archive-date=2021-09-03 |archive-url=https://web.archive.org/web/20210903132013/http://www.kievskiy.org/city/o-poselenii.php |url-status=live }}</ref>).
Действуют '''междугородные [[Список автобусных маршрутов Москвы|маршруты]]''' автобусов, обслуживаемые Наро-Фоминским ПАТП ГУП МО «[[Мострансавто]]»<ref>{{Cite web |url=http://www.mostransavto.ru/?page=scheme |title=ГУП МО «МОСТРАНСАВТО» {{!}}{{!}} Схемы некоторых населенных пунктов и районов Московской области<!-- Заголовок добавлен ботом --> |access-date=2012-10-28 |archive-date=2012-10-14 |archive-url=https://web.archive.org/web/20121014134916/http://mostransavto.ru/?page=scheme |url-status=dead }}</ref> и частными перевозчиками, обеспечивающие удобную связь со Старой Москвой и бывшим районным центром Наро-Фоминском:
* '''1037''' (бывший '''37'''<ref name=autogenerated2>[http://rasp.yandex.ru/info/newmoscow Изменение нумерации автобусных маршрутов на новых территориях Москвы<!-- Заголовок добавлен ботом -->] {{webarchive|url=https://web.archive.org/web/20120810055809/http://rasp.yandex.ru/info/newmoscow |date=2012-08-10 }}</ref>) пос. Киевский — [[Наро-Фоминск]] (ст. [[Нара (станция)|Нара]]/ул. Московская, Мальково, Красная Пресня) — [[Ольховка (Московская область)|Ольховка]]. Отходит только от остановки внутри посёлка и далее по Киевскому шоссе в Наро-Фоминск. Данный маршрут появился после объединения в 2000-х маршрутов '''39''' от Киевского до Наро-Фоминска и '''43''' от Наро-Фоминска до Ольховки<ref name=autogenerated1>[http://kievskiy24.ru/news/2009-02-06-2 Расписание движения автобусов — 6 Февраля 2009 — КИЕВСКИЙ 24<!-- Заголовок добавлен ботом -->] {{webarchive|url=https://web.archive.org/web/20130924142655/http://kievskiy24.ru/news/2009-02-06-2 |date=2013-09-24 }}</ref>, тем не менее по расписанию более половины рейсов укорочено только до Наро-Фоминска (до ст. Нара или Мальково).
* '''1049''' (маршрутное такси ООО «НПК»<ref>{{Cite web |url=http://mt.mosreg.ru/sity_transport/ |title=Министерство транспорта Московской области<!-- Заголовок добавлен ботом --> |access-date=2012-11-04 |archive-url=https://web.archive.org/web/20120314131033/http://mt.mosreg.ru/sity_transport/ |archive-date=2012-03-14 |url-status=dead }}</ref>, бывшее '''39т'''<ref>{{Cite web |url=http://transport.narofominsk.com/bus/bus_43k.htm |title=№ 37 Наро-Фоминск — Киевский {{!}} Тра&#10 …<!-- Заголовок добавлен ботом --> |access-date=2012-11-04 |archive-date=2012-07-25 |archive-url=https://web.archive.org/web/20120725111228/http://transport.narofominsk.com/bus/bus_43k.htm |url-status=live }}</ref>) пос. Киевский — [[Наро-Фоминск]] (ст. [[Нара (станция)|Нара]]/ул. Московская, Мальково, Поликлиника). В основном дублирует автобус 1037 до Наро-Фоминска, но поворачивает на конечную «Поликлиника» (районная больница #1 в Наро-Фоминске).
Два '''внутригородских автобусных [[Список автобусных маршрутов Москвы|маршрута]]''' введёны с 8 октября 2012 года, изначально обслуживались частными перевозчиками ООО «ГЕПАРТ» и ООО «Бетта-Автотранс»<ref>[http://mosgortrans.net/news/13037-avtobusy-na-novyh-territoriyah-moskvy.html Собянин потребовал улучшить транспортное обслуживание новых территорий Москвы — Транспортный сервер Москвы<!-- Заголовок добавлен ботом -->] {{webarchive|url=https://web.archive.org/web/20121011091027/http://www.mosgortrans.net/news/13037-avtobusy-na-novyh-territoriyah-moskvy.html |date=2012-10-11 }}</ref><ref>[http://forum.mostransavto.ru/index.php?showtopic=10240 маршруты 1003 и 1004 в рогово — Форум ГУП МО Мострансавто<!-- Заголовок добавлен ботом -->] {{webarchive|url=https://web.archive.org/web/20131026042750/http://forum.mostransavto.ru/index.php?showtopic=10240 |date=2013-10-26 }}</ref>, но в марте 2013 года их движение было прекращено, с 16 апреля 2013 года маршруты перешли ГУП Москвы «[[Мосгортранс]]»<ref>{{cite web|url=http://www.mosgortrans.ru/routes/detail/full/trassa-sledovanija-marshruta-avtobusa-No-1001/|title=ГУП «Мосгортранс»: Трасса следования маршрута автобуса № 1001|access-date=2013-04-23|archive-date=2013-10-04|archive-url=https://web.archive.org/web/20131004223717/http://www.mosgortrans.ru/routes/detail/full/trassa-sledovanija-marshruta-avtobusa-No-1001/|url-status=dead}}</ref><ref>{{cite web|url=http://www.mosgortrans.ru/routes/detail/full/trassa-sledovanija-marshruta-avtobusa-No-1002/|title=ГУП «Мосгортранс»: Трасса следования маршрута автобуса № 1002|access-date=2013-04-23|archive-date=2013-07-09|archive-url=https://web.archive.org/web/20130709021918/http://www.mosgortrans.ru/routes/detail/full/trassa-sledovanija-marshruta-avtobusa-No-1002/|url-status=dead}}</ref>.
* '''1001''' пос. Киевский — [[Яковлевское (Троицкий административный округ)|Яковлевское]] — [[Троицк (Москва)|Троицк]] (Торговый центр). Цена билета до Троицка — 90 руб<ref>{{Cite web |url=http://www.kievskiy.org/node/105 |title=Расписание автобусов до Троицка {{!}} Поселение Киевский в городе Москве<!-- Заголовок добавлен ботом --> |access-date=2012-10-28 |archive-date=2013-02-20 |archive-url=https://web.archive.org/web/20130220164926/http://www.kievskiy.org/node/105 |url-status=live }}</ref>. Работает по расписанию раз в полтора-два часа с перерывами, до Троицка едет 1 ч 20 мин. Расписание на сайте Мосгортранса: [http://www.mosgortrans.org/pass3/shedule.php?type=avto&way=1001&date=1111111&direction=BA&waypoint=all пос. Киевский—Троицк] {{Wayback|url=http://www.mosgortrans.org/pass3/shedule.php?type=avto&way=1001&date=1111111&direction=BA&waypoint=all |date=20160305111317 }}, [http://www.mosgortrans.org/pass3/shedule.php?type=avto&way=1001&date=1111111&direction=AB&waypoint=all Троицк—пос. Киевский] {{Wayback|url=http://www.mosgortrans.org/pass3/shedule.php?type=avto&way=1001&date=1111111&direction=AB&waypoint=all |date=20160305111515 }}. Работают 2 микроавтобуса Fiat Ducato на маршрут вместимостью не более 18 человек<ref>{{Cite web |url=http://bus.ruz.net/routes/991 |title=Московский Автобус {{!}}{{!}} Маршруты {{!}}{{!}} Москва {{!}}{{!}} 1001<!-- Заголовок добавлен ботом --> |access-date=2013-07-23 |archive-date=2013-07-21 |archive-url=https://web.archive.org/web/20130721180333/http://bus.ruz.net/routes/991 |url-status=live }}</ref>.","2002properPGT is authentic individualNP predecessorcontext;2010properPGT andwholemunicipal observations distinct;2021wholemunicipal only, neverNPchildcount","Kokoshkino2010threeleaves versus laterarticlefour; Kiev2010fiveleaves,articleMachikhinooutsideMoscowbutadministrativelysubordinated; boundaryUNKNOWN",,,,
urban_formation_Киевский,,,,,,,,2002.0,"[{""source_record_id"": ""2002:006_1916564aaa_02c_Kaluzhskaja.xls:Sheet1:291"", ""census_year"": 2002, ""type"": ""посёлок"", ""region"": ""калужская""}, {""source_record_id"": ""2002:039_1d4b1f6286_02c_Volgograd.xls:Sheet1:258"", ""census_year"": 2002, ""type"": ""хутор"", ""region"": ""волгоградская""}, {""source_record_id"": ""2002:075_ad45d4f1e5_Tomskaya.xls:Sheet1:225"", ""census_year"": 2002, ""type"": ""посёлок"", ""region"": ""томская""}, {""source_record_id"": ""2002:1_TOM_01_04.xls:0:1208"", ""census_year"": 2002, ""type"": ""пгт"", ""region"": ""московская""}]",2002:1_TOM_01_04.xls:0:1208,"UniqueownPGTtypednameinMoscowoblast, federal2002NaroFominsk urbanroster/original2010KievKokmunicipalrawblock,2009trueNPpgtclassificationand2011livephysicalrecord; notglobalalltypenamesakeclaim"
urban_formation_Киевский,,,,,,,,2010.0,"[{""source_record_id"": ""2010:004_486e984bdc_12._20Астр_Волгог_Ростов.xls:Южный:600"", ""census_year"": 2010, ""type"": ""хутор"", ""region"": ""волгоградская""}, {""source_record_id"": ""2010:008_342f3c208b_16._20Сиб_ФО_2010.xls:Sib:9318"", ""census_year"": 2010, ""type"": ""посёлок"", ""region"": ""томская""}, {""source_record_id"": ""2010:010_711691e352_2._20Kostrom_Kur_Lip_Moscow_MoscObl_Orlov_2010.xls:Data Sheet:11246"", ""census_year"": 2010, ""type"": ""пгт"", ""region"": ""московская""}, {""source_record_id"": ""2010:013_f60b2d2bcf_5._20Belg_Bryan_Vlad_Voron_Ivanov_Kalug_20L1_ethn_2010.xls:Data Sheet:11797"", ""census_year"": 2010, ""type"": ""посёлок"", ""region"": ""калужская""}]",2010:010_711691e352_2._20Kostrom_Kur_Lip_Moscow_MoscObl_Orlov_2010.xls:Data Sheet:11246,"UniqueownPGTtypednameinMoscowoblast, federal2002NaroFominsk urbanroster/original2010KievKokmunicipalrawblock,2009trueNPpgtclassificationand2011livephysicalrecord; notglobalalltypenamesakeclaim"
urban_formation_Кокошкино,Q4373603,154946762.0,/workspace/russian-settlements-research/research_rebuild/evidence/moscow_large_residual_actionable_20261008/municipal_pages.json.gz,95b668194e5b11f59cc7354876655a4d1332d070d4f7278d114d924ce0148746," |Дата образования административной единицы = 1 июля 2012
 |Дата образования МО           = 12 марта 2005<ref name=""zak-2005-2006"">{{Cite web|url=http://mosobl.elcode.ru/page.aspx?25918|title=Закон Московской области от 28.02.2005 № 72/2005-ОЗ «О статусе и границах Наро-Фоминского муниципального района и вновь образованных в его составе муниципальных образований»|lang=ru|publisher=mosobl.elcode.ru|access-date=2020-03-19|archive-date=2013-03-20|archive-url=https://web.archive.org/web/20130320204440/http://mosobl.elcode.ru/page.aspx?25918|url-status=live}}</ref>
'''Поселе́ние Коко́шкино''' — бывшее [[Поселения Москвы|поселение]] ([[Местное самоуправление в Москве|муниципальное образование]] и [[Административно-территориальное деление Москвы|административная единица]]) в составе [[Новомосковский административный округ|Новомосковского административного округа]] [[Москва|Москвы]]. Вошло в состав столицы с 1 июля 2012 года в ходе реализации [[Расширение территории Москвы (2011—2012)|проекта по расширению города]]. До 1 июля 2012 года — [[городское поселение]] в [[Наро-Фоминский район|Наро-Фоминском муниципальном районе]] [[Московская область|Московской области]]<ref name=""zak-2005-2006""/>. Упразднено 8 мая 2024 года в процессе [[Новая Москва#Административно-территориальная реформа ТиНАО 2024 года|административно-территориальной реформы ТиНАО]]. Правопреемником поселения Кокошкино являются органы местного самоуправления и управа [[Внуково (район Москвы)|района Внуково]]<ref>{{cite web|url=https://www.mos.ru/authority/documents/doc/53662220/|title=Закон города Москвы № 13 от 08.05.2024 «Об образовании внутригородских муниципальных образований в городе Москве и о внесении изменений в Закон города Москвы от 15 октября 2003 года № 59 «О наименованиях и границах внутригородских муниципальных образований в городе Москве»|date=2025-05-08|publisher=Московская городская Дума|access-date=2025-02-21|archive-url=https://web.archive.org/web/20240618204721/https://www.mos.ru/authority/documents/doc/53662220/|archive-date=2024-06-18}}</ref>. 
Первоначально образовано в 2005 году<ref name=""zak-2005-2006""/>, включило дачный посёлок [[Кокошкино (дачный посёлок)|Кокошкино]] и ещё 2 населённых пункта позже упразднённого<ref>{{Постановление Губернатора Московской области от 29 ноября 2006 № 156-ПГ}}</ref> [[Марушкинский сельский округ|Марушкинского сельского округа]]<ref name=""zak-2005-2006""/>.
Общая площадь территории — 8,28 км²<ref name=""zak-2011""/> (ранее в законе указывалось — 9,00 км²<ref name=""zak-2005-2006""/>).
Муниципальное образование находится в западной части [[Новомосковский административный округ|Новомосковского административного округа]] и граничит<ref name=""Границы"">{{Cite web|url=http://nmao.ru/granicy-poseleniy-okruga/poselenie-kokoshkino|title=Поселение Кокошкино|publisher=Портал новой Москвы nmao.ru|access-date=2020-03-19|archive-date=2020-05-02|archive-url=https://web.archive.org/web/20200502075942/http://nmao.ru/granicy-poseleniy-okruga/poselenie-kokoshkino|url-status=live}}</ref>:","2002properPGT is authentic individualNP predecessorcontext;2010properPGT andwholemunicipal observations distinct;2021wholemunicipal only, neverNPchildcount","Kokoshkino2010threeleaves versus laterarticlefour; Kiev2010fiveleaves,articleMachikhinooutsideMoscowbutadministrativelysubordinated; boundaryUNKNOWN",,,,
urban_formation_Кокошкино,,,,,,,,2002.0,"[{""source_record_id"": ""2002:007_acff9aa32d_02c_Kostromskaja.xls:Sheet1:2309"", ""census_year"": 2002, ""type"": ""деревня"", ""region"": ""костромская""}, {""source_record_id"": ""2002:015_90ef69f659_02c_Tver_obl.xls:!!!:4668"", ""census_year"": 2002, ""type"": ""деревня"", ""region"": ""тверская""}, {""source_record_id"": ""2002:015_90ef69f659_02c_Tver_obl.xls:!!!:7509"", ""census_year"": 2002, ""type"": ""деревня"", ""region"": ""тверская""}, {""source_record_id"": ""2002:1_TOM_01_04.xls:0:1209"", ""census_year"": 2002, ""type"": ""пгт"", ""region"": ""московская""}]",2002:1_TOM_01_04.xls:0:1209,"UniqueownPGTtypednameinMoscowoblast, federal2002NaroFominsk urbanroster/original2010KievKokmunicipalrawblock,2009trueNPpgtclassificationand2011livephysicalrecord; notglobalalltypenamesakeclaim"
urban_formation_Кокошкино,,,,,,,,2010.0,"[{""source_record_id"": ""2010:010_711691e352_2._20Kostrom_Kur_Lip_Moscow_MoscObl_Orlov_2010.xls:Data Sheet:11251"", ""census_year"": 2010, ""type"": ""пгт"", ""region"": ""московская""}, {""source_record_id"": ""2010:010_711691e352_2._20Kostrom_Kur_Lip_Moscow_MoscObl_Orlov_2010.xls:Data Sheet:1960"", ""census_year"": 2010, ""type"": ""деревня"", ""region"": ""костромская""}, {""source_record_id"": ""2010:019_a193ec7827_Tver_L1_ethn_np_2010.xls:Data Sheet:4373"", ""census_year"": 2010, ""type"": ""деревня"", ""region"": ""тверская""}, {""source_record_id"": ""2010:019_a193ec7827_Tver_L1_ethn_np_2010.xls:Data Sheet:6995"", ""census_year"": 2010, ""type"": ""деревня"", ""region"": ""тверская""}]",2010:010_711691e352_2._20Kostrom_Kur_Lip_Moscow_MoscObl_Orlov_2010.xls:Data Sheet:11251,"UniqueownPGTtypednameinMoscowoblast, federal2002NaroFominsk urbanroster/original2010KievKokmunicipalrawblock,2009trueNPpgtclassificationand2011livephysicalrecord; notglobalalltypenamesakeclaim"
