target,source_file,source_sheet,workbook_sha256,target_row,target_raw_cells,lower_anchor_raw_cells,upper_anchor_raw_cells,heading_witnesses,target_name_literal_match,population_2002,status
2002:042_9ff652dedd_02c_Marii-El_new.xls:Sheet1:27,data/raw/2002/042_9ff652dedd_02c_Marii-El_new.xls,Sheet1,80f9cd4ede39118186bcf9ffc1580d8e557843c029af90681a9de647233918f4,27,деревня Данилово | 874 | русские | 72.0,деревня Апшакбеляк | 27 | мари | 89.0,деревня Игнатьево | 110 | русские | 63.0,"9: Кундышский сельсовет | 5045
14: Куярский сельсовет | 4739
22: Семеновский сельсовет | 10589",True,874.0,literal_source_sample_checked
2002:051_46e3ecb0a0_02c_Permskaja_obl.xls:Sheet1:482,data/raw/2002/051_46e3ecb0a0_02c_Permskaja_obl.xls,Sheet1,1ef634a17c460b264838974e4de20de6ec78737314addb3f1c60b5e73058385b,482,деревня Каменный Ключ | 237 | русские | 94.0,село Завод Михайловский | 232 | русские | 93.0,деревня Карша | 103 | русские | 86.0,"463: Сосновский сельсовет | 1797
471: Уральский сельсовет | 1113
475: Фокинский сельсовет | 6082",True,237.0,literal_source_sample_checked
2002:036_81b258bc42_02c_Krasnodarski-krai.xls:11:155,data/raw/2002/036_81b258bc42_02c_Krasnodarski-krai.xls,11,9588f5aa5f8de40a290739a880e624a6d34ea566377b9a7f4df1674f1cf99121,155,155.0 | хутор Победа | 254.0 | армяне | 91.0,154.0 | станица Раевская | 8409.0 | русские | 79.0,157.0 | село Борисовка | 2270.0 | русские | 66.0,"144: 144.0 | Мысхакский сельский округ | 6095.0
149: 149.0 | Натухаевский сельский округ | 8296.0
153: 153.0 | Раевский сельский округ | 8663.0",True,254.0,literal_source_sample_checked
2002:036_81b258bc42_02c_Krasnodarski-krai.xls:11:27,data/raw/2002/036_81b258bc42_02c_Krasnodarski-krai.xls,11,9588f5aa5f8de40a290739a880e624a6d34ea566377b9a7f4df1674f1cf99121,27,27.0 | посёлок Краснодарский | 703.0 | русские | 93.0,26.0 | посёлок Индустриальный | 3873.0 | русские | 90.0,29.0 | посёлок Плодородный | 748.0 | русские | 93.0,"16: 16.0 | Елизаветинский сельский округ | 23320.0
20: 20.0 | Старокорсунский сельский округ | 11009.0",True,703.0,literal_source_sample_checked
2002:043_56b84811fa_02c_mordovia.xls:!!:22,data/raw/2002/043_56b84811fa_02c_mordovia.xls,!!,e1ddce11676ded91a9c33dc7ee9589607f2fd5fb58d56cd008b43de185e21a98,22,село Куликовка | 666.0 | 375 | русские | 76.0,село Макаровка | 744.0 | 399 | русские | 87.0,посёлок Пушкино | 635.0 | 351 | русские | 69.0,"6: Сельсоветы, подч. адм-ции Октябрьского района г. Саранска | 3359.0
7: Горяйновский сельсовет | 1299.0 | 708
12: Напольно-Тавлинский сельсовет | 509.0 | 277
14: Озерный сельсовет | 1551.0 | 818",True,666.0,literal_source_sample_checked
2002:078_8405ea8fce_Yakutia.xls:Sheet1:330,data/raw/2002/078_8405ea8fce_Yakutia.xls,Sheet1,6e51ccd10b7f10c625e6ed138a892859bee3f08423ddedc19e991b59ef299271,330,село Арылах | 0,село Илбенге | 685 | якуты (саха) | 99.0,село Бетюнг | 563 | саха (с родным языком якутским) | 89.0,,True,0.0,literal_source_sample_checked
2002:078_8405ea8fce_Yakutia.xls:Sheet1:429,data/raw/2002/078_8405ea8fce_Yakutia.xls,Sheet1,6e51ccd10b7f10c625e6ed138a892859bee3f08423ddedc19e991b59ef299271,429,село Батамай | 216 | русские | 29.0,село Сегян-Кюель | 430 | якуты (саха) | 69.0,село Кобяй | 2570 | якуты (саха) | 94.0,,True,216.0,literal_source_sample_checked
2002:072_970adef884_Kemerov_obl_new.xls:Sheet1:23,data/raw/2002/072_970adef884_Kemerov_obl_new.xls,Sheet1,9369176e706b4d156f79a51ca1450cb620d817334da5a75ba25714e91b5099dd,23,23.0 | посёлок Сосновка | 228 | русские | 97.0,22.0 | посёлок Ровенский | 94 | русские | 99.0,24.0 | посёлок Сосновка-2 | 53 | русские | 100.0,"17: 17.0 | Сельсоветы, подчиненные администрации г. Березовского
18: 18.0 | Арсентьевский сельсовет | 1558",True,228.0,literal_source_sample_checked
2002:036_81b258bc42_02c_Krasnodarski-krai.xls:11:12,data/raw/2002/036_81b258bc42_02c_Krasnodarski-krai.xls,11,9588f5aa5f8de40a290739a880e624a6d34ea566377b9a7f4df1674f1cf99121,12,12.0 | хутор Новый | 57.0 | русские | 81.0,11.0 | посёлок Отделения N 3 ОПХ КНИИСХ | 50.0 | русские | 80.0,14.0 | посёлок Отделения N 3 СКЗНИИСиВ | 403.0 | русские | 86.0,5: 5.0 | Березовский сельский округ | 12214.0,True,57.0,literal_source_sample_checked
2002:078_8405ea8fce_Yakutia.xls:Sheet1:381,data/raw/2002/078_8405ea8fce_Yakutia.xls,Sheet1,6e51ccd10b7f10c625e6ed138a892859bee3f08423ddedc19e991b59ef299271,381,село Май | 13 | якуты (саха) | 92.0,село Бердигестях | 6149 | якуты (саха) | 89.0,село Асыма | 642 | якуты (саха) | 98.0,,True,13.0,literal_source_sample_checked
2002:078_8405ea8fce_Yakutia.xls:Sheet1:399,data/raw/2002/078_8405ea8fce_Yakutia.xls,Sheet1,6e51ccd10b7f10c625e6ed138a892859bee3f08423ddedc19e991b59ef299271,399,село Харыялах | 7 | якуты (саха) | 100.0,село Магарас | 910 | якуты (саха) | 57.0,село Кюерелях | 573 | якуты (саха) | 95.0,,True,7.0,literal_source_sample_checked
2002:043_56b84811fa_02c_mordovia.xls:!!:10,data/raw/2002/043_56b84811fa_02c_mordovia.xls,!!,e1ddce11676ded91a9c33dc7ee9589607f2fd5fb58d56cd008b43de185e21a98,10,деревня Ивановка | 60.0 | 31 | русские | 83.0,село Грибоедово | 82.0 | 51 | русские | 89.0,деревня Танеевка | 89.0 | 50 | русские | 83.0,"6: Сельсоветы, подч. адм-ции Октябрьского района г. Саранска | 3359.0
7: Горяйновский сельсовет | 1299.0 | 708",True,60.0,literal_source_sample_checked
2002:036_81b258bc42_02c_Krasnodarski-krai.xls:11:49,data/raw/2002/036_81b258bc42_02c_Krasnodarski-krai.xls,11,9588f5aa5f8de40a290739a880e624a6d34ea566377b9a7f4df1674f1cf99121,49,49.0 | хутор Первомайский | 514.0 | русские | 91.0,47.0 | посёлок Заветный | 4429.0 | русские | 65.0,50.0 | хутор Красин | 121.0 | русские | 91.0,"41: 41.0 | Благовещенский сельский округ | 2430.0
46: 46.0 | Заветный сельский округ | 5149.0",True,514.0,literal_source_sample_checked
2002:011_f46bbaadfd_02c_Orlovskaja.xls:Sheet1:1353,data/raw/2002/011_f46bbaadfd_02c_Orlovskaja.xls,Sheet1,62db545028449664bc22fae08d95e9478a4eb3c9b79ba8ae35e4f8606bb578d0,1353,1353.0 | посёлок Дмитровский | 18 | русские | 94.0,1352.0 | деревня Глинки | 249 | русские | 96.0,1355.0 | деревня Красная Роща | 149 | русские | 100.0,"1339: 1339.0 | Кривчиковский сельсовет | 658
1349: 1349.0 | Кутафинский сельсовет | 1669",True,18.0,literal_source_sample_checked
2002:036_81b258bc42_02c_Krasnodarski-krai.xls:11:282,data/raw/2002/036_81b258bc42_02c_Krasnodarski-krai.xls,11,9588f5aa5f8de40a290739a880e624a6d34ea566377b9a7f4df1674f1cf99121,282,282.0 | село Раздольное | 1988.0 | русские | 52.0,280.0 | село Прогресс | 1562.0 | русские | 27.0,284.0 | село Богушевка | 309.0 | армяне | 77.0,"265: 265.0 | Барановский сельский округ | 6412.0
273: 273.0 | Раздольский сельский округ | 7074.0",True,1988.0,literal_source_sample_checked
