census_year,region_norm,component_years,has_own_point,size,sum
2002,московская,2002,False,701,117652.0
2002,башкортостан,2002,False,319,66721.0
2002,дагестан,2002,False,103,45599.0
2002,тульская,2002,False,258,30341.0
2002,тверская,2002,False,904,28638.0
2002,пермский,2002,False,577,28157.0
2002,нижегородская,2002,False,380,24188.0
2002,ростовская,2002,False,44,21169.0
2002,тамбовская,2002,False,252,21050.0
2002,краснодарский,2002,False,36,19791.0
2002,челябинская,2002,False,73,18268.0
2002,удмуртская,2002,False,184,17598.0
2002,воронежская,2002,False,156,17563.0
2002,смоленская,2002,False,233,16265.0
2002,калужская,2002,False,98,15758.0
2002,амурская,2002,False,50,15693.0
2002,московская,"2002,2021",True,573,14866.0
2002,архангельская,2002,False,282,13425.0
2002,саратовская,2002,False,93,12954.0
2002,алтайский,2002,False,63,12762.0
2002,ярославская,2002,False,486,12564.0
2002,вологодская,2002,False,676,12296.0
2002,кабардино балкарская,2002,False,21,12294.0
2002,татарстан,2002,False,52,11056.0
2002,орловская,2002,False,274,10649.0
2002,московская,2002,True,15,9887.0
2002,новгородская,2002,False,285,9772.0
2002,свердловская,2002,False,94,9672.0
2002,сахалинская,2002,False,41,9151.0
2002,тыва,2002,False,252,8877.0
2002,псковская,2002,False,447,8848.0
2002,владимирская,2002,False,66,8763.0
2002,костромская,2002,False,387,8756.0
2002,тульская,"2002,2021",True,100,8701.0
2002,пензенская,2002,False,120,8556.0
2002,рязанская,2002,False,50,8506.0
2002,калининградская,2002,False,58,8412.0
2002,алтайский,"2002,2021",True,10,7941.0
2002,томская,2002,False,47,7806.0
2002,архангельская,"2002,2021",True,166,7733.0
2002,приморский,2002,False,25,7583.0
2002,иркутская,2002,False,85,7068.0
2002,кемеровская,2002,False,22,6762.0
2002,кировская,2002,False,437,6732.0
2002,красноярский,2002,False,52,6534.0
2002,калининградская,"2002,2021",True,33,6368.0
2002,чувашская,"2002,2021",True,21,6037.0
2002,коми,2002,False,25,5921.0
2002,башкортостан,"2002,2021",True,38,5875.0
2002,свердловская,"2002,2021",True,13,5508.0
2002,чеченская,2002,False,18,5407.0
2002,карелия,2002,False,37,5336.0
2002,ленинградская,2002,False,74,5272.0
2002,ярославская,"2002,2021",True,52,5144.0
2002,костромская,"2002,2021",True,1210,4905.0
2002,саха якутия,2002,False,23,4804.0
2002,забайкальский,2002,False,21,4801.0
2002,карачаево черкесская,2002,False,5,4787.0
2002,новосибирская,2002,False,74,4758.0
2002,иркутская,"2002,2010",True,32,4731.0
2002,волгоградская,"2002,2021",True,13,4627.0
2002,омская,2002,False,58,4537.0
2002,ульяновская,2002,False,49,4523.0
2002,липецкая,2002,False,18,4270.0
2002,вологодская,"2002,2021",True,149,4237.0
2002,ямало ненецкий,2002,True,21,3849.0
2002,смоленская,"2002,2021",True,39,3630.0
2002,тамбовская,"2002,2021",True,24,3629.0
2002,астраханская,"2002,2010",True,5,3584.0
2002,забайкальский,"2002,2021",True,5,3439.0
2002,пермский,"2002,2010",True,44,3386.0
2002,красноярский,"2002,2010",True,27,3362.0
2002,белгородская,2002,False,16,3360.0
2002,ивановская,2002,True,5,3349.0
2002,орловская,"2002,2021",True,353,3221.0
2002,мурманская,2002,False,33,3088.0
2002,краснодарский,"2002,2010",True,1,2912.0
2002,липецкая,"2002,2021",True,134,2817.0
2002,татарстан,2002,True,1,2806.0
2002,приморский,"2002,2021",True,8,2786.0
2002,чувашская,2002,False,30,2719.0
2002,адыгея,"2002,2021",True,4,2707.0
2002,брянская,"2002,2021",True,10,2661.0
2002,нижегородская,"2002,2021",True,34,2594.0
2002,тюменская,2002,False,66,2559.0
2002,самарская,2002,False,16,2551.0
2002,хабаровский,2002,False,39,2504.0
2002,ростовская,"2002,2021",True,18,2469.0
2002,мордовия,2002,False,86,2436.0
2002,удмуртская,"2002,2010",True,7,2386.0
2002,оренбургская,2002,False,43,2380.0
2002,марий эл,2002,False,38,2298.0
2002,краснодарский,"2002,2021",True,5,2291.0
2002,северная осетия алания,2002,False,12,2215.0
2002,волгоградская,2002,False,41,2213.0
2002,ивановская,2002,False,74,2212.0
2002,бурятия,2002,False,7,2134.0
2002,ставропольский,2002,False,6,2120.0
2002,ленинградская,"2002,2021",True,8,2062.0
2002,ханты мансийский югра,2002,False,10,1956.0
2002,ставропольский,"2002,2021",True,2,1948.0
2002,пермский,"2002,2021",True,16,1895.0
2002,татарстан,"2002,2021",True,20,1880.0
2002,удмуртская,"2002,2021",True,18,1878.0
2002,приморский,"2002,2010",True,6,1823.0
2002,чукотский,2002,False,24,1767.0
2002,пермский,2002,True,53,1746.0
2002,астраханская,2002,False,12,1698.0
2002,мурманская,"2002,2021",True,7,1695.0
2002,белгородская,"2002,2021",True,6,1647.0
2002,северная осетия алания,"2002,2021",True,2,1435.0
2002,псковская,"2002,2021",True,62,1320.0
2002,еврейская,2002,False,12,1318.0
2002,новгородская,"2002,2021",True,35,1312.0
2002,ивановская,"2002,2021",True,13,1239.0
2002,адыгея,2002,False,4,1236.0
2002,брянская,2002,False,66,1223.0
2002,ростовская,"2002,2010",True,3,1219.0
2002,ярославская,"2002,2010,2021",False,59,1053.0
2002,хакасия,2002,False,1,1042.0
2002,северная осетия алания,2002,True,3,1026.0
2002,татарстан,"2002,2010",False,1,990.0
2002,саха якутия,"2002,2010",True,3,988.0
2002,курская,"2002,2010,2021",False,12,979.0
2002,свердловская,"2002,2010",True,40,979.0
2002,курская,2002,False,20,934.0
2002,курская,"2002,2021",True,172,922.0
2002,магаданская,2002,False,37,902.0
2002,ингушетия,2002,False,4,876.0
2002,рязанская,"2002,2021",True,7,872.0
2002,дагестан,"2002,2021",True,3,854.0
2002,курганская,"2002,2021",True,1,848.0
2002,курганская,2002,False,17,845.0
2002,мордовия,"2002,2021",True,4,816.0
2002,кемеровская,"2002,2021",True,1,749.0
2002,орловская,"2002,2010,2021",False,19,727.0
2002,тыва,"2002,2010",True,1,704.0
2002,архангельская,"2002,2010",True,6,681.0
2002,омская,"2002,2021",True,7,664.0
2002,алтай,2002,False,3,639.0
2002,тюменская,"2002,2021",True,1,626.0
2002,псковская,"2002,2010,2021",False,50,611.0
2002,саратовская,"2002,2010",True,18,607.0
2002,пензенская,"2002,2021",True,5,601.0
2002,волгоградская,"2002,2010",True,3,595.0
2002,смоленская,"2002,2010",True,20,535.0
2002,марий эл,"2002,2021",True,5,519.0
2002,калмыкия,"2002,2021",True,1,480.0
2002,псковская,2002,True,5,474.0
2002,рязанская,"2002,2010,2021",False,16,466.0
2002,кировская,"2002,2021",True,20,461.0
2002,новосибирская,"2002,2021",True,1,437.0
2002,ленинградская,"2002,2010",True,2,414.0
2002,саха якутия,2002,True,3,392.0
2002,ханты мансийский югра,"2002,2010",True,9,391.0
2002,калужская,2002,True,5,384.0
2002,дагестан,"2002,2010,2021",False,1,381.0
2002,тюменская,2002,True,5,381.0
2002,тамбовская,"2002,2010",True,27,375.0
2002,камчатский,2002,False,8,369.0
2002,новосибирская,"2002,2010",True,18,343.0
2002,томская,2002,True,14,332.0
2002,владимирская,"2002,2021",True,22,331.0
2002,новгородская,"2002,2010,2021",False,13,331.0
2002,брянская,"2002,2010,2021",False,16,317.0
2002,тульская,2002,True,2,316.0
2002,саратовская,"2002,2021",True,3,312.0
2002,хабаровский,"2002,2010,2021",False,7,312.0
2002,калужская,"2002,2010",True,4,309.0
2002,томская,"2002,2010",True,6,283.0
2002,брянская,"2002,2010",True,20,251.0
2002,хабаровский,"2002,2010",True,3,243.0
2002,ямало ненецкий,2002,False,11,242.0
2002,тамбовская,"2002,2021",False,1,228.0
2002,воронежская,"2002,2021",True,4,227.0
2002,ханты мансийский югра,2002,True,3,221.0
2002,калининградская,"2002,2010",True,3,217.0
2002,астраханская,2002,True,1,209.0
2002,кировская,"2002,2010",True,76,198.0
2002,кемеровская,"2002,2010,2021",False,3,194.0
2002,владимирская,2002,True,1,193.0
2002,башкортостан,2002,True,1,180.0
2002,ленинградская,"2002,2010,2021",False,7,177.0
2002,тюменская,"2002,2010",True,14,175.0
2002,московская,"2002,2010",True,3,174.0
2002,псковская,"2002,2010",True,8,167.0
2002,иркутская,"2002,2021",True,3,164.0
2002,магаданская,"2002,2010",True,9,163.0
2002,липецкая,2002,True,2,156.0
2002,пензенская,"2002,2010",True,11,152.0
2002,самарская,"2002,2010,2021",False,8,151.0
2002,тульская,"2002,2010,2021",False,8,144.0
2002,калужская,"2002,2010,2021",False,11,143.0
2002,липецкая,"2002,2010",True,1,139.0
2002,забайкальский,"2002,2010,2021",False,4,135.0
2002,новосибирская,2002,True,14,134.0
2002,ленинградская,2002,True,1,131.0
2002,коми,"2002,2010",True,2,130.0
2002,карачаево черкесская,"2002,2010",True,1,121.0
2002,нижегородская,"2002,2010,2021",False,3,114.0
2002,оренбургская,"2002,2010,2021",False,3,114.0
2002,архангельская,"2002,2021",False,5,103.0
2002,кемеровская,"2002,2010",True,5,99.0
2002,омская,"2002,2010,2021",False,2,95.0
2002,тульская,"2002,2021",False,3,93.0
2002,ивановская,"2002,2010,2021",False,6,91.0
2002,марий эл,"2002,2010",True,1,90.0
2002,нижегородская,"2002,2010",True,5,88.0
2002,калужская,"2002,2021",True,9,85.0
2002,омская,"2002,2010",True,3,85.0
2002,амурская,2002,True,1,76.0
2002,брянская,2002,True,26,76.0
2002,ярославская,"2002,2021",False,2,73.0
2002,тамбовская,2002,True,5,68.0
2002,бурятия,2002,True,2,63.0
2002,кемеровская,"2002,2021",False,1,59.0
2002,тюменская,"2002,2010,2021",False,1,59.0
2002,курганская,"2002,2010,2021",False,2,54.0
2002,московская,"2002,2021",False,2,50.0
2002,тверская,"2002,2021",True,2,49.0
2002,калининградская,"2002,2010,2021",False,1,48.0
2002,самарская,"2002,2010",True,2,47.0
2002,приморский,"2002,2021",False,1,43.0
2002,амурская,"2002,2010,2021",False,6,42.0
2002,красноярский,"2002,2021",True,2,42.0
2002,тверская,2002,True,3,41.0
2002,ненецкий,2002,False,3,39.0
2002,калининградская,2002,True,1,38.0
2002,белгородская,"2002,2010,2021",False,3,35.0
2002,вологодская,"2002,2021",False,1,35.0
2002,пермский,"2002,2021",False,8,35.0
2002,карелия,"2002,2010,2021",False,1,34.0
2002,алтайский,"2002,2010",True,4,32.0
2002,костромская,2002,True,18,29.0
2002,мордовия,"2002,2010,2021",False,5,29.0
2002,ивановская,"2002,2010",True,2,28.0
2002,мордовия,"2002,2010",True,4,28.0
2002,волгоградская,"2002,2010,2021",False,1,27.0
2002,татарстан,"2002,2010,2021",False,2,25.0
2002,хакасия,"2002,2010,2021",False,1,24.0
2002,бурятия,"2002,2010,2021",False,1,22.0
2002,удмуртская,2002,True,1,19.0
2002,кемеровская,2002,True,2,18.0
2002,костромская,"2002,2010,2021",False,1,18.0
2002,ненецкий,2002,True,1,18.0
2002,ульяновская,"2002,2010,2021",False,2,18.0
2002,архангельская,2002,True,3,17.0
2002,тульская,"2002,2010",True,2,16.0
2002,новгородская,"2002,2010",True,17,15.0
2002,челябинская,"2002,2010,2021",False,1,15.0
2002,амурская,"2002,2010",True,2,14.0
2002,тверская,"2002,2010,2021",False,4,11.0
2002,северная осетия алания,"2002,2010,2021",False,2,10.0
2002,смоленская,"2002,2021",False,3,9.0
2002,тверская,"2002,2010",True,1,9.0
2002,костромская,"2002,2021",False,1,8.0
2002,псковская,"2002,2021",False,3,8.0
2002,саратовская,2002,True,5,8.0
2002,чукотский,2002,True,1,8.0
2002,кировская,"2002,2010,2021",False,2,4.0
2002,курская,"2002,2021",False,2,4.0
2002,воронежская,2002,True,5,3.0
2002,костромская,"2002,2010",True,1,3.0
2002,новгородская,2002,True,7,3.0
2002,томская,"2002,2021",False,1,3.0
2002,сахалинская,"2002,2021",True,2,2.0
2002,ярославская,2002,True,1,2.0
2002,архангельская,"2002,2010,2021",False,1,1.0
2002,вологодская,2002,True,3,1.0
2002,ненецкий,"2002,2010,2021",True,1,1.0
2002,смоленская,2002,True,18,1.0
2002,ульяновская,"2002,2021",False,1,1.0
2002,белгородская,"2002,2021",False,1,0.0
2002,вологодская,"2002,2010",True,74,0.0
2002,вологодская,"2002,2010,2021",False,1,0.0
2002,камчатский,"2002,2010",True,1,0.0
2002,карелия,"2002,2010",True,2,0.0
2002,красноярский,2002,True,1,0.0
2002,магаданская,2002,True,1,0.0
2002,орловская,2002,True,1,0.0
2002,ямало ненецкий,"2002,2010",True,1,0.0
2002,ямало ненецкий,"2002,2021",True,1,0.0
2002,ярославская,"2002,2010",True,11,0.0
2010,московская,2010,False,598,61623.0
2010,тульская,2010,False,291,35849.0
2010,московская,"2010,2021",True,69,22946.0
2010,пермский,2010,False,251,22161.0
2010,алтайский,2010,False,61,20450.0
2010,башкортостан,2010,False,103,18916.0
2010,архангельская,2010,False,485,17924.0
2010,тверская,"2010,2021",True,254,14337.0
2010,нижегородская,2010,False,272,13824.0
2010,амурская,2010,False,39,13302.0
2010,ярославская,2010,False,520,13231.0
2010,тверская,2010,False,665,12967.0
2010,краснодарский,"2010,2021",True,18,12476.0
2010,калининградская,2010,False,72,12216.0
2010,удмуртская,"2010,2021",True,67,12205.0
2010,вологодская,2010,False,696,11370.0
2010,воронежская,"2010,2021",True,32,9556.0
2010,свердловская,2010,False,76,9312.0
2010,краснодарский,2010,False,19,9261.0
2010,тульская,"2010,2021",True,57,8887.0
2010,самарская,2010,False,11,8824.0
2010,смоленская,2010,False,233,8808.0
2010,воронежская,2010,False,23,8725.0
2010,ростовская,"2010,2021",True,14,8691.0
2010,тамбовская,"2010,2021",True,44,8403.0
2010,башкортостан,"2010,2021",True,20,8402.0
2010,саратовская,2010,False,67,8324.0
2010,тамбовская,2010,False,111,8084.0
2010,чувашская,2010,False,34,7917.0
2010,приморский,2010,False,28,7649.0
2010,алтайский,"2010,2021",True,12,7643.0
2010,оренбургская,2010,False,18,7371.0
2010,волгоградская,2010,False,27,7138.0
2010,белгородская,2010,False,22,6909.0
2010,татарстан,"2010,2021",True,34,6835.0
2010,псковская,2010,False,454,6773.0
2010,красноярский,"2010,2021",True,77,6509.0
2010,челябинская,"2010,2021",True,20,6158.0
2010,карачаево черкесская,"2010,2021",True,3,6024.0
2010,нижегородская,"2010,2021",True,26,6008.0
2010,липецкая,2010,False,43,5982.0
2010,мурманская,2010,False,27,5371.0
2010,ульяновская,"2010,2021",True,24,5241.0
2010,орловская,"2010,2021",True,81,5081.0
2010,рязанская,2010,False,50,5020.0
2010,приморский,"2010,2021",True,4,4954.0
2010,новгородская,2010,False,190,4939.0
2010,иркутская,2010,False,72,4936.0
2010,дагестан,"2010,2021",True,17,4899.0
2010,костромская,2010,False,101,4813.0
2010,пензенская,2010,False,48,4813.0
2010,новосибирская,2010,False,53,4774.0
2010,калужская,2010,False,73,4749.0
2010,адыгея,2010,False,9,4747.0
2010,чеченская,2010,False,11,4669.0
2010,забайкальский,2010,False,9,4586.0
2010,брянская,2010,False,35,4572.0
2010,ханты мансийский югра,"2010,2021",True,2,4385.0
2010,северная осетия алания,2010,False,14,4309.0
2010,орловская,2010,False,41,4239.0
2010,ленинградская,2010,False,45,4119.0
2010,кировская,"2010,2021",True,48,3960.0
2010,ростовская,2010,False,29,3958.0
2010,пермский,"2010,2021",True,33,3807.0
2010,ивановская,"2010,2021",True,27,3633.0
2010,северная осетия алания,"2010,2021",True,2,3577.0
2010,краснодарский,"2002,2010",True,1,3566.0
2010,саратовская,"2010,2021",True,46,3523.0
2010,кемеровская,2010,False,15,3457.0
2010,дагестан,2010,False,8,3379.0
2010,калмыкия,2010,False,6,3358.0
2010,чеченская,"2010,2021",True,31,3262.0
2010,ивановская,2010,False,46,3162.0
2010,пермский,"2002,2010",True,44,3117.0
2010,смоленская,"2010,2021",True,15,3095.0
2010,ярославская,"2010,2021",True,48,3007.0
2010,ставропольский,2010,False,6,2930.0
2010,иркутская,"2002,2010",True,32,2829.0
2010,липецкая,"2010,2021",True,23,2829.0
2010,брянская,"2010,2021",True,10,2823.0
2010,владимирская,2010,False,82,2765.0
2010,кировская,2010,False,148,2714.0
2010,калужская,"2010,2021",True,20,2625.0
2010,самарская,"2010,2021",True,5,2585.0
2010,удмуртская,2010,False,33,2529.0
2010,новгородская,"2010,2021",True,70,2465.0
2010,ямало ненецкий,"2010,2021",True,4,2414.0
2010,ульяновская,2010,False,8,2338.0
2010,владимирская,"2010,2021",True,10,1989.0
2010,саха якутия,2010,False,8,1976.0
2010,челябинская,2010,False,8,1948.0
2010,карелия,"2010,2021",True,5,1885.0
2010,костромская,"2010,2021",True,34,1884.0
2010,татарстан,2010,False,22,1874.0
2010,удмуртская,"2002,2010",True,7,1814.0
2010,марий эл,2010,False,23,1770.0
2010,омская,2010,False,13,1758.0
2010,ленинградская,"2010,2021",True,11,1710.0
2010,вологодская,"2010,2021",True,103,1657.0
2010,мордовия,"2010,2021",True,1,1555.0
2010,хабаровский,2010,False,21,1536.0
2010,алтай,"2010,2021",True,5,1519.0
2010,волгоградская,"2010,2021",True,9,1438.0
2010,калининградская,2010,True,1,1434.0
2010,тыва,2010,False,1,1420.0
2010,красноярский,"2002,2010",True,27,1404.0
2010,сахалинская,2010,False,7,1394.0
2010,ставропольский,"2010,2021",True,1,1377.0
2010,марий эл,"2010,2021",True,11,1351.0
2010,ингушетия,"2010,2021",True,79,1254.0
2010,астраханская,2010,False,6,1244.0
2010,астраханская,"2002,2010",True,5,1230.0
2010,томская,"2010,2021",True,6,1228.0
2010,курганская,"2010,2021",True,5,1084.0
2010,еврейская,2010,False,1,1067.0
2010,приморский,2010,True,1,1058.0
2010,забайкальский,"2010,2021",True,1,1048.0
2010,ростовская,"2002,2010",True,3,1012.0
2010,татарстан,"2002,2010",False,1,937.0
2010,мордовия,2010,False,20,935.0
2010,курская,2010,False,12,933.0
2010,приморский,"2002,2010",True,6,932.0
2010,кабардино балкарская,2010,False,2,916.0
2010,чувашская,"2010,2021",True,6,878.0
2010,тюменская,2010,False,9,852.0
2010,кемеровская,"2010,2021",True,4,850.0
2010,челябинская,"2010,2021",False,11,847.0
2010,ярославская,"2002,2010,2021",False,59,818.0
2010,калининградская,"2010,2021",True,10,787.0
2010,псковская,"2010,2021",True,37,721.0
2010,курганская,2010,False,3,719.0
2010,курская,"2002,2010,2021",False,12,690.0
2010,астраханская,"2010,2021",True,3,681.0
2010,московская,"2002,2010",True,3,668.0
2010,тыва,"2002,2010",True,1,651.0
2010,свердловская,"2002,2010",True,40,624.0
2010,архангельская,"2010,2021",True,3,611.0
2010,архангельская,"2002,2010",True,6,550.0
2010,волгоградская,"2002,2010",True,3,528.0
2010,красноярский,2010,False,21,472.0
2010,орловская,"2002,2010,2021",False,18,466.0
2010,псковская,"2002,2010,2021",False,50,446.0
2010,саратовская,"2002,2010",True,18,445.0
2010,тыва,"2010,2021",True,4,432.0
2010,дагестан,"2002,2010,2021",False,1,413.0
2010,кемеровская,2010,True,1,412.0
2010,свердловская,2010,True,3,405.0
2010,коми,"2010,2021",True,3,394.0
2010,томская,2010,False,6,388.0
2010,коми,2010,False,11,371.0
2010,рязанская,"2002,2010,2021",False,16,364.0
2010,тульская,"2010,2021",False,22,355.0
2010,омская,"2010,2021",True,3,347.0
2010,костромская,"2010,2021",False,10,334.0
2010,новгородская,"2002,2010,2021",False,13,312.0
2010,хабаровский,"2010,2021",True,6,293.0
2010,нижегородская,"2010,2021",False,7,278.0
2010,оренбургская,"2010,2021",True,2,264.0
2010,хабаровский,"2002,2010,2021",False,7,256.0
2010,тамбовская,"2002,2010",True,27,249.0
2010,ханты мансийский югра,"2002,2010",True,9,237.0
2010,иркутская,"2010,2021",True,1,227.0
2010,забайкальский,"2010,2021",False,2,224.0
2010,томская,"2002,2010",True,6,221.0
2010,ярославская,"2010,2021",False,10,217.0
2010,калининградская,"2002,2010",True,3,215.0
2010,смоленская,"2002,2010",True,20,207.0
2010,брянская,"2002,2010,2021",False,16,204.0
2010,брянская,"2002,2010",True,20,200.0
2010,тверская,"2010,2021",False,10,199.0
2010,сахалинская,"2010,2021",True,3,197.0
2010,карелия,2010,False,11,192.0
2010,хакасия,"2010,2021",True,6,182.0
2010,калужская,"2002,2010",True,4,162.0
2010,камчатский,2010,False,2,157.0
2010,саха якутия,"2010,2021",True,1,157.0
2010,амурская,"2010,2021",True,1,152.0
2010,ленинградская,"2002,2010,2021",False,7,139.0
2010,карачаево черкесская,"2002,2010",True,1,133.0
2010,самарская,"2002,2010,2021",False,8,130.0
2010,свердловская,"2010,2021",True,3,118.0
2010,забайкальский,"2002,2010,2021",False,4,114.0
2010,кемеровская,"2002,2010,2021",False,3,114.0
2010,новосибирская,"2002,2010",True,18,114.0
2010,псковская,"2002,2010",True,8,113.0
2010,пермский,"2010,2021",False,10,108.0
2010,чувашская,"2010,2021",False,1,105.0
2010,тульская,"2002,2010,2021",False,8,102.0
2010,калужская,"2002,2010,2021",False,11,101.0
2010,адыгея,"2010,2021",True,1,94.0
2010,пензенская,"2010,2021",True,3,92.0
2010,ульяновская,"2010,2021",False,7,90.0
2010,марий эл,"2002,2010",True,1,79.0
2010,оренбургская,"2002,2010,2021",False,3,77.0
2010,нижегородская,"2002,2010",True,5,73.0
2010,хабаровский,"2002,2010",True,3,73.0
2010,тюменская,"2002,2010",True,14,66.0
2010,орловская,"2002,2010,2021",True,1,65.0
2010,томская,"2010,2021",False,1,65.0
2010,калининградская,"2010,2021",False,1,63.0
2010,ивановская,"2002,2010,2021",False,6,62.0
2010,еврейская,"2010,2021",True,1,61.0
2010,нижегородская,"2002,2010,2021",False,3,61.0
2010,омская,"2002,2010,2021",False,2,61.0
2010,магаданская,2010,False,4,57.0
2010,липецкая,"2002,2010",True,1,56.0
2010,ханты мансийский югра,2010,False,2,56.0
2010,рязанская,"2010,2021",True,2,55.0
2010,бурятия,"2010,2021",True,1,54.0
2010,калининградская,"2002,2010,2021",False,1,53.0
2010,магаданская,"2002,2010",True,9,52.0
2010,пермский,2010,True,1,47.0
2010,карелия,"2002,2010,2021",False,1,42.0
2010,калужская,"2010,2021",False,3,41.0
2010,кемеровская,"2010,2021",False,1,41.0
2010,дагестан,"2010,2021",False,1,39.0
2010,вологодская,"2002,2010,2021",False,1,37.0
2010,приморский,"2010,2021",False,1,36.0
2010,саха якутия,"2002,2010",True,3,35.0
2010,липецкая,"2010,2021",False,1,31.0
2010,мордовия,"2002,2010,2021",False,5,31.0
2010,тамбовская,"2010,2021",False,1,29.0
2010,татарстан,"2002,2010,2021",False,2,28.0
2010,ивановская,"2010,2021",False,3,25.0
2010,камчатский,2010,True,1,25.0
2010,бурятия,"2002,2010,2021",False,1,24.0
2010,ленинградская,"2002,2010",True,2,23.0
2010,башкортостан,"2010,2021",False,2,22.0
2010,ивановская,2010,True,3,22.0
2010,хабаровский,"2010,2021",False,1,22.0
2010,архангельская,2010,True,1,20.0
2010,ивановская,"2002,2010",True,2,20.0
2010,ненецкий,2010,False,1,20.0
2010,тюменская,"2002,2010,2021",False,1,19.0
2010,самарская,"2002,2010",True,2,18.0
2010,курганская,"2002,2010,2021",False,2,14.0
2010,хакасия,"2002,2010,2021",False,1,14.0
2010,амурская,"2002,2010,2021",False,6,13.0
2010,волгоградская,"2002,2010,2021",False,1,13.0
2010,ульяновская,"2002,2010,2021",False,2,11.0
2010,ямало ненецкий,2010,False,2,11.0
2010,московская,"2010,2021",False,1,10.0
2010,ямало ненецкий,"2002,2010",True,1,10.0
2010,северная осетия алания,"2002,2010,2021",False,2,9.0
2010,амурская,"2002,2010",True,2,8.0
2010,пензенская,"2002,2010",True,11,7.0
2010,белгородская,"2002,2010,2021",False,3,6.0
2010,алтайский,"2002,2010",True,4,5.0
2010,омская,"2002,2010",True,3,5.0
2010,костромская,"2002,2010,2021",False,1,4.0
2010,тульская,"2002,2010",True,2,4.0
2010,тюменская,"2010,2021",True,1,4.0
2010,кировская,"2002,2010,2021",False,2,3.0
2010,коми,"2002,2010",True,2,3.0
2010,костромская,"2002,2010",True,1,3.0
2010,карелия,2010,True,1,1.0
2010,алтайский,2010,True,1,0.0
2010,архангельская,"2002,2010,2021",True,1,0.0
2010,вологодская,"2002,2010",True,74,0.0
2010,вологодская,"2010,2021",False,1,0.0
2010,камчатский,"2002,2010",True,1,0.0
2010,карелия,"2002,2010",True,2,0.0
2010,кемеровская,"2002,2010",True,5,0.0
2010,кировская,"2002,2010",True,76,0.0
2010,кировская,"2010,2021",False,1,0.0
2010,красноярский,2010,True,2,0.0
2010,мордовия,"2002,2010",True,4,0.0
2010,ненецкий,"2002,2010,2021",True,1,0.0
2010,новгородская,"2002,2010",True,17,0.0
2010,пензенская,"2010,2021",False,1,0.0
2010,тверская,"2002,2010",True,1,0.0
2010,тверская,"2002,2010,2021",False,4,0.0
2010,челябинская,"2002,2010,2021",False,1,0.0
2010,ярославская,"2002,2010",True,11,0.0
2021,московская,2021,True,482,77706.0
2021,московская,"2002,2021",True,573,33878.0
2021,московская,"2010,2021",True,68,22772.0
2021,тульская,2021,True,141,19236.0
2021,забайкальский,2021,True,75,18667.0
2021,пермский,2021,True,156,15758.0
2021,краснодарский,"2010,2021",True,18,14284.0
2021,тверская,"2010,2021",True,246,12325.0
2021,ростовская,"2010,2021",True,14,11933.0
2021,саратовская,2021,True,67,11466.0
2021,амурская,2021,True,31,11251.0
2021,краснодарский,2021,True,11,11183.0
2021,удмуртская,"2010,2021",True,67,11133.0
2021,башкортостан,"2010,2021",True,17,10653.0
2021,тульская,"2010,2021",True,57,10451.0
2021,воронежская,"2010,2021",True,32,8665.0
2021,нижегородская,2021,True,187,8549.0
2021,тульская,"2002,2021",True,102,8458.0
2021,тверская,2021,True,471,7920.0
2021,башкортостан,2021,True,33,7780.0
2021,калининградская,"2002,2021",True,32,7655.0
2021,тамбовская,"2010,2021",True,44,7238.0
2021,калининградская,2021,True,28,6857.0
2021,архангельская,2021,True,203,6754.0
2021,иркутская,2021,True,67,6715.0
2021,ярославская,2021,True,280,6511.0
2021,татарстан,"2010,2021",True,34,6356.0
2021,нижегородская,"2010,2021",True,26,6109.0
2021,челябинская,"2010,2021",True,20,5953.0
2021,брянская,"2010,2021",True,10,5932.0
2021,алтайский,"2010,2021",True,12,5866.0
2021,ханты мансийский югра,"2010,2021",True,2,5861.0
2021,ярославская,"2002,2021",True,53,5716.0
2021,смоленская,2021,True,113,5686.0
2021,вологодская,2021,True,381,5492.0
2021,красноярский,"2010,2021",True,77,5430.0
2021,чувашская,"2002,2021",True,21,5406.0
2021,карелия,2021,True,56,5144.0
2021,алтайский,"2002,2021",True,10,4987.0
2021,ленинградская,2021,True,34,4884.0
2021,архангельская,"2002,2021",True,165,4548.0
2021,псковская,2021,True,237,4421.0
2021,дагестан,"2010,2021",True,16,4381.0
2021,вологодская,"2002,2021",True,149,4312.0
2021,московская,2021,False,53,4257.0
2021,ульяновская,"2010,2021",True,24,4104.0
2021,орловская,"2010,2021",True,80,4073.0
2021,приморский,"2010,2021",True,4,4021.0
2021,пермский,"2010,2021",True,33,3850.0
2021,чеченская,2021,True,4,3785.0
2021,волгоградская,"2002,2021",True,13,3759.0
2021,дагестан,2021,True,15,3730.0
2021,чеченская,"2010,2021",True,31,3679.0
2021,саратовская,"2010,2021",True,46,3587.0
2021,ярославская,"2010,2021",True,48,3382.0
2021,кировская,"2010,2021",True,48,3171.0
2021,северная осетия алания,"2010,2021",True,2,3125.0
2021,пермский,2021,False,74,2916.0
2021,калужская,2021,True,56,2859.0
2021,смоленская,"2002,2021",True,39,2841.0
2021,воронежская,2021,True,8,2699.0
2021,тульская,2021,False,84,2698.0
2021,ростовская,2021,True,11,2666.0
2021,калужская,"2010,2021",True,20,2650.0
2021,липецкая,"2010,2021",True,23,2514.0
2021,тамбовская,"2002,2021",True,22,2497.0
2021,тверская,2021,False,187,2497.0
2021,белгородская,"2002,2021",True,6,2435.0
2021,рязанская,2021,True,35,2355.0
2021,ингушетия,"2010,2021",True,79,2338.0
2021,самарская,"2010,2021",True,5,2300.0
2021,смоленская,"2010,2021",True,15,2235.0
2021,новгородская,"2010,2021",True,70,2231.0
2021,алтайский,2021,True,15,2199.0
2021,мурманская,2021,True,2,2192.0
2021,приморский,2021,True,19,2167.0
2021,краснодарский,"2002,2021",True,5,2163.0
2021,ямало ненецкий,"2010,2021",True,4,2155.0
2021,приморский,"2002,2021",True,8,2153.0
2021,липецкая,"2002,2021",True,134,1964.0
2021,костромская,"2002,2021",True,1209,1961.0
2021,марий эл,"2010,2021",True,11,1933.0
2021,брянская,"2002,2021",True,10,1921.0
2021,алтай,"2010,2021",True,5,1906.0
2021,северная осетия алания,"2002,2021",True,2,1896.0
2021,орловская,2021,True,44,1894.0
2021,ставропольский,"2002,2021",True,2,1835.0
2021,северная осетия алания,2021,True,11,1833.0
2021,вологодская,"2010,2021",True,103,1801.0
2021,мордовия,"2010,2021",True,1,1800.0
2021,ростовская,"2002,2021",True,18,1796.0
2021,калининградская,"2010,2021",True,10,1790.0
2021,владимирская,"2010,2021",True,10,1716.0
2021,самарская,2021,True,4,1703.0
2021,татарстан,2021,True,10,1688.0
2021,ленинградская,"2010,2021",True,11,1650.0
2021,архангельская,2021,False,97,1635.0
2021,кировская,2021,True,74,1635.0
2021,забайкальский,"2002,2021",True,5,1608.0
2021,костромская,"2010,2021",True,34,1584.0
2021,пензенская,2021,True,10,1569.0
2021,татарстан,"2002,2021",True,20,1509.0
2021,саха якутия,2021,True,5,1493.0
2021,смоленская,2021,False,98,1478.0
2021,нижегородская,2021,False,44,1477.0
2021,челябинская,2021,True,8,1476.0
2021,удмуртская,"2002,2021",True,18,1474.0
2021,башкортостан,"2002,2021",True,21,1431.0
2021,пермский,"2002,2021",True,16,1324.0
2021,удмуртская,2021,True,11,1304.0
2021,нижегородская,"2002,2021",True,34,1291.0
2021,хабаровский,2021,True,4,1251.0
2021,ярославская,2021,False,178,1204.0
2021,ставропольский,"2010,2021",True,1,1200.0
2021,орловская,"2002,2021",True,353,1198.0
2021,карелия,"2010,2021",True,5,1155.0
2021,волгоградская,"2010,2021",True,9,1151.0
2021,хакасия,2021,True,6,1081.0
2021,псковская,"2002,2021",True,61,1053.0
2021,чувашская,2021,True,5,1048.0
2021,томская,"2010,2021",True,6,1024.0
2021,сахалинская,2021,True,3,1012.0
2021,мурманская,"2002,2021",True,7,993.0
2021,карачаево черкесская,"2010,2021",True,1,981.0
2021,тамбовская,2021,True,11,971.0
2021,кемеровская,2021,True,5,963.0
2021,курганская,"2010,2021",True,5,958.0
2021,дагестан,"2002,2021",True,3,939.0
2021,костромская,2021,False,98,892.0
2021,марий эл,2021,True,11,880.0
2021,ивановская,"2010,2021",True,26,842.0
2021,тыва,2021,True,1,829.0
2021,свердловская,2021,True,17,827.0
2021,новгородская,2021,True,79,807.0
2021,челябинская,"2010,2021",False,11,803.0
2021,новгородская,2021,False,59,796.0
2021,новгородская,"2002,2021",True,35,789.0
2021,новосибирская,2021,True,42,763.0
2021,белгородская,2021,True,8,730.0
2021,кемеровская,"2010,2021",True,4,729.0
2021,владимирская,2021,True,33,727.0
2021,костромская,2021,True,115,723.0
2021,чувашская,"2010,2021",True,6,722.0
2021,астраханская,"2010,2021",True,3,674.0
2021,псковская,2021,False,145,663.0
2021,свердловская,"2002,2021",True,7,659.0
2021,тамбовская,2021,False,11,658.0
2021,забайкальский,2021,False,2,631.0
2021,архангельская,"2010,2021",True,3,614.0
2021,ивановская,"2002,2021",True,12,578.0
2021,липецкая,2021,True,6,564.0
2021,вологодская,2021,False,69,552.0
2021,астраханская,2021,True,2,541.0
2021,тюменская,"2002,2021",True,1,537.0
2021,рязанская,"2002,2021",True,7,519.0
2021,оренбургская,2021,True,3,507.0
2021,ставропольский,2021,True,2,499.0
2021,мордовия,"2002,2021",True,4,494.0
2021,тыва,"2010,2021",True,4,491.0
2021,ярославская,"2002,2010,2021",True,30,479.0
2021,калининградская,2021,False,12,456.0
2021,чувашская,2021,False,7,455.0
2021,кемеровская,"2002,2021",True,1,448.0
2021,саратовская,"2002,2021",True,3,419.0
2021,ульяновская,2021,True,5,409.0
2021,тульская,"2010,2021",False,22,397.0
2021,ленинградская,"2002,2021",True,8,393.0
2021,брянская,2021,True,9,384.0
2021,курганская,"2002,2021",True,1,372.0
2021,кабардино балкарская,2021,True,1,367.0
2021,орловская,"2002,2010,2021",True,18,367.0
2021,курская,"2002,2010,2021",False,8,360.0
2021,псковская,"2010,2021",True,36,354.0
2021,курская,2021,True,18,336.0
2021,марий эл,"2002,2021",True,5,329.0
2021,ивановская,2021,True,27,327.0
2021,омская,2021,True,4,327.0
2021,кировская,"2002,2021",True,20,324.0
2021,тюменская,2021,True,4,314.0
2021,забайкальский,"2010,2021",True,1,312.0
2021,псковская,"2002,2010,2021",True,30,298.0
2021,омская,"2002,2021",True,7,293.0
2021,томская,2021,False,11,278.0
2021,коми,2021,True,11,274.0
2021,коми,"2010,2021",True,3,268.0
2021,кировская,2021,False,11,264.0
2021,красноярский,2021,True,4,262.0
2021,нижегородская,"2010,2021",False,7,234.0
2021,томская,2021,True,1,224.0
2021,ярославская,"2002,2010,2021",False,29,220.0
2021,новгородская,"2002,2010,2021",True,10,214.0
2021,омская,"2010,2021",True,3,209.0
2021,иркутская,"2010,2021",True,1,207.0
2021,воронежская,"2002,2021",True,4,206.0
2021,краснодарский,2021,False,3,192.0
2021,тамбовская,"2002,2021",False,1,187.0
2021,иркутская,"2002,2021",True,3,176.0
2021,оренбургская,"2010,2021",True,2,176.0
2021,владимирская,"2002,2021",True,18,174.0
2021,хабаровский,"2002,2010,2021",False,7,170.0
2021,рязанская,"2002,2010,2021",True,8,167.0
2021,свердловская,"2010,2021",True,4,160.0
2021,костромская,"2010,2021",False,10,155.0
2021,хабаровский,"2010,2021",True,6,152.0
2021,адыгея,"2010,2021",True,1,151.0
2021,мордовия,2021,False,2,142.0
2021,ярославская,"2010,2021",False,10,139.0
2021,волгоградская,2021,True,2,137.0
2021,пензенская,2021,False,2,135.0
2021,камчатский,2021,True,1,131.0
2021,курская,"2002,2010,2021",True,4,130.0
2021,курская,"2002,2021",True,172,127.0
2021,пензенская,"2002,2021",True,3,124.0
2021,калужская,"2002,2010,2021",True,10,123.0
2021,ленинградская,"2002,2010,2021",False,7,117.0
2021,тверская,"2010,2021",False,10,116.0
2021,орловская,2021,False,5,115.0
2021,свердловская,2021,False,2,115.0
2021,липецкая,2021,False,3,113.0
2021,рязанская,"2002,2010,2021",False,8,111.0
2021,саратовская,2021,False,7,106.0
2021,саха якутия,"2010,2021",True,1,102.0
2021,брянская,"2002,2010,2021",True,6,101.0
2021,амурская,"2010,2021",True,1,99.0
2021,самарская,"2002,2010,2021",True,5,97.0
2021,калужская,"2002,2021",True,9,96.0
2021,белгородская,2021,False,2,95.0
2021,архангельская,"2002,2021",False,5,88.0
2021,башкортостан,2021,False,2,88.0
2021,тульская,"2002,2010,2021",True,4,88.0
2021,иркутская,2021,False,2,87.0
2021,алтайский,2021,False,5,79.0
2021,московская,"2002,2021",False,2,79.0
2021,ставропольский,2021,False,1,73.0
2021,самарская,"2002,2010,2021",False,3,69.0
2021,кемеровская,2021,False,2,68.0
2021,калининградская,"2010,2021",False,1,64.0
2021,забайкальский,"2010,2021",False,2,62.0
2021,красноярский,2021,False,1,62.0
2021,хакасия,"2010,2021",True,6,62.0
2021,дагестан,"2002,2010,2021",False,1,61.0
2021,оренбургская,"2002,2010,2021",True,3,61.0
2021,хабаровский,2021,False,5,60.0
2021,забайкальский,"2002,2010,2021",False,4,59.0
2021,кемеровская,"2002,2010,2021",False,3,57.0
2021,нижегородская,"2002,2010,2021",False,3,56.0
2021,томская,"2010,2021",False,1,55.0
2021,калининградская,"2002,2010,2021",False,1,54.0
2021,бурятия,2021,False,1,53.0
2021,карелия,"2002,2010,2021",False,1,53.0
2021,бурятия,"2010,2021",True,1,52.0
2021,бурятия,2021,True,1,52.0
2021,ивановская,2021,False,5,50.0
2021,тамбовская,"2010,2021",False,1,48.0
2021,чувашская,"2010,2021",False,1,48.0
2021,рязанская,"2010,2021",True,2,47.0
2021,курганская,2021,True,1,44.0
2021,пермский,"2010,2021",False,10,44.0
2021,калужская,"2010,2021",False,3,41.0
2021,ярославская,"2002,2021",False,1,41.0
2021,пензенская,"2010,2021",True,4,40.0
2021,воронежская,2021,False,2,38.0
2021,псковская,"2002,2010,2021",False,20,38.0
2021,адыгея,2021,True,2,36.0
2021,дагестан,"2010,2021",False,1,35.0
2021,пермский,"2002,2021",False,8,34.0
2021,сахалинская,"2010,2021",True,3,33.0
2021,ивановская,"2002,2010,2021",False,1,32.0
2021,ямало ненецкий,"2002,2021",True,1,29.0
2021,вологодская,"2002,2010,2021",False,1,28.0
2021,марий эл,2021,False,1,27.0
2021,омская,"2002,2010,2021",False,2,27.0
2021,новосибирская,2021,False,2,26.0
2021,волгоградская,"2002,2010,2021",False,1,24.0
2021,волгоградская,2021,False,1,22.0
2021,кемеровская,"2010,2021",False,1,21.0
2021,самарская,2021,False,4,20.0
2021,ивановская,"2010,2021",False,3,19.0
2021,липецкая,"2010,2021",False,1,19.0
2021,новгородская,"2002,2010,2021",False,3,18.0
2021,приморский,"2010,2021",False,1,18.0
2021,приморский,2021,False,4,18.0
2021,рязанская,2021,False,5,17.0
2021,вологодская,"2002,2021",False,1,16.0
2021,брянская,2021,False,4,15.0
2021,ростовская,2021,False,2,15.0
2021,приморский,"2002,2021",False,1,14.0
2021,еврейская,"2010,2021",True,1,13.0
2021,московская,"2010,2021",False,1,13.0
2021,кемеровская,"2002,2021",False,1,12.0
2021,ненецкий,2021,True,1,12.0
2021,тверская,"2002,2010,2021",False,4,12.0
2021,хабаровский,"2010,2021",False,1,12.0
2021,ивановская,"2002,2010,2021",True,5,11.0
2021,башкортостан,"2010,2021",False,2,10.0
2021,мордовия,"2002,2010,2021",False,5,9.0
2021,тюменская,"2002,2010,2021",False,1,9.0
2021,амурская,2021,False,1,8.0
2021,брянская,"2002,2010,2021",False,10,8.0
2021,мордовия,2021,True,4,8.0
2021,красноярский,"2002,2021",True,2,7.0
2021,тюменская,"2010,2021",True,1,7.0
2021,ульяновская,"2002,2010,2021",False,2,7.0
2021,хакасия,"2002,2010,2021",False,1,7.0
2021,ульяновская,"2010,2021",False,7,6.0
2021,астраханская,2021,False,1,5.0
2021,бурятия,"2002,2010,2021",False,1,5.0
2021,костромская,"2002,2010,2021",False,1,5.0
2021,омская,2021,False,1,5.0
2021,северная осетия алания,"2002,2010,2021",True,1,5.0
2021,татарстан,"2002,2010,2021",True,1,5.0
2021,тверская,"2002,2021",True,2,5.0
2021,курганская,2021,False,1,4.0
2021,курганская,"2002,2010,2021",False,2,3.0
2021,алтай,2021,True,1,2.0
2021,костромская,"2002,2021",False,2,2.0
2021,томская,"2002,2021",False,1,2.0
2021,калужская,"2002,2010,2021",False,1,1.0
2021,ненецкий,"2002,2010,2021",True,1,1.0
2021,орловская,"2002,2010,2021",False,1,1.0
2021,татарстан,"2002,2010,2021",False,1,1.0
2021,амурская,"2002,2010,2021",False,6,0.0
2021,архангельская,"2002,2010,2021",True,1,0.0
2021,белгородская,"2002,2010,2021",False,1,0.0
2021,белгородская,"2002,2010,2021",True,2,0.0
2021,белгородская,"2002,2021",False,1,0.0
2021,вологодская,"2010,2021",False,1,0.0
2021,дагестан,2021,False,1,0.0
2021,калужская,2021,False,1,0.0
2021,карелия,2021,False,1,0.0
2021,кировская,"2002,2010,2021",False,2,0.0
2021,кировская,"2010,2021",False,1,0.0
2021,курская,"2002,2021",False,2,0.0
2021,псковская,"2002,2021",False,3,0.0
2021,саха якутия,2021,False,1,0.0
2021,сахалинская,"2002,2021",True,2,0.0
2021,сахалинская,2021,False,1,0.0
2021,северная осетия алания,"2002,2010,2021",False,1,0.0
2021,смоленская,"2002,2021",False,3,0.0
2021,тульская,"2002,2010,2021",False,4,0.0
2021,ульяновская,"2002,2021",False,1,0.0
2021,челябинская,"2002,2010,2021",False,1,0.0
2021,ямало ненецкий,2021,True,1,0.0
