from_source_record_id,to_source_record_id,name,old_historical_code,current_raw_provider_own_code,exact_own_code_agrees,current_raw_own_label,current_raw_object_label,current_raw_own_type,current_raw_county,other_2009_classifier_object_exists,other_2009_object_code_label,other_2009_object_type,provider_other_historical_code_is_distinct
KAL2010:TOM1:S4:R0340,2021:data_allsettlements_anon_156_v20251217.parquet:parquet:26684,шоссейное,27209825001,27239000098,False,Шоссейное,посёлок Шоссейное,поселок,Черняховский муниципальный округ,False,,,False
2002:010_3e630cc803_02c_Moskovskaya-oblast.xls:Sheet1:5831,2021:data_allsettlements_anon_156_v20251217.parquet:parquet:69463,Новая,46252846001,46466000423,False,Новая,деревня Новая,деревня,Рузский городской округ,False,,,False
2010:010_711691e352_2._20Kostrom_Kur_Lip_Moscow_MoscObl_Orlov_2010.xls:Data Sheet:10941,2021:data_allsettlements_anon_156_v20251217.parquet:parquet:67957,Семёновское,46233840001,46445000683,False,Семёновское,село Семёновское,село,Можайский городской округ,False,,,False
ROSSTAT2010:T5:p130:l37,2021:data_allsettlements_anon_156_v20251217.parquet:parquet:75544,Гавриловка,22421554,22421804001,False,Гавриловка,посёлок Гавриловка,поселок,Городской округ город Дзержинск,False,,,False
2010:008_342f3c208b_16._20Сиб_ФО_2010.xls:Sib:1463,2021:data_allsettlements_anon_156_v20251217.parquet:parquet:40930,Дружба,01257815001,1257815001,False,Дружба,село  Дружба,село,Целинный муниципальный район,False,,,False
2002:022_862ad8a69d_02c_Vologodskaya.xls:2C:3464,2021:data_allsettlements_anon_156_v20251217.parquet:parquet:11887,Гремячий,19224836004,19224836004,True,Гремячий,посёлок Гремячий,поселок,Тотемский муниципальный район,True,п Гремячий,поселок,False
2010:010_711691e352_2._20Kostrom_Kur_Lip_Moscow_MoscObl_Orlov_2010.xls:Data Sheet:11241,2021:data_allsettlements_anon_156_v20251217.parquet:parquet:67324,Петровское,46238834001,46437000529,False,Петровское,село Петровское,село,Городской округ Клин,False,,,False
2002:012_c6dde723e8_02c_Ryazanskaja.xls:Sheet1:1344,2021:data_allsettlements_anon_156_v20251217.parquet:parquet:112317,Павловка,61220855001,None,False,,деревня Павловка,,Кораблинский муниципальный район,False,,,False
2002:017_6374fdddeb_02c_Yaroslavskaja.xls:Sheet1:3491,2021:data_allsettlements_anon_156_v20251217.parquet:parquet:172999,Ефимьево,78232872001,78232872001,True,Ефимьево,село Ефимьево,село,Городской округ город Переславль-Залесский,True,с Ефимьево,село,False
2002:048_4f024587eb_02c_Nizhegorod_obl_new.xls:11:397,2021:data_allsettlements_anon_156_v20251217.parquet:parquet:75112,Комарово,22207836002,22401812002,False,Комарово,деревня Комарово,деревня,Городской округ город Нижний Новгород,False,,,False
2010:010_711691e352_2._20Kostrom_Kur_Lip_Moscow_MoscObl_Orlov_2010.xls:Data Sheet:12786,2021:data_allsettlements_anon_156_v20251217.parquet:parquet:69342,Богородское,46249810024,46466000063,False,Богородское,село Богородское,село,Рузский городской округ,False,,,False
2010:010_711691e352_2._20Kostrom_Kur_Lip_Moscow_MoscObl_Orlov_2010.xls:Data Sheet:9365,2021:data_allsettlements_anon_156_v20251217.parquet:parquet:66480,Здравница,46215858018,46428000273,False,Здравница,посёлок Здравница,поселок,Сергиево-Посадский городской округ,False,,,False
2002:010_3e630cc803_02c_Moskovskaya-oblast.xls:Sheet1:4541,2021:data_allsettlements_anon_156_v20251217.parquet:parquet:66929,Львово,46246804006,46433000367,False,Львово,деревня Львово,деревня,Городской округ Истра,False,,,False
2002:010_3e630cc803_02c_Moskovskaya-oblast.xls:Sheet1:3879,2021:data_allsettlements_anon_156_v20251217.parquet:parquet:68532,Тимково,46239816006,46451000341,False,Тимково,деревня Тимково,деревня,Богородский городской округ,False,,,False
2010:011_040325482b_3._20Ryaz_Smol_Tambov_Tula_Jaroslavl_20L1_20ethn_2010.xls:Data Sheet:8839,2021:data_allsettlements_anon_156_v20251217.parquet:parquet:128884,Гавриловка,68232870003,68232000018,False,Гавриловка,село Гавриловка,село,Сампурский муниципальный район,False,,,False
2010:008_342f3c208b_16._20Сиб_ФО_2010.xls:Sib:1056,2021:data_allsettlements_anon_156_v20251217.parquet:parquet:40350,Михайловка,01241810002,1241000007,False,Михайловка,посёлок Михайловка,поселок,Суетский муниципальный район,False,,,False
2002:010_3e630cc803_02c_Moskovskaya-oblast.xls:Sheet1:3838,2021:data_allsettlements_anon_156_v20251217.parquet:parquet:68488,Ельня,46239802014,46451000121,False,Ельня,деревня Ельня,деревня,Богородский городской округ,False,,,False
2010:016_802d308e41_8._20Or_Penz_Perm_Samar_Saratov_Uly_2010.xls:!!!:7604,2021:data_allsettlements_anon_156_v20251217.parquet:parquet:98781,Ольховка,57256802003,57256000081,False,Ольховка,посёлок Ольховка,поселок,Чердынский городской округ,False,,,False
2002:012_c6dde723e8_02c_Ryazanskaja.xls:Sheet1:1282,2021:data_allsettlements_anon_156_v20251217.parquet:parquet:112686,Ольховка,61220805006,61220805006,True,Ольховка,деревня Ольховка,деревня,Александро-Невский муниципальный район,True,д Ольховка,деревня,False
2002:010_3e630cc803_02c_Moskovskaya-oblast.xls:Sheet1:6861,2021:data_allsettlements_anon_156_v20251217.parquet:parquet:67633,Леониха,46259802005,46442000031,False,Леониха,деревня Леониха,деревня,Городской округ Лосино-Петровский,False,,,False
2002:010_3e630cc803_02c_Moskovskaya-oblast.xls:Sheet1:1876,2021:data_allsettlements_anon_156_v20251217.parquet:parquet:67197,Высоково,46218825018,46437000148,False,Высоково,деревня Высоково,деревня,Городской округ Клин,False,,,False
2002:026_0eca405331_02c_Novgorodskaja.xls:Sheet1:3670,2021:data_allsettlements_anon_156_v20251217.parquet:parquet:77044,Никитино,49245810007,49245810007,True,Никитино,деревня Никитино,деревня,Хвойнинский муниципальный округ Новгородской области,True,д Никитино,деревня,False
2002:010_3e630cc803_02c_Moskovskaya-oblast.xls:Sheet1:1201,2021:data_allsettlements_anon_156_v20251217.parquet:parquet:67584,Старое,46212840018,46438000613,False,Старое,деревня Старое,деревня,Городской округ Коломна,False,,,False
2002:010_3e630cc803_02c_Moskovskaya-oblast.xls:Sheet1:3880,2021:data_allsettlements_anon_156_v20251217.parquet:parquet:68483,Гаврилово,46239816007,46451000096,False,Гаврилово,деревня Гаврилово,деревня,Богородский городской округ,False,,,False
2010:010_711691e352_2._20Kostrom_Kur_Lip_Moscow_MoscObl_Orlov_2010.xls:Data Sheet:12560,2021:data_allsettlements_anon_156_v20251217.parquet:parquet:69572,Бисерово,46248870015,46468000040,False,Бисерово,село Бисерово,село,Раменский городской округ,False,,,False
2002:010_3e630cc803_02c_Moskovskaya-oblast.xls:Sheet1:3870,2021:data_allsettlements_anon_156_v20251217.parquet:parquet:68533,Тимохово,46239813008,46451000346,False,Тимохово,деревня Тимохово,деревня,Богородский городской округ,False,,,False
2002:010_3e630cc803_02c_Moskovskaya-oblast.xls:Sheet1:2158,2021:data_allsettlements_anon_156_v20251217.parquet:parquet:67884,Михайловское,46221819002,46445000500,False,Михайловское,село Михайловское,село,Можайский городской округ,False,,,False
2002:050_a0dc3f856b_penzen_obl.xls:Sheet1:110,2021:data_allsettlements_anon_156_v20251217.parquet:parquet:94061,Красный Восток,56206807003,56206807003,True,Красный Восток,посёлок Красный Восток,поселок,Спасский муниципальный район,True,п Красный Восток,поселок,False
2002:010_3e630cc803_02c_Moskovskaya-oblast.xls:Sheet1:3609,2021:data_allsettlements_anon_156_v20251217.parquet:parquet:70096,Соколово,46238822005,46471000625,False,Соколово,деревня Соколово,деревня,Городской округ Солнечногорск,False,,,False
2010:010_711691e352_2._20Kostrom_Kur_Lip_Moscow_MoscObl_Orlov_2010.xls:Data Sheet:12539,2021:data_allsettlements_anon_156_v20251217.parquet:parquet:69592,Вороново,46248858019,46468000100,False,Вороново,деревня Вороново,деревня,Раменский городской округ,False,,,False
2002:010_3e630cc803_02c_Moskovskaya-oblast.xls:Sheet1:2279,2021:data_allsettlements_anon_156_v20251217.parquet:parquet:65280,Аксеново,46221846002,46408000007,False,Аксеново,село Аксеново,село,Волоколамский городской округ,False,,,False
2002:007_acff9aa32d_02c_Kostromskaja.xls:Sheet1:2296,2021:data_allsettlements_anon_156_v20251217.parquet:parquet:43283,Мельниково,34226820009,34226820009,True,Мельниково,деревня Мельниково,деревня,Муниципальный район город Нерехта и Нерехтский район,True,д Мельниково,деревня,False
2002:010_3e630cc803_02c_Moskovskaya-oblast.xls:Sheet1:2303,2021:data_allsettlements_anon_156_v20251217.parquet:parquet:69970,Головково,46221852002,46471000121,False,Головково,деревня Головково,деревня,Городской округ Солнечногорск,False,,,False
2002:010_3e630cc803_02c_Moskovskaya-oblast.xls:Sheet1:3892,2021:data_allsettlements_anon_156_v20251217.parquet:parquet:68524,Пятково,46239819001,46451000301,False,Пятково,деревня Пятково,деревня,Богородский городской округ,False,,,False
2002:010_3e630cc803_02c_Moskovskaya-oblast.xls:Sheet1:3900,2021:data_allsettlements_anon_156_v20251217.parquet:parquet:68512,Мишуково,46239819009,46451000241,False,Мишуково,деревня Мишуково,деревня,Богородский городской округ,False,,,False
2010:014_5ca759eea0_5._20Nizheg_Kirov_202010.xls:Data Sheet:98,2021:data_allsettlements_anon_156_v20251217.parquet:parquet:75253,Волчиха,22203808004,22412832019,False,Волчиха (Линдовский с/с),деревня Волчиха,деревня,Городской округ город Бор,False,,,False
2002:072_970adef884_Kemerov_obl_new.xls:Sheet1:737,2021:data_allsettlements_anon_156_v20251217.parquet:parquet:33259,Александровка,32222813002,32416000002,False,Александровка,деревня Александровка,деревня,Киселевский городской округ,False,,,False
2002:010_3e630cc803_02c_Moskovskaya-oblast.xls:Sheet1:904,2021:data_allsettlements_anon_156_v20251217.parquet:parquet:69864,Лукино,46209810008,46470000346,False,Лукино,деревня Лукино,деревня,Городской округ Серпухов,False,,,False
2010:010_711691e352_2._20Kostrom_Kur_Lip_Moscow_MoscObl_Orlov_2010.xls:Data Sheet:15377,2021:data_allsettlements_anon_156_v20251217.parquet:parquet:91904,Красная Поляна,54225802007,54225802007,True,Красная Поляна,посёлок Красная Поляна,поселок,Кромской муниципальный район,True,п Красная Поляна,поселок,False
2002:007_acff9aa32d_02c_Kostromskaja.xls:Sheet1:2291,2021:data_allsettlements_anon_156_v20251217.parquet:parquet:43272,Власово,34226820004,34226820004,True,Власово,деревня Власово,деревня,Муниципальный район город Нерехта и Нерехтский район,True,д Власово,деревня,False
2010:013_f60b2d2bcf_5._20Belg_Bryan_Vlad_Voron_Ivanov_Kalug_20L1_ethn_2010.xls:Data Sheet:10882,2021:data_allsettlements_anon_156_v20251217.parquet:parquet:22148,Юшково,24225804028,24221000234,False,Юшково,деревня Юшково,деревня,Пучежский муниципальный район,False,,,False
2010:012_5c339c0d0e_4._20Vologod_pskov_2010.xls:Data Sheet:16218,2021:data_allsettlements_anon_156_v20251217.parquet:parquet:108577,Жуковичи,58256843035,58256843035,True,Жуковичи,деревня Жуковичи,деревня,Струго-Красненский муниципальный район,True,д Жуковичи,деревня,False
2002:010_3e630cc803_02c_Moskovskaya-oblast.xls:Sheet1:5457,2021:data_allsettlements_anon_156_v20251217.parquet:parquet:70260,Васильевское,46250819007,46476000103,False,Васильевское,село Васильевское,село,Городской округ Ступино,False,,,False
2010:010_711691e352_2._20Kostrom_Kur_Lip_Moscow_MoscObl_Orlov_2010.xls:Data Sheet:15464,2021:data_allsettlements_anon_156_v20251217.parquet:parquet:91998,Красная Заря,54225831007,54225831007,True,Красная Заря,посёлок Красная Заря,поселок,Кромской муниципальный район,True,п Красная Заря,поселок,False
2002:010_3e630cc803_02c_Moskovskaya-oblast.xls:Sheet1:6031,2021:data_allsettlements_anon_156_v20251217.parquet:parquet:66886,Ивановское,46253834016,46433000238,False,Ивановское,посёлок Ивановское,поселок,Городской округ Истра,False,,,False
2002:010_3e630cc803_02c_Moskovskaya-oblast.xls:Sheet1:4696,2021:data_allsettlements_anon_156_v20251217.parquet:parquet:66815,Андреевское,46246825012,46433000025,False,Андреевское,деревня Андреевское,деревня,Городской округ Истра,False,,,False
2002:010_3e630cc803_02c_Moskovskaya-oblast.xls:Sheet1:4657,2021:data_allsettlements_anon_156_v20251217.parquet:parquet:70107,Терехово,46246819013,46471000669,False,Терехово,деревня Терехово,деревня,Городской округ Солнечногорск,False,,,False
2002:010_3e630cc803_02c_Moskovskaya-oblast.xls:Sheet1:4239,2021:data_allsettlements_anon_156_v20251217.parquet:parquet:67487,Климово,46242816004,46438000262,False,Климово,деревня Климово,деревня,Городской округ Коломна,False,,,False
2002:048_4f024587eb_02c_Nizhegorod_obl_new.xls:11:4806,2021:data_allsettlements_anon_156_v20251217.parquet:parquet:75360,Боярское,22255804004,22412848003,False,Боярское (Редькинский с/с),деревня Боярское,деревня,Городской округ город Бор,False,,,False
2002:048_4f024587eb_02c_Nizhegorod_obl_new.xls:11:4954,2021:data_allsettlements_anon_156_v20251217.parquet:parquet:75136,Васильково,22255820009,22412824006,False,Васильково (Кантауровский с/с),деревня Васильково,деревня,Городской округ город Бор,False,,,False
2002:017_6374fdddeb_02c_Yaroslavskaja.xls:Sheet1:3216,2021:data_allsettlements_anon_156_v20251217.parquet:parquet:172961,Семеновка,78232804009,78232804009,True,Семеновка,деревня Семеновка,деревня,Городской округ город Переславль-Залесский,True,д Семеновка,деревня,False
2002:010_3e630cc803_02c_Moskovskaya-oblast.xls:Sheet1:6433,2021:data_allsettlements_anon_156_v20251217.parquet:parquet:66918,Леоново,46256828007,46433000334,False,Леоново,деревня Леоново,деревня,Городской округ Истра,False,,,False
2010:010_711691e352_2._20Kostrom_Kur_Lip_Moscow_MoscObl_Orlov_2010.xls:Data Sheet:11065,2021:data_allsettlements_anon_156_v20251217.parquet:parquet:67750,Вороново,46233813006,46445000165,False,Вороново,деревня Вороново,деревня,Можайский городской округ,False,,,False
2002:010_3e630cc803_02c_Moskovskaya-oblast.xls:Sheet1:4200,2021:data_allsettlements_anon_156_v20251217.parquet:parquet:67565,Рудаково,46242802009,46438000558,False,Рудаково,деревня Рудаково,деревня,Городской округ Коломна,False,,,False
2010:010_711691e352_2._20Kostrom_Kur_Lip_Moscow_MoscObl_Orlov_2010.xls:Data Sheet:15478,2021:data_allsettlements_anon_156_v20251217.parquet:parquet:92012,Воскресенский,54225849002,54225849002,True,Воскресенский,посёлок Воскресенский,поселок,Кромской муниципальный район,True,п Воскресенский,поселок,False
2002:017_6374fdddeb_02c_Yaroslavskaja.xls:Sheet1:3242,2021:data_allsettlements_anon_156_v20251217.parquet:parquet:173135,Дубовицы,78232812006,78232812006,True,Дубовицы,деревня Дубовицы,деревня,Городской округ город Переславль-Залесский,True,д Дубовицы,деревня,False
2002:017_6374fdddeb_02c_Yaroslavskaja.xls:Sheet1:3440,2021:data_allsettlements_anon_156_v20251217.parquet:parquet:173126,Сидорково,78232852015,78232852015,True,Сидорково,деревня Сидорково,деревня,Городской округ город Переславль-Залесский,True,д Сидорково,деревня,False
2002:010_3e630cc803_02c_Moskovskaya-oblast.xls:Sheet1:6443,2021:data_allsettlements_anon_156_v20251217.parquet:parquet:69934,Якшино,46256828048,46470000696,False,Якшино,деревня Якшино,деревня,Городской округ Серпухов,False,,,False
2010:010_711691e352_2._20Kostrom_Kur_Lip_Moscow_MoscObl_Orlov_2010.xls:Data Sheet:15426,2021:data_allsettlements_anon_156_v20251217.parquet:parquet:91953,Зелёная Роща,54225816005,54225816005,True,Зелёная Роща,посёлок Зелёная Роща,поселок,Кромской муниципальный район,True,п Зеленая Роща,поселок,False
2002:007_acff9aa32d_02c_Kostromskaja.xls:Sheet1:2269,2021:data_allsettlements_anon_156_v20251217.parquet:parquet:43260,Рамешки,34226812013,34226812013,True,Рамешки,деревня Рамешки,деревня,Муниципальный район город Нерехта и Нерехтский район,True,д Рамешки,деревня,False
2002:010_3e630cc803_02c_Moskovskaya-oblast.xls:Sheet1:3828,2021:data_allsettlements_anon_156_v20251217.parquet:parquet:68468,Алексеевка,46239802004,22207844002,False,Алексеевка,деревня Алексеевка,деревня,Богородский городской округ,True,д Алексеевка,деревня,True
2002:048_4f024587eb_02c_Nizhegorod_obl_new.xls:11:5377,2021:data_allsettlements_anon_156_v20251217.parquet:parquet:75265,Журавли,22258836005,22412832031,False,Журавли (Линдовский с/с),деревня Журавли,деревня,Городской округ город Бор,False,,,False
2002:010_3e630cc803_02c_Moskovskaya-oblast.xls:Sheet1:4241,2021:data_allsettlements_anon_156_v20251217.parquet:parquet:67498,Кудрино,46242816006,46438000293,False,Кудрино,деревня Кудрино,деревня,Городской округ Коломна,False,,,False
2002:010_3e630cc803_02c_Moskovskaya-oblast.xls:Sheet1:4251,2021:data_allsettlements_anon_156_v20251217.parquet:parquet:67490,Кобяково,46242822003,46438000265,False,Кобяково,деревня Кобяково,деревня,Городской округ Коломна,False,,,False
2002:010_3e630cc803_02c_Moskovskaya-oblast.xls:Sheet1:4219,2021:data_allsettlements_anon_156_v20251217.parquet:parquet:67599,Фофаново,46242807004,46438000663,False,Фофаново,деревня Фофаново,деревня,Городской округ Коломна,False,,,False
2002:010_3e630cc803_02c_Moskovskaya-oblast.xls:Sheet1:4220,2021:data_allsettlements_anon_156_v20251217.parquet:parquet:67603,Храброво,46242807005,46438000668,False,Храброво,деревня Храброво,деревня,Городской округ Коломна,False,,,False
2010:008_342f3c208b_16._20Сиб_ФО_2010.xls:Sib:4924,2021:data_allsettlements_anon_156_v20251217.parquet:parquet:24744,Таежный,25255553005,25228000064,False,участок Таежный,участок Таежный,населенный пункт,Нижнеудинский муниципальный район,False,,,False
2002:012_c6dde723e8_02c_Ryazanskaja.xls:Sheet1:1280,2021:data_allsettlements_anon_156_v20251217.parquet:parquet:112693,Луговой,61220805004,61220805004,True,Луговой,посёлок Луговой,поселок,Александро-Невский муниципальный район,True,п Луговой,поселок,False
2002:070_48ec6f4a77_Irkut_obl_new.xls:Sheet1:1623,2021:data_allsettlements_anon_156_v20251217.parquet:parquet:24744,Таежный,25255553005,25228000064,False,участок Таежный,участок Таежный,населенный пункт,Нижнеудинский муниципальный район,False,,,False
2010:016_802d308e41_8._20Or_Penz_Perm_Samar_Saratov_Uly_2010.xls:!!!:5690,2021:data_allsettlements_anon_156_v20251217.parquet:parquet:99042,Березовка,57220807002,57220000011,False,Березовка,деревня Березовка,деревня,Ильинский городской округ,False,,,False
2002:017_6374fdddeb_02c_Yaroslavskaja.xls:Sheet1:3337,2021:data_allsettlements_anon_156_v20251217.parquet:parquet:172971,Соболево,78232828009,78232828009,True,Соболево,деревня Соболево,деревня,Городской округ город Переславль-Залесский,True,д Соболево,деревня,False
