scope_id,year,status,own_population,unknown_is_zero,recipient_population_assigned_to_child,boundary_comparability,component_member_UIDs
over500_moscow_available_2010:010_711691e352_2._20Kostrom_Kur_Lip_Moscow_MoscObl_Orlov_2010.xls:Data Sheet:12303,2002,actual_own_published_observation_on_source_bound_same_place_component,54,False,False,UNKNOWN,2002:010_3e630cc803_02c_Moskovskaya-oblast.xls:Sheet1:4746|2010:010_711691e352_2._20Kostrom_Kur_Lip_Moscow_MoscObl_Orlov_2010.xls:Data Sheet:12303
over500_moscow_available_2010:010_711691e352_2._20Kostrom_Kur_Lip_Moscow_MoscObl_Orlov_2010.xls:Data Sheet:12303,2010,actual_own_published_observation_on_source_bound_same_place_component,605,False,False,UNKNOWN,2002:010_3e630cc803_02c_Moskovskaya-oblast.xls:Sheet1:4746|2010:010_711691e352_2._20Kostrom_Kur_Lip_Moscow_MoscObl_Orlov_2010.xls:Data Sheet:12303
over500_moscow_available_2010:010_711691e352_2._20Kostrom_Kur_Lip_Moscow_MoscObl_Orlov_2010.xls:Data Sheet:12303,2021,UNKNOWN_missing_native_year_no_birth_or_disappearance_inferred,,False,False,UNKNOWN,2002:010_3e630cc803_02c_Moskovskaya-oblast.xls:Sheet1:4746|2010:010_711691e352_2._20Kostrom_Kur_Lip_Moscow_MoscObl_Orlov_2010.xls:Data Sheet:12303
over500_moscow_available_2010:010_711691e352_2._20Kostrom_Kur_Lip_Moscow_MoscObl_Orlov_2010.xls:Data Sheet:10385,2002,actual_own_published_observation_on_source_bound_same_place_component,58,False,False,UNKNOWN,2002:010_3e630cc803_02c_Moskovskaya-oblast.xls:Sheet1:2685|2010:010_711691e352_2._20Kostrom_Kur_Lip_Moscow_MoscObl_Orlov_2010.xls:Data Sheet:10385
over500_moscow_available_2010:010_711691e352_2._20Kostrom_Kur_Lip_Moscow_MoscObl_Orlov_2010.xls:Data Sheet:10385,2010,actual_own_published_observation_on_source_bound_same_place_component,505,False,False,UNKNOWN,2002:010_3e630cc803_02c_Moskovskaya-oblast.xls:Sheet1:2685|2010:010_711691e352_2._20Kostrom_Kur_Lip_Moscow_MoscObl_Orlov_2010.xls:Data Sheet:10385
over500_moscow_available_2010:010_711691e352_2._20Kostrom_Kur_Lip_Moscow_MoscObl_Orlov_2010.xls:Data Sheet:10385,2021,UNKNOWN_missing_native_year_no_birth_or_disappearance_inferred,,False,False,UNKNOWN,2002:010_3e630cc803_02c_Moskovskaya-oblast.xls:Sheet1:2685|2010:010_711691e352_2._20Kostrom_Kur_Lip_Moscow_MoscObl_Orlov_2010.xls:Data Sheet:10385
over500_moscow_available_2021:data_allsettlements_anon_156_v20251217.parquet:parquet:68508,2002,UNKNOWN_missing_native_year_no_birth_or_disappearance_inferred,,False,False,UNKNOWN,2010:010_711691e352_2._20Kostrom_Kur_Lip_Moscow_MoscObl_Orlov_2010.xls:Data Sheet:11497|2021:data_allsettlements_anon_156_v20251217.parquet:parquet:68508
over500_moscow_available_2021:data_allsettlements_anon_156_v20251217.parquet:parquet:68508,2010,actual_own_published_observation_on_source_bound_same_place_component,359,False,False,UNKNOWN,2010:010_711691e352_2._20Kostrom_Kur_Lip_Moscow_MoscObl_Orlov_2010.xls:Data Sheet:11497|2021:data_allsettlements_anon_156_v20251217.parquet:parquet:68508
over500_moscow_available_2021:data_allsettlements_anon_156_v20251217.parquet:parquet:68508,2021,actual_own_published_observation_on_source_bound_same_place_component,504,False,False,UNKNOWN,2010:010_711691e352_2._20Kostrom_Kur_Lip_Moscow_MoscObl_Orlov_2010.xls:Data Sheet:11497|2021:data_allsettlements_anon_156_v20251217.parquet:parquet:68508
over500_moscow_available_2010:010_711691e352_2._20Kostrom_Kur_Lip_Moscow_MoscObl_Orlov_2010.xls:Data Sheet:10386,2002,actual_own_published_observation_on_source_bound_same_place_component,292,False,False,UNKNOWN,2002:010_3e630cc803_02c_Moskovskaya-oblast.xls:Sheet1:2687|2010:010_711691e352_2._20Kostrom_Kur_Lip_Moscow_MoscObl_Orlov_2010.xls:Data Sheet:10386
over500_moscow_available_2010:010_711691e352_2._20Kostrom_Kur_Lip_Moscow_MoscObl_Orlov_2010.xls:Data Sheet:10386,2010,actual_own_published_observation_on_source_bound_same_place_component,674,False,False,UNKNOWN,2002:010_3e630cc803_02c_Moskovskaya-oblast.xls:Sheet1:2687|2010:010_711691e352_2._20Kostrom_Kur_Lip_Moscow_MoscObl_Orlov_2010.xls:Data Sheet:10386
over500_moscow_available_2010:010_711691e352_2._20Kostrom_Kur_Lip_Moscow_MoscObl_Orlov_2010.xls:Data Sheet:10386,2021,UNKNOWN_missing_native_year_no_birth_or_disappearance_inferred,,False,False,UNKNOWN,2002:010_3e630cc803_02c_Moskovskaya-oblast.xls:Sheet1:2687|2010:010_711691e352_2._20Kostrom_Kur_Lip_Moscow_MoscObl_Orlov_2010.xls:Data Sheet:10386
over500_moscow_available_2010:010_711691e352_2._20Kostrom_Kur_Lip_Moscow_MoscObl_Orlov_2010.xls:Data Sheet:10448,2002,actual_own_published_observation_on_source_bound_same_place_component,334,False,False,UNKNOWN,2002:010_3e630cc803_02c_Moskovskaya-oblast.xls:Sheet1:2645|2010:010_711691e352_2._20Kostrom_Kur_Lip_Moscow_MoscObl_Orlov_2010.xls:Data Sheet:10448
over500_moscow_available_2010:010_711691e352_2._20Kostrom_Kur_Lip_Moscow_MoscObl_Orlov_2010.xls:Data Sheet:10448,2010,actual_own_published_observation_on_source_bound_same_place_component,825,False,False,UNKNOWN,2002:010_3e630cc803_02c_Moskovskaya-oblast.xls:Sheet1:2645|2010:010_711691e352_2._20Kostrom_Kur_Lip_Moscow_MoscObl_Orlov_2010.xls:Data Sheet:10448
over500_moscow_available_2010:010_711691e352_2._20Kostrom_Kur_Lip_Moscow_MoscObl_Orlov_2010.xls:Data Sheet:10448,2021,UNKNOWN_missing_native_year_no_birth_or_disappearance_inferred,,False,False,UNKNOWN,2002:010_3e630cc803_02c_Moskovskaya-oblast.xls:Sheet1:2645|2010:010_711691e352_2._20Kostrom_Kur_Lip_Moscow_MoscObl_Orlov_2010.xls:Data Sheet:10448
over500_moscow_available_2010:010_711691e352_2._20Kostrom_Kur_Lip_Moscow_MoscObl_Orlov_2010.xls:Data Sheet:8607,2002,UNKNOWN_missing_native_year_no_birth_or_disappearance_inferred,,False,False,UNKNOWN,2010:010_711691e352_2._20Kostrom_Kur_Lip_Moscow_MoscObl_Orlov_2010.xls:Data Sheet:8607|2021:data_allsettlements_anon_156_v20251217.parquet:parquet:65783
over500_moscow_available_2010:010_711691e352_2._20Kostrom_Kur_Lip_Moscow_MoscObl_Orlov_2010.xls:Data Sheet:8607,2010,actual_own_published_observation_on_source_bound_same_place_component,17,False,False,UNKNOWN,2010:010_711691e352_2._20Kostrom_Kur_Lip_Moscow_MoscObl_Orlov_2010.xls:Data Sheet:8607|2021:data_allsettlements_anon_156_v20251217.parquet:parquet:65783
over500_moscow_available_2010:010_711691e352_2._20Kostrom_Kur_Lip_Moscow_MoscObl_Orlov_2010.xls:Data Sheet:8607,2021,actual_own_published_observation_on_source_bound_same_place_component,796,False,False,UNKNOWN,2010:010_711691e352_2._20Kostrom_Kur_Lip_Moscow_MoscObl_Orlov_2010.xls:Data Sheet:8607|2021:data_allsettlements_anon_156_v20251217.parquet:parquet:65783
over500_moscow_available_2010:010_711691e352_2._20Kostrom_Kur_Lip_Moscow_MoscObl_Orlov_2010.xls:Data Sheet:10459,2002,actual_own_published_observation_on_source_bound_same_place_component,889,False,False,UNKNOWN,2002:010_3e630cc803_02c_Moskovskaya-oblast.xls:Sheet1:2660|2010:010_711691e352_2._20Kostrom_Kur_Lip_Moscow_MoscObl_Orlov_2010.xls:Data Sheet:10459
over500_moscow_available_2010:010_711691e352_2._20Kostrom_Kur_Lip_Moscow_MoscObl_Orlov_2010.xls:Data Sheet:10459,2010,actual_own_published_observation_on_source_bound_same_place_component,1036,False,False,UNKNOWN,2002:010_3e630cc803_02c_Moskovskaya-oblast.xls:Sheet1:2660|2010:010_711691e352_2._20Kostrom_Kur_Lip_Moscow_MoscObl_Orlov_2010.xls:Data Sheet:10459
over500_moscow_available_2010:010_711691e352_2._20Kostrom_Kur_Lip_Moscow_MoscObl_Orlov_2010.xls:Data Sheet:10459,2021,UNKNOWN_missing_native_year_no_birth_or_disappearance_inferred,,False,False,UNKNOWN,2002:010_3e630cc803_02c_Moskovskaya-oblast.xls:Sheet1:2660|2010:010_711691e352_2._20Kostrom_Kur_Lip_Moscow_MoscObl_Orlov_2010.xls:Data Sheet:10459
over500_moscow_available_2010:010_711691e352_2._20Kostrom_Kur_Lip_Moscow_MoscObl_Orlov_2010.xls:Data Sheet:10682,2002,actual_own_published_observation_on_source_bound_same_place_component,638,False,False,UNKNOWN,2002:010_3e630cc803_02c_Moskovskaya-oblast.xls:Sheet1:2882|2010:010_711691e352_2._20Kostrom_Kur_Lip_Moscow_MoscObl_Orlov_2010.xls:Data Sheet:10682
over500_moscow_available_2010:010_711691e352_2._20Kostrom_Kur_Lip_Moscow_MoscObl_Orlov_2010.xls:Data Sheet:10682,2010,actual_own_published_observation_on_source_bound_same_place_component,672,False,False,UNKNOWN,2002:010_3e630cc803_02c_Moskovskaya-oblast.xls:Sheet1:2882|2010:010_711691e352_2._20Kostrom_Kur_Lip_Moscow_MoscObl_Orlov_2010.xls:Data Sheet:10682
over500_moscow_available_2010:010_711691e352_2._20Kostrom_Kur_Lip_Moscow_MoscObl_Orlov_2010.xls:Data Sheet:10682,2021,UNKNOWN_missing_native_year_no_birth_or_disappearance_inferred,,False,False,UNKNOWN,2002:010_3e630cc803_02c_Moskovskaya-oblast.xls:Sheet1:2882|2010:010_711691e352_2._20Kostrom_Kur_Lip_Moscow_MoscObl_Orlov_2010.xls:Data Sheet:10682
over500_moscow_available_2010:010_711691e352_2._20Kostrom_Kur_Lip_Moscow_MoscObl_Orlov_2010.xls:Data Sheet:10418,2002,actual_own_published_observation_on_source_bound_same_place_component,579,False,False,UNKNOWN,2002:010_3e630cc803_02c_Moskovskaya-oblast.xls:Sheet1:2610|2010:010_711691e352_2._20Kostrom_Kur_Lip_Moscow_MoscObl_Orlov_2010.xls:Data Sheet:10418
over500_moscow_available_2010:010_711691e352_2._20Kostrom_Kur_Lip_Moscow_MoscObl_Orlov_2010.xls:Data Sheet:10418,2010,actual_own_published_observation_on_source_bound_same_place_component,581,False,False,UNKNOWN,2002:010_3e630cc803_02c_Moskovskaya-oblast.xls:Sheet1:2610|2010:010_711691e352_2._20Kostrom_Kur_Lip_Moscow_MoscObl_Orlov_2010.xls:Data Sheet:10418
over500_moscow_available_2010:010_711691e352_2._20Kostrom_Kur_Lip_Moscow_MoscObl_Orlov_2010.xls:Data Sheet:10418,2021,UNKNOWN_missing_native_year_no_birth_or_disappearance_inferred,,False,False,UNKNOWN,2002:010_3e630cc803_02c_Moskovskaya-oblast.xls:Sheet1:2610|2010:010_711691e352_2._20Kostrom_Kur_Lip_Moscow_MoscObl_Orlov_2010.xls:Data Sheet:10418
over500_moscow_available_2010:010_711691e352_2._20Kostrom_Kur_Lip_Moscow_MoscObl_Orlov_2010.xls:Data Sheet:12865,2002,UNKNOWN_missing_native_year_no_birth_or_disappearance_inferred,,False,False,UNKNOWN,2010:010_711691e352_2._20Kostrom_Kur_Lip_Moscow_MoscObl_Orlov_2010.xls:Data Sheet:12865|2021:data_allsettlements_anon_156_v20251217.parquet:parquet:69518
over500_moscow_available_2010:010_711691e352_2._20Kostrom_Kur_Lip_Moscow_MoscObl_Orlov_2010.xls:Data Sheet:12865,2010,actual_own_published_observation_on_source_bound_same_place_component,666,False,False,UNKNOWN,2010:010_711691e352_2._20Kostrom_Kur_Lip_Moscow_MoscObl_Orlov_2010.xls:Data Sheet:12865|2021:data_allsettlements_anon_156_v20251217.parquet:parquet:69518
over500_moscow_available_2010:010_711691e352_2._20Kostrom_Kur_Lip_Moscow_MoscObl_Orlov_2010.xls:Data Sheet:12865,2021,actual_own_published_observation_on_source_bound_same_place_component,509,False,False,UNKNOWN,2010:010_711691e352_2._20Kostrom_Kur_Lip_Moscow_MoscObl_Orlov_2010.xls:Data Sheet:12865|2021:data_allsettlements_anon_156_v20251217.parquet:parquet:69518
over500_moscow_available_2010:010_711691e352_2._20Kostrom_Kur_Lip_Moscow_MoscObl_Orlov_2010.xls:Data Sheet:13891,2002,UNKNOWN_missing_native_year_no_birth_or_disappearance_inferred,,False,False,UNKNOWN,2010:010_711691e352_2._20Kostrom_Kur_Lip_Moscow_MoscObl_Orlov_2010.xls:Data Sheet:13891|2021:data_allsettlements_anon_156_v20251217.parquet:parquet:70929
over500_moscow_available_2010:010_711691e352_2._20Kostrom_Kur_Lip_Moscow_MoscObl_Orlov_2010.xls:Data Sheet:13891,2010,actual_own_published_observation_on_source_bound_same_place_component,575,False,False,UNKNOWN,2010:010_711691e352_2._20Kostrom_Kur_Lip_Moscow_MoscObl_Orlov_2010.xls:Data Sheet:13891|2021:data_allsettlements_anon_156_v20251217.parquet:parquet:70929
over500_moscow_available_2010:010_711691e352_2._20Kostrom_Kur_Lip_Moscow_MoscObl_Orlov_2010.xls:Data Sheet:13891,2021,actual_own_published_observation_on_source_bound_same_place_component,566,False,False,UNKNOWN,2010:010_711691e352_2._20Kostrom_Kur_Lip_Moscow_MoscObl_Orlov_2010.xls:Data Sheet:13891|2021:data_allsettlements_anon_156_v20251217.parquet:parquet:70929
over500_moscow_available_2002:010_3e630cc803_02c_Moskovskaya-oblast.xls:Sheet1:3651,2002,actual_own_published_observation_on_source_bound_same_place_component,197,False,False,UNKNOWN,2002:010_3e630cc803_02c_Moskovskaya-oblast.xls:Sheet1:3651|2021:data_allsettlements_anon_156_v20251217.parquet:parquet:68259
over500_moscow_available_2002:010_3e630cc803_02c_Moskovskaya-oblast.xls:Sheet1:3651,2010,UNKNOWN_missing_native_year_no_birth_or_disappearance_inferred,,False,False,UNKNOWN,2002:010_3e630cc803_02c_Moskovskaya-oblast.xls:Sheet1:3651|2021:data_allsettlements_anon_156_v20251217.parquet:parquet:68259
over500_moscow_available_2002:010_3e630cc803_02c_Moskovskaya-oblast.xls:Sheet1:3651,2021,actual_own_published_observation_on_source_bound_same_place_component,732,False,False,UNKNOWN,2002:010_3e630cc803_02c_Moskovskaya-oblast.xls:Sheet1:3651|2021:data_allsettlements_anon_156_v20251217.parquet:parquet:68259
over500_moscow_available_2010:010_711691e352_2._20Kostrom_Kur_Lip_Moscow_MoscObl_Orlov_2010.xls:Data Sheet:10414,2002,actual_own_published_observation_on_source_bound_same_place_component,906,False,False,UNKNOWN,2002:010_3e630cc803_02c_Moskovskaya-oblast.xls:Sheet1:2613|2010:010_711691e352_2._20Kostrom_Kur_Lip_Moscow_MoscObl_Orlov_2010.xls:Data Sheet:10414
over500_moscow_available_2010:010_711691e352_2._20Kostrom_Kur_Lip_Moscow_MoscObl_Orlov_2010.xls:Data Sheet:10414,2010,actual_own_published_observation_on_source_bound_same_place_component,800,False,False,UNKNOWN,2002:010_3e630cc803_02c_Moskovskaya-oblast.xls:Sheet1:2613|2010:010_711691e352_2._20Kostrom_Kur_Lip_Moscow_MoscObl_Orlov_2010.xls:Data Sheet:10414
over500_moscow_available_2010:010_711691e352_2._20Kostrom_Kur_Lip_Moscow_MoscObl_Orlov_2010.xls:Data Sheet:10414,2021,UNKNOWN_missing_native_year_no_birth_or_disappearance_inferred,,False,False,UNKNOWN,2002:010_3e630cc803_02c_Moskovskaya-oblast.xls:Sheet1:2613|2010:010_711691e352_2._20Kostrom_Kur_Lip_Moscow_MoscObl_Orlov_2010.xls:Data Sheet:10414
over500_moscow_available_2002:010_3e630cc803_02c_Moskovskaya-oblast.xls:Sheet1:4145,2002,actual_own_published_observation_on_source_bound_same_place_component,30,False,False,UNKNOWN,2002:010_3e630cc803_02c_Moskovskaya-oblast.xls:Sheet1:4145|2010:010_711691e352_2._20Kostrom_Kur_Lip_Moscow_MoscObl_Orlov_2010.xls:Data Sheet:11763
over500_moscow_available_2002:010_3e630cc803_02c_Moskovskaya-oblast.xls:Sheet1:4145,2010,actual_own_published_observation_on_source_bound_same_place_component,505,False,False,UNKNOWN,2002:010_3e630cc803_02c_Moskovskaya-oblast.xls:Sheet1:4145|2010:010_711691e352_2._20Kostrom_Kur_Lip_Moscow_MoscObl_Orlov_2010.xls:Data Sheet:11763
over500_moscow_available_2002:010_3e630cc803_02c_Moskovskaya-oblast.xls:Sheet1:4145,2021,UNKNOWN_missing_native_year_no_birth_or_disappearance_inferred,,False,False,UNKNOWN,2002:010_3e630cc803_02c_Moskovskaya-oblast.xls:Sheet1:4145|2010:010_711691e352_2._20Kostrom_Kur_Lip_Moscow_MoscObl_Orlov_2010.xls:Data Sheet:11763
over500_moscow_available_2010:010_711691e352_2._20Kostrom_Kur_Lip_Moscow_MoscObl_Orlov_2010.xls:Data Sheet:10202,2002,UNKNOWN_missing_native_year_no_birth_or_disappearance_inferred,,False,False,UNKNOWN,2010:010_711691e352_2._20Kostrom_Kur_Lip_Moscow_MoscObl_Orlov_2010.xls:Data Sheet:10202|2021:data_allsettlements_anon_156_v20251217.parquet:parquet:67617
over500_moscow_available_2010:010_711691e352_2._20Kostrom_Kur_Lip_Moscow_MoscObl_Orlov_2010.xls:Data Sheet:10202,2010,actual_own_published_observation_on_source_bound_same_place_component,19,False,False,UNKNOWN,2010:010_711691e352_2._20Kostrom_Kur_Lip_Moscow_MoscObl_Orlov_2010.xls:Data Sheet:10202|2021:data_allsettlements_anon_156_v20251217.parquet:parquet:67617
over500_moscow_available_2010:010_711691e352_2._20Kostrom_Kur_Lip_Moscow_MoscObl_Orlov_2010.xls:Data Sheet:10202,2021,actual_own_published_observation_on_source_bound_same_place_component,589,False,False,UNKNOWN,2010:010_711691e352_2._20Kostrom_Kur_Lip_Moscow_MoscObl_Orlov_2010.xls:Data Sheet:10202|2021:data_allsettlements_anon_156_v20251217.parquet:parquet:67617
over500_moscow_available_2010:010_711691e352_2._20Kostrom_Kur_Lip_Moscow_MoscObl_Orlov_2010.xls:Data Sheet:13871,2002,UNKNOWN_missing_native_year_no_birth_or_disappearance_inferred,,False,False,UNKNOWN,2010:010_711691e352_2._20Kostrom_Kur_Lip_Moscow_MoscObl_Orlov_2010.xls:Data Sheet:13871|2021:data_allsettlements_anon_156_v20251217.parquet:parquet:70938
over500_moscow_available_2010:010_711691e352_2._20Kostrom_Kur_Lip_Moscow_MoscObl_Orlov_2010.xls:Data Sheet:13871,2010,actual_own_published_observation_on_source_bound_same_place_component,559,False,False,UNKNOWN,2010:010_711691e352_2._20Kostrom_Kur_Lip_Moscow_MoscObl_Orlov_2010.xls:Data Sheet:13871|2021:data_allsettlements_anon_156_v20251217.parquet:parquet:70938
over500_moscow_available_2010:010_711691e352_2._20Kostrom_Kur_Lip_Moscow_MoscObl_Orlov_2010.xls:Data Sheet:13871,2021,actual_own_published_observation_on_source_bound_same_place_component,231,False,False,UNKNOWN,2010:010_711691e352_2._20Kostrom_Kur_Lip_Moscow_MoscObl_Orlov_2010.xls:Data Sheet:13871|2021:data_allsettlements_anon_156_v20251217.parquet:parquet:70938
over500_moscow_available_2010:010_711691e352_2._20Kostrom_Kur_Lip_Moscow_MoscObl_Orlov_2010.xls:Data Sheet:10486,2002,actual_own_published_observation_on_source_bound_same_place_component,163,False,False,UNKNOWN,2002:010_3e630cc803_02c_Moskovskaya-oblast.xls:Sheet1:2693|2010:010_711691e352_2._20Kostrom_Kur_Lip_Moscow_MoscObl_Orlov_2010.xls:Data Sheet:10486
over500_moscow_available_2010:010_711691e352_2._20Kostrom_Kur_Lip_Moscow_MoscObl_Orlov_2010.xls:Data Sheet:10486,2010,actual_own_published_observation_on_source_bound_same_place_component,632,False,False,UNKNOWN,2002:010_3e630cc803_02c_Moskovskaya-oblast.xls:Sheet1:2693|2010:010_711691e352_2._20Kostrom_Kur_Lip_Moscow_MoscObl_Orlov_2010.xls:Data Sheet:10486
over500_moscow_available_2010:010_711691e352_2._20Kostrom_Kur_Lip_Moscow_MoscObl_Orlov_2010.xls:Data Sheet:10486,2021,UNKNOWN_missing_native_year_no_birth_or_disappearance_inferred,,False,False,UNKNOWN,2002:010_3e630cc803_02c_Moskovskaya-oblast.xls:Sheet1:2693|2010:010_711691e352_2._20Kostrom_Kur_Lip_Moscow_MoscObl_Orlov_2010.xls:Data Sheet:10486
