group,year,unique_new_source_IDs,new_native_population_if_scope_admitted,source_record_ids_json
published_closed_city_scope_Тольятти,2002,3,12323,"[""2002:1_TOM_01_04.xls:0:6916"", ""2002:1_TOM_01_04.xls:0:6917"", ""2002:053_f7f2b62d26_Samarskaja_new.xls:Sheet1:28""]"
published_closed_city_scope_Тольятти,2010,0,0,[]
published_closed_city_scope_Тольятти,2021,0,0,[]
published_closed_city_scope_Улан_Удэ,2002,8,27489,"[""2002:1_TOM_01_04.xls:0:8191"", ""2002:1_TOM_01_04.xls:0:8192"", ""2002:063_3ec7f8316e_buriatia1.xls:Sheet1:10"", ""2002:063_3ec7f8316e_buriatia1.xls:Sheet1:12"", ""2002:063_3ec7f8316e_buriatia1.xls:Sheet1:14"", ""2002:063_3ec7f8316e_buriatia1.xls:Sheet1:16"", ""2002:063_3ec7f8316e_buriatia1.xls:Sheet1:5"", ""2002:063_3ec7f8316e_buriatia1.xls:Sheet1:7""]"
published_closed_city_scope_Улан_Удэ,2010,0,0,[]
published_closed_city_scope_Улан_Удэ,2021,0,0,[]
published_closed_city_scope_Пермь,2002,3,9294,"[""2002:1_TOM_01_04.xls:0:6654"", ""2002:051_46e3ecb0a0_02c_Permskaja_obl.xls:Sheet1:4"", ""2002:051_46e3ecb0a0_02c_Permskaja_obl.xls:Sheet1:5""]"
published_closed_city_scope_Пермь,2010,1,5,"[""2010:016_802d308e41_8._20Or_Penz_Perm_Samar_Saratov_Uly_2010.xls:!!!:7789""]"
published_closed_city_scope_Пермь,2021,2,4,"[""2021:data_allsettlements_anon_156_v20251217.parquet:parquet:97789"", ""2021:data_allsettlements_anon_156_v20251217.parquet:parquet:97790""]"
