from_source_record_id,from_year,to_source_record_id,to_year,relation,family
2002:039_1d4b1f6286_02c_Volgograd.xls:Sheet1:974,2002,2010:004_486e984bdc_12._20Астр_Волгог_Ростов.xls:Южный:1068,2010,same_place,named_typed_native_np_point_corroborated_current_raw_outlier_v1
2002:039_1d4b1f6286_02c_Volgograd.xls:Sheet1:926,2002,2010:004_486e984bdc_12._20Астр_Волгог_Ростов.xls:Южный:1031,2010,same_place,named_typed_native_np_point_corroborated_current_raw_outlier_v1
2002:039_1d4b1f6286_02c_Volgograd.xls:Sheet1:963,2002,2010:004_486e984bdc_12._20Астр_Волгог_Ростов.xls:Южный:1060,2010,same_place,named_typed_native_np_point_corroborated_current_raw_outlier_v1
2002:039_1d4b1f6286_02c_Volgograd.xls:Sheet1:938,2002,2010:004_486e984bdc_12._20Астр_Волгог_Ростов.xls:Южный:1040,2010,same_place,named_typed_native_np_point_corroborated_current_raw_outlier_v1
2002:039_1d4b1f6286_02c_Volgograd.xls:Sheet1:948,2002,2010:004_486e984bdc_12._20Астр_Волгог_Ростов.xls:Южный:1048,2010,same_place,named_typed_native_np_point_corroborated_current_raw_outlier_v1
2002:039_1d4b1f6286_02c_Volgograd.xls:Sheet1:928,2002,2010:004_486e984bdc_12._20Астр_Волгог_Ростов.xls:Южный:1033,2010,same_place,named_typed_native_np_point_corroborated_current_raw_outlier_v1
2002:039_1d4b1f6286_02c_Volgograd.xls:Sheet1:969,2002,2010:004_486e984bdc_12._20Астр_Волгог_Ростов.xls:Южный:1065,2010,same_place,named_typed_native_np_point_corroborated_current_raw_outlier_v1
2002:039_1d4b1f6286_02c_Volgograd.xls:Sheet1:932,2002,2010:004_486e984bdc_12._20Астр_Волгог_Ростов.xls:Южный:1036,2010,same_place,named_typed_native_np_point_corroborated_current_raw_outlier_v1
2002:039_1d4b1f6286_02c_Volgograd.xls:Sheet1:942,2002,2010:004_486e984bdc_12._20Астр_Волгог_Ростов.xls:Южный:1043,2010,same_place,named_typed_native_np_point_corroborated_current_raw_outlier_v1
2002:039_1d4b1f6286_02c_Volgograd.xls:Sheet1:985,2002,2010:004_486e984bdc_12._20Астр_Волгог_Ростов.xls:Южный:1077,2010,same_place,named_typed_native_np_point_corroborated_current_raw_outlier_v1
2002:021_063505c1ba_02c_Nenecki_AO_new.xls:Sheet1:72,2002,ARK2010:archive20131022:html_table1_tr4369,2010,same_place,named_typed_native_np_point_corroborated_current_raw_outlier_v1
2002:039_1d4b1f6286_02c_Volgograd.xls:Sheet1:972,2002,2010:004_486e984bdc_12._20Астр_Волгог_Ростов.xls:Южный:1067,2010,same_place,named_typed_native_np_point_corroborated_current_raw_outlier_v1
2002:039_1d4b1f6286_02c_Volgograd.xls:Sheet1:959,2002,2010:004_486e984bdc_12._20Астр_Волгог_Ростов.xls:Южный:1057,2010,same_place,named_typed_native_np_point_corroborated_current_raw_outlier_v1
2002:039_1d4b1f6286_02c_Volgograd.xls:Sheet1:927,2002,2010:004_486e984bdc_12._20Астр_Волгог_Ростов.xls:Южный:1032,2010,same_place,named_typed_native_np_point_corroborated_current_raw_outlier_v1
2002:039_1d4b1f6286_02c_Volgograd.xls:Sheet1:920,2002,2010:004_486e984bdc_12._20Астр_Волгог_Ростов.xls:Южный:1026,2010,same_place,named_typed_native_np_point_corroborated_current_raw_outlier_v1
2002:039_1d4b1f6286_02c_Volgograd.xls:Sheet1:936,2002,2010:004_486e984bdc_12._20Астр_Волгог_Ростов.xls:Южный:1039,2010,same_place,named_typed_native_np_point_corroborated_current_raw_outlier_v1
2002:039_1d4b1f6286_02c_Volgograd.xls:Sheet1:946,2002,2010:004_486e984bdc_12._20Астр_Волгог_Ростов.xls:Южный:1047,2010,same_place,named_typed_native_np_point_corroborated_current_raw_outlier_v1
2002:039_1d4b1f6286_02c_Volgograd.xls:Sheet1:961,2002,2010:004_486e984bdc_12._20Астр_Волгог_Ростов.xls:Южный:1059,2010,same_place,named_typed_native_np_point_corroborated_current_raw_outlier_v1
2002:039_1d4b1f6286_02c_Volgograd.xls:Sheet1:939,2002,2010:004_486e984bdc_12._20Астр_Волгог_Ростов.xls:Южный:1041,2010,same_place,named_typed_native_np_point_corroborated_current_raw_outlier_v1
2002:039_1d4b1f6286_02c_Volgograd.xls:Sheet1:944,2002,2010:004_486e984bdc_12._20Астр_Волгог_Ростов.xls:Южный:1045,2010,same_place,named_typed_native_np_point_corroborated_current_raw_outlier_v1
2002:039_1d4b1f6286_02c_Volgograd.xls:Sheet1:975,2002,2010:004_486e984bdc_12._20Астр_Волгог_Ростов.xls:Южный:1069,2010,same_place,named_typed_native_np_point_corroborated_current_raw_outlier_v1
2002:039_1d4b1f6286_02c_Volgograd.xls:Sheet1:955,2002,2010:004_486e984bdc_12._20Астр_Волгог_Ростов.xls:Южный:1054,2010,same_place,named_typed_native_np_point_corroborated_current_raw_outlier_v1
2002:039_1d4b1f6286_02c_Volgograd.xls:Sheet1:967,2002,2010:004_486e984bdc_12._20Астр_Волгог_Ростов.xls:Южный:1064,2010,same_place,named_typed_native_np_point_corroborated_current_raw_outlier_v1
2002:039_1d4b1f6286_02c_Volgograd.xls:Sheet1:951,2002,2010:004_486e984bdc_12._20Астр_Волгог_Ростов.xls:Южный:1051,2010,same_place,named_typed_native_np_point_corroborated_current_raw_outlier_v1
2002:039_1d4b1f6286_02c_Volgograd.xls:Sheet1:929,2002,2010:004_486e984bdc_12._20Астр_Волгог_Ростов.xls:Южный:1034,2010,same_place,named_typed_native_np_point_corroborated_current_raw_outlier_v1
2002:051_46e3ecb0a0_02c_Permskaja_obl.xls:Sheet1:3602,2002,2010:016_802d308e41_8._20Or_Penz_Perm_Samar_Saratov_Uly_2010.xls:!!!:7506,2010,same_place,named_typed_native_np_point_corroborated_current_raw_outlier_v1
2002:039_1d4b1f6286_02c_Volgograd.xls:Sheet1:957,2002,2010:004_486e984bdc_12._20Астр_Волгог_Ростов.xls:Южный:1056,2010,same_place,named_typed_native_np_point_corroborated_current_raw_outlier_v1
2002:039_1d4b1f6286_02c_Volgograd.xls:Sheet1:921,2002,2010:004_486e984bdc_12._20Астр_Волгог_Ростов.xls:Южный:1027,2010,same_place,named_typed_native_np_point_corroborated_current_raw_outlier_v1
2002:039_1d4b1f6286_02c_Volgograd.xls:Sheet1:980,2002,2010:004_486e984bdc_12._20Астр_Волгог_Ростов.xls:Южный:1073,2010,same_place,named_typed_native_np_point_corroborated_current_raw_outlier_v1
2002:039_1d4b1f6286_02c_Volgograd.xls:Sheet1:935,2002,2010:004_486e984bdc_12._20Астр_Волгог_Ростов.xls:Южный:1038,2010,same_place,named_typed_native_np_point_corroborated_current_raw_outlier_v1
2002:039_1d4b1f6286_02c_Volgograd.xls:Sheet1:976,2002,2010:004_486e984bdc_12._20Астр_Волгог_Ростов.xls:Южный:1070,2010,same_place,named_typed_native_np_point_corroborated_current_raw_outlier_v1
2002:039_1d4b1f6286_02c_Volgograd.xls:Sheet1:922,2002,2010:004_486e984bdc_12._20Астр_Волгог_Ростов.xls:Южный:1028,2010,same_place,named_typed_native_np_point_corroborated_current_raw_outlier_v1
2002:039_1d4b1f6286_02c_Volgograd.xls:Sheet1:943,2002,2010:004_486e984bdc_12._20Астр_Волгог_Ростов.xls:Южный:1044,2010,same_place,named_typed_native_np_point_corroborated_current_raw_outlier_v1
2002:039_1d4b1f6286_02c_Volgograd.xls:Sheet1:924,2002,2010:004_486e984bdc_12._20Астр_Волгог_Ростов.xls:Южный:1030,2010,same_place,named_typed_native_np_point_corroborated_current_raw_outlier_v1
2002:039_1d4b1f6286_02c_Volgograd.xls:Sheet1:981,2002,2010:004_486e984bdc_12._20Астр_Волгог_Ростов.xls:Южный:1074,2010,same_place,named_typed_native_np_point_corroborated_current_raw_outlier_v1
2002:039_1d4b1f6286_02c_Volgograd.xls:Sheet1:945,2002,2010:004_486e984bdc_12._20Астр_Волгог_Ростов.xls:Южный:1046,2010,same_place,named_typed_native_np_point_corroborated_current_raw_outlier_v1
2002:039_1d4b1f6286_02c_Volgograd.xls:Sheet1:965,2002,2010:004_486e984bdc_12._20Астр_Волгог_Ростов.xls:Южный:1062,2010,same_place,named_typed_native_np_point_corroborated_current_raw_outlier_v1
2002:039_1d4b1f6286_02c_Volgograd.xls:Sheet1:919,2002,2010:004_486e984bdc_12._20Астр_Волгог_Ростов.xls:Южный:1025,2010,same_place,named_typed_native_np_point_corroborated_current_raw_outlier_v1
2002:016_3aa889d669_02c_Tulskaja.xls:Sheet1:2075,2002,2010:011_040325482b_3._20Ryaz_Smol_Tambov_Tula_Jaroslavl_20L1_20ethn_2010.xls:Data Sheet:11206,2010,same_place,named_typed_native_np_point_corroborated_current_raw_outlier_v1
2002:039_1d4b1f6286_02c_Volgograd.xls:Sheet1:923,2002,2010:004_486e984bdc_12._20Астр_Волгог_Ростов.xls:Южный:1029,2010,same_place,named_typed_native_np_point_corroborated_current_raw_outlier_v1
2002:039_1d4b1f6286_02c_Volgograd.xls:Sheet1:956,2002,2010:004_486e984bdc_12._20Астр_Волгог_Ростов.xls:Южный:1055,2010,same_place,named_typed_native_np_point_corroborated_current_raw_outlier_v1
2002:039_1d4b1f6286_02c_Volgograd.xls:Sheet1:960,2002,2010:004_486e984bdc_12._20Астр_Волгог_Ростов.xls:Южный:1058,2010,same_place,named_typed_native_np_point_corroborated_current_raw_outlier_v1
2002:007_acff9aa32d_02c_Kostromskaja.xls:Sheet1:1990,2002,2010:010_711691e352_2._20Kostrom_Kur_Lip_Moscow_MoscObl_Orlov_2010.xls:Data Sheet:1739,2010,same_place,named_typed_native_np_point_corroborated_current_raw_outlier_v1
2002:005_14871cc62a_02c_Ivanovskaja.xls:Sheet1:809,2002,2010:013_f60b2d2bcf_5._20Belg_Bryan_Vlad_Voron_Ivanov_Kalug_20L1_ethn_2010.xls:Data Sheet:9293,2010,same_place,named_typed_native_np_point_corroborated_current_raw_outlier_v1
2002:039_1d4b1f6286_02c_Volgograd.xls:Sheet1:954,2002,2010:004_486e984bdc_12._20Астр_Волгог_Ростов.xls:Южный:1053,2010,same_place,named_typed_native_np_point_corroborated_current_raw_outlier_v1
2002:039_1d4b1f6286_02c_Volgograd.xls:Sheet1:964,2002,2010:004_486e984bdc_12._20Астр_Волгог_Ростов.xls:Южный:1061,2010,same_place,named_typed_native_np_point_corroborated_current_raw_outlier_v1
2002:051_46e3ecb0a0_02c_Permskaja_obl.xls:Sheet1:3573,2002,2010:016_802d308e41_8._20Or_Penz_Perm_Samar_Saratov_Uly_2010.xls:!!!:7480,2010,same_place,named_typed_native_np_point_corroborated_current_raw_outlier_v1
