candidate_use_id,annual_observation_id,annual_source_record_id,annual_entity_id,city_label,observation_year,reference_date,reference_date_basis,raw_population_thousands,population_value_as_stored,population_reported_thousand,population_unit_multiplier,population_rounding_convention,population_admission_status,population_scope_as_stored,entity_grain_status_as_stored,raw_pdf_cell_line,pdf_physical_page,pdf_caption,pdf_source_path,pdf_sha256,pdf_source_locator_as_stored,population_source_raw_line_as_stored,current_2021_source_record_id,current_2021_source_scope,current_city_qid,territory_reference_role,territory_reference_longitude,territory_reference_latitude,territory_reference_crs,reference_population_source_file,reference_population_source_sha256,reference_population_source_locator,reference_coordinate_source_file,reference_coordinate_source_sha256,reference_coordinate_source_line,reference_coordinate_raw_value,reference_point_semantics,territory_point_admission_status,existing_federal_continuity_rule,identity_edge_created,coordinate_admission_to_atomic_point_ledger,physical_populated_place_claim,historical_coordinate_claim,population_value_or_unit_changed,boundary_comparability_2021_to_observation_year,territory_vs_city_note,source_candidate_only_before_application,candidate_only,decision_status,point_role,coordinate_temporal_basis,atomic_same_place_edge
ROSSTAT2024:YB4.9:Москва:2022:federal_territory_point_context,annual:ROSSTAT2024:YB4.9:pdf_page_92:line_49:annual:2022,ROSSTAT2024:YB4.9:pdf_page_92:line_49:annual:2022,statisticalaggregate:annual:2021:data_allsettlements_anon_156_v20251217.parquet:parquet:64748,Москва,2022,2022-01-01,Rosstat table 4.9 footnote: estimates as of Jan 1 for 2022-24,12 635,12635000.0,12635.0,1000.0,unspecified_in_publication; no exact population or assumed error interval,,federal_city_region,,Москва3)                         10 126   11 504     13 010      12 635        13 104   13 150     Moscow3),93,"4.9. Cities with population of 100,000 and over (thousands of persons)",/workspace/settlements-data/research_rebuild/evidence/discovery/official_sources_2010_2021_r2_yearbook/raw/rosstat_russian_statistical_yearbook_2024.pdf,bac43b438869d7b11ca595acd121726833d2bf2e54004351db825cade4c29da7,"{""line"": 49, ""page"": 92, ""table"": ""4.9""}",,2021:data_allsettlements_anon_156_v20251217.parquet:parquet:64748,federal_city_territory,Q649,territory_reference,37.6175,55.750556,WGS84,/workspace/settlements-raw/data/raw/rosstat_2021/Tom1_tab-5_VPN-2020.xlsx,0b232b3d2ab5daa231568acc719ac6fda4fb0979a01a0da6bacc69be6f252474,"Rosstat 2021 Table 5, root row 5393 / cached selected record parquet row 64748",batch_0139.jsonl.gz,4eda3174ad7792f797be69edb4081f31674f9a68b00bbfae11e366a70be9e1c3,13780,POINT(37.617500 55.750556),current city entity point reused as representative territory reference; not a population centroid or physical-NP point,reviewed_territory_reference_accepted,same continuing city entity relation allowed; no atomic same_place edge created,False,False,False,False,False,False,Table caption labels these rows as cities; for federal-city entries the accepted territory reference is an explicitly separate federal-territory role. This candidate links only to the reviewed federal-territory context; it does not recast city rows as physical populated-place observations.,True,False,accepted_checked_rule_territorial_reference_and_series_context,territory_reference,accepted modern city point reused as territorial representative; no measurement at annual observation date,False
ROSSTAT2024:YB4.9:Москва:2023:federal_territory_point_context,annual:ROSSTAT2024:YB4.9:pdf_page_92:line_49:annual:2023,ROSSTAT2024:YB4.9:pdf_page_92:line_49:annual:2023,statisticalaggregate:annual:2021:data_allsettlements_anon_156_v20251217.parquet:parquet:64748,Москва,2023,2023-01-01,Rosstat table 4.9 footnote: estimates as of Jan 1 for 2022-24,13 104,13104000.0,13104.0,1000.0,unspecified_in_publication; no exact population or assumed error interval,,federal_city_region,,Москва3)                         10 126   11 504     13 010      12 635        13 104   13 150     Moscow3),93,"4.9. Cities with population of 100,000 and over (thousands of persons)",/workspace/settlements-data/research_rebuild/evidence/discovery/official_sources_2010_2021_r2_yearbook/raw/rosstat_russian_statistical_yearbook_2024.pdf,bac43b438869d7b11ca595acd121726833d2bf2e54004351db825cade4c29da7,"{""line"": 49, ""page"": 92, ""table"": ""4.9""}",,2021:data_allsettlements_anon_156_v20251217.parquet:parquet:64748,federal_city_territory,Q649,territory_reference,37.6175,55.750556,WGS84,/workspace/settlements-raw/data/raw/rosstat_2021/Tom1_tab-5_VPN-2020.xlsx,0b232b3d2ab5daa231568acc719ac6fda4fb0979a01a0da6bacc69be6f252474,"Rosstat 2021 Table 5, root row 5393 / cached selected record parquet row 64748",batch_0139.jsonl.gz,4eda3174ad7792f797be69edb4081f31674f9a68b00bbfae11e366a70be9e1c3,13780,POINT(37.617500 55.750556),current city entity point reused as representative territory reference; not a population centroid or physical-NP point,reviewed_territory_reference_accepted,same continuing city entity relation allowed; no atomic same_place edge created,False,False,False,False,False,False,Table caption labels these rows as cities; for federal-city entries the accepted territory reference is an explicitly separate federal-territory role. This candidate links only to the reviewed federal-territory context; it does not recast city rows as physical populated-place observations.,True,False,accepted_checked_rule_territorial_reference_and_series_context,territory_reference,accepted modern city point reused as territorial representative; no measurement at annual observation date,False
ROSSTAT2024:YB4.9:Москва:2024:federal_territory_point_context,annual:ROSSTAT2024:YB4.9:pdf_page_92:line_49:annual:2024,ROSSTAT2024:YB4.9:pdf_page_92:line_49:annual:2024,statisticalaggregate:annual:2021:data_allsettlements_anon_156_v20251217.parquet:parquet:64748,Москва,2024,2024-01-01,Rosstat table 4.9 footnote: estimates as of Jan 1 for 2022-24,13 150,13150000.0,13150.0,1000.0,unspecified_in_publication; no exact population or assumed error interval,,federal_city_region,,Москва3)                         10 126   11 504     13 010      12 635        13 104   13 150     Moscow3),93,"4.9. Cities with population of 100,000 and over (thousands of persons)",/workspace/settlements-data/research_rebuild/evidence/discovery/official_sources_2010_2021_r2_yearbook/raw/rosstat_russian_statistical_yearbook_2024.pdf,bac43b438869d7b11ca595acd121726833d2bf2e54004351db825cade4c29da7,"{""line"": 49, ""page"": 92, ""table"": ""4.9""}",,2021:data_allsettlements_anon_156_v20251217.parquet:parquet:64748,federal_city_territory,Q649,territory_reference,37.6175,55.750556,WGS84,/workspace/settlements-raw/data/raw/rosstat_2021/Tom1_tab-5_VPN-2020.xlsx,0b232b3d2ab5daa231568acc719ac6fda4fb0979a01a0da6bacc69be6f252474,"Rosstat 2021 Table 5, root row 5393 / cached selected record parquet row 64748",batch_0139.jsonl.gz,4eda3174ad7792f797be69edb4081f31674f9a68b00bbfae11e366a70be9e1c3,13780,POINT(37.617500 55.750556),current city entity point reused as representative territory reference; not a population centroid or physical-NP point,reviewed_territory_reference_accepted,same continuing city entity relation allowed; no atomic same_place edge created,False,False,False,False,False,False,Table caption labels these rows as cities; for federal-city entries the accepted territory reference is an explicitly separate federal-territory role. This candidate links only to the reviewed federal-territory context; it does not recast city rows as physical populated-place observations.,True,False,accepted_checked_rule_territorial_reference_and_series_context,territory_reference,accepted modern city point reused as territorial representative; no measurement at annual observation date,False
ROSSTAT2024:YB4.9:Санкт-Петербург:2022:federal_territory_point_context,annual:ROSSTAT2024:YB4.9:pdf_page_93:line_25:annual:2022,ROSSTAT2024:YB4.9:pdf_page_93:line_25:annual:2022,statisticalaggregate:annual:2021:data_allsettlements_anon_156_v20251217.parquet:parquet:126656,Санкт-Петербург,2022,2022-01-01,Rosstat table 4.9 footnote: estimates as of Jan 1 for 2022-24,5 378,5378000.0,5378.0,1000.0,unspecified_in_publication; no exact population or assumed error interval,,federal_city_region,,Санкт-Петербург                             4 661            4 880            5 602             5 378            5 600            5 598         Sankt-Petersburg,94,"4.9. Cities with population of 100,000 and over (thousands of persons)",/workspace/settlements-data/research_rebuild/evidence/discovery/official_sources_2010_2021_r2_yearbook/raw/rosstat_russian_statistical_yearbook_2024.pdf,bac43b438869d7b11ca595acd121726833d2bf2e54004351db825cade4c29da7,"{""line"": 25, ""page"": 93, ""table"": ""4.9""}",,2021:data_allsettlements_anon_156_v20251217.parquet:parquet:126656,federal_city_territory,Q656,territory_reference,30.316667,59.95,WGS84,/workspace/settlements-raw/data/raw/rosstat_2021/Tom1_tab-5_VPN-2020.xlsx,0b232b3d2ab5daa231568acc719ac6fda4fb0979a01a0da6bacc69be6f252474,"Rosstat 2021 Table 5, root row 7555 / cached selected record parquet row 126656",batch_0139.jsonl.gz,4eda3174ad7792f797be69edb4081f31674f9a68b00bbfae11e366a70be9e1c3,14073,POINT(30.316667 59.950000),current city entity point reused as representative territory reference; not a population centroid or physical-NP point,reviewed_territory_reference_accepted,same continuing city entity relation allowed; no atomic same_place edge created,False,False,False,False,False,False,Table caption labels these rows as cities; for federal-city entries the accepted territory reference is an explicitly separate federal-territory role. This candidate links only to the reviewed federal-territory context; it does not recast city rows as physical populated-place observations.,True,False,accepted_checked_rule_territorial_reference_and_series_context,territory_reference,accepted modern city point reused as territorial representative; no measurement at annual observation date,False
ROSSTAT2024:YB4.9:Санкт-Петербург:2023:federal_territory_point_context,annual:ROSSTAT2024:YB4.9:pdf_page_93:line_25:annual:2023,ROSSTAT2024:YB4.9:pdf_page_93:line_25:annual:2023,statisticalaggregate:annual:2021:data_allsettlements_anon_156_v20251217.parquet:parquet:126656,Санкт-Петербург,2023,2023-01-01,Rosstat table 4.9 footnote: estimates as of Jan 1 for 2022-24,5 600,5600000.0,5600.0,1000.0,unspecified_in_publication; no exact population or assumed error interval,,federal_city_region,,Санкт-Петербург                             4 661            4 880            5 602             5 378            5 600            5 598         Sankt-Petersburg,94,"4.9. Cities with population of 100,000 and over (thousands of persons)",/workspace/settlements-data/research_rebuild/evidence/discovery/official_sources_2010_2021_r2_yearbook/raw/rosstat_russian_statistical_yearbook_2024.pdf,bac43b438869d7b11ca595acd121726833d2bf2e54004351db825cade4c29da7,"{""line"": 25, ""page"": 93, ""table"": ""4.9""}",,2021:data_allsettlements_anon_156_v20251217.parquet:parquet:126656,federal_city_territory,Q656,territory_reference,30.316667,59.95,WGS84,/workspace/settlements-raw/data/raw/rosstat_2021/Tom1_tab-5_VPN-2020.xlsx,0b232b3d2ab5daa231568acc719ac6fda4fb0979a01a0da6bacc69be6f252474,"Rosstat 2021 Table 5, root row 7555 / cached selected record parquet row 126656",batch_0139.jsonl.gz,4eda3174ad7792f797be69edb4081f31674f9a68b00bbfae11e366a70be9e1c3,14073,POINT(30.316667 59.950000),current city entity point reused as representative territory reference; not a population centroid or physical-NP point,reviewed_territory_reference_accepted,same continuing city entity relation allowed; no atomic same_place edge created,False,False,False,False,False,False,Table caption labels these rows as cities; for federal-city entries the accepted territory reference is an explicitly separate federal-territory role. This candidate links only to the reviewed federal-territory context; it does not recast city rows as physical populated-place observations.,True,False,accepted_checked_rule_territorial_reference_and_series_context,territory_reference,accepted modern city point reused as territorial representative; no measurement at annual observation date,False
ROSSTAT2024:YB4.9:Санкт-Петербург:2024:federal_territory_point_context,annual:ROSSTAT2024:YB4.9:pdf_page_93:line_25:annual:2024,ROSSTAT2024:YB4.9:pdf_page_93:line_25:annual:2024,statisticalaggregate:annual:2021:data_allsettlements_anon_156_v20251217.parquet:parquet:126656,Санкт-Петербург,2024,2024-01-01,Rosstat table 4.9 footnote: estimates as of Jan 1 for 2022-24,5 598,5598000.0,5598.0,1000.0,unspecified_in_publication; no exact population or assumed error interval,,federal_city_region,,Санкт-Петербург                             4 661            4 880            5 602             5 378            5 600            5 598         Sankt-Petersburg,94,"4.9. Cities with population of 100,000 and over (thousands of persons)",/workspace/settlements-data/research_rebuild/evidence/discovery/official_sources_2010_2021_r2_yearbook/raw/rosstat_russian_statistical_yearbook_2024.pdf,bac43b438869d7b11ca595acd121726833d2bf2e54004351db825cade4c29da7,"{""line"": 25, ""page"": 93, ""table"": ""4.9""}",,2021:data_allsettlements_anon_156_v20251217.parquet:parquet:126656,federal_city_territory,Q656,territory_reference,30.316667,59.95,WGS84,/workspace/settlements-raw/data/raw/rosstat_2021/Tom1_tab-5_VPN-2020.xlsx,0b232b3d2ab5daa231568acc719ac6fda4fb0979a01a0da6bacc69be6f252474,"Rosstat 2021 Table 5, root row 7555 / cached selected record parquet row 126656",batch_0139.jsonl.gz,4eda3174ad7792f797be69edb4081f31674f9a68b00bbfae11e366a70be9e1c3,14073,POINT(30.316667 59.950000),current city entity point reused as representative territory reference; not a population centroid or physical-NP point,reviewed_territory_reference_accepted,same continuing city entity relation allowed; no atomic same_place edge created,False,False,False,False,False,False,Table caption labels these rows as cities; for federal-city entries the accepted territory reference is an explicitly separate federal-territory role. This candidate links only to the reviewed federal-territory context; it does not recast city rows as physical populated-place observations.,True,False,accepted_checked_rule_territorial_reference_and_series_context,territory_reference,accepted modern city point reused as territorial representative; no measurement at annual observation date,False
ROSSTAT2024:YB4.9:Севастополь:2022:federal_territory_point_context,annual:ROSSTAT2024:YB4.9:pdf_page_93:line_28:annual:2022,ROSSTAT2024:YB4.9:pdf_page_93:line_28:annual:2022,statisticalaggregate:annual:2021:data_allsettlements_anon_156_v20251217.parquet:parquet:121540,Севастополь,2022,2022-01-01,Rosstat table 4.9 footnote: estimates as of Jan 1 for 2022-24,522,522000.0,522.0,1000.0,unspecified_in_publication; no exact population or assumed error interval,,federal_city_region,,Севастополь                                    …                …               548               522              558              561         Sevastopol,94,"4.9. Cities with population of 100,000 and over (thousands of persons)",/workspace/settlements-data/research_rebuild/evidence/discovery/official_sources_2010_2021_r2_yearbook/raw/rosstat_russian_statistical_yearbook_2024.pdf,bac43b438869d7b11ca595acd121726833d2bf2e54004351db825cade4c29da7,"{""line"": 28, ""page"": 93, ""table"": ""4.9""}",,2021:data_allsettlements_anon_156_v20251217.parquet:parquet:121540,federal_city_territory,Q7525,territory_reference,33.5225,44.605,WGS84,/workspace/settlements-raw/data/raw/rosstat_2021/Tom1_tab-5_VPN-2020.xlsx,0b232b3d2ab5daa231568acc719ac6fda4fb0979a01a0da6bacc69be6f252474,"Rosstat 2021 Table 5, root row 10612 / cached selected record parquet row 121540",batch_0140.jsonl.gz,b30d775ee3c44b36949efb8299b9be996ea3cc395dbc782cc5128a7382439886,9803,POINT(33.522500 44.605000),current city entity point reused as representative territory reference; not a population centroid or physical-NP point,reviewed_territory_reference_accepted,same continuing city entity relation allowed; no atomic same_place edge created,False,False,False,False,False,False,Table caption labels these rows as cities; for federal-city entries the accepted territory reference is an explicitly separate federal-territory role. This candidate links only to the reviewed federal-territory context; it does not recast city rows as physical populated-place observations.,True,False,accepted_checked_rule_territorial_reference_and_series_context,territory_reference,accepted modern city point reused as territorial representative; no measurement at annual observation date,False
ROSSTAT2024:YB4.9:Севастополь:2023:federal_territory_point_context,annual:ROSSTAT2024:YB4.9:pdf_page_93:line_28:annual:2023,ROSSTAT2024:YB4.9:pdf_page_93:line_28:annual:2023,statisticalaggregate:annual:2021:data_allsettlements_anon_156_v20251217.parquet:parquet:121540,Севастополь,2023,2023-01-01,Rosstat table 4.9 footnote: estimates as of Jan 1 for 2022-24,558,558000.0,558.0,1000.0,unspecified_in_publication; no exact population or assumed error interval,,federal_city_region,,Севастополь                                    …                …               548               522              558              561         Sevastopol,94,"4.9. Cities with population of 100,000 and over (thousands of persons)",/workspace/settlements-data/research_rebuild/evidence/discovery/official_sources_2010_2021_r2_yearbook/raw/rosstat_russian_statistical_yearbook_2024.pdf,bac43b438869d7b11ca595acd121726833d2bf2e54004351db825cade4c29da7,"{""line"": 28, ""page"": 93, ""table"": ""4.9""}",,2021:data_allsettlements_anon_156_v20251217.parquet:parquet:121540,federal_city_territory,Q7525,territory_reference,33.5225,44.605,WGS84,/workspace/settlements-raw/data/raw/rosstat_2021/Tom1_tab-5_VPN-2020.xlsx,0b232b3d2ab5daa231568acc719ac6fda4fb0979a01a0da6bacc69be6f252474,"Rosstat 2021 Table 5, root row 10612 / cached selected record parquet row 121540",batch_0140.jsonl.gz,b30d775ee3c44b36949efb8299b9be996ea3cc395dbc782cc5128a7382439886,9803,POINT(33.522500 44.605000),current city entity point reused as representative territory reference; not a population centroid or physical-NP point,reviewed_territory_reference_accepted,same continuing city entity relation allowed; no atomic same_place edge created,False,False,False,False,False,False,Table caption labels these rows as cities; for federal-city entries the accepted territory reference is an explicitly separate federal-territory role. This candidate links only to the reviewed federal-territory context; it does not recast city rows as physical populated-place observations.,True,False,accepted_checked_rule_territorial_reference_and_series_context,territory_reference,accepted modern city point reused as territorial representative; no measurement at annual observation date,False
ROSSTAT2024:YB4.9:Севастополь:2024:federal_territory_point_context,annual:ROSSTAT2024:YB4.9:pdf_page_93:line_28:annual:2024,ROSSTAT2024:YB4.9:pdf_page_93:line_28:annual:2024,statisticalaggregate:annual:2021:data_allsettlements_anon_156_v20251217.parquet:parquet:121540,Севастополь,2024,2024-01-01,Rosstat table 4.9 footnote: estimates as of Jan 1 for 2022-24,561,561000.0,561.0,1000.0,unspecified_in_publication; no exact population or assumed error interval,,federal_city_region,,Севастополь                                    …                …               548               522              558              561         Sevastopol,94,"4.9. Cities with population of 100,000 and over (thousands of persons)",/workspace/settlements-data/research_rebuild/evidence/discovery/official_sources_2010_2021_r2_yearbook/raw/rosstat_russian_statistical_yearbook_2024.pdf,bac43b438869d7b11ca595acd121726833d2bf2e54004351db825cade4c29da7,"{""line"": 28, ""page"": 93, ""table"": ""4.9""}",,2021:data_allsettlements_anon_156_v20251217.parquet:parquet:121540,federal_city_territory,Q7525,territory_reference,33.5225,44.605,WGS84,/workspace/settlements-raw/data/raw/rosstat_2021/Tom1_tab-5_VPN-2020.xlsx,0b232b3d2ab5daa231568acc719ac6fda4fb0979a01a0da6bacc69be6f252474,"Rosstat 2021 Table 5, root row 10612 / cached selected record parquet row 121540",batch_0140.jsonl.gz,b30d775ee3c44b36949efb8299b9be996ea3cc395dbc782cc5128a7382439886,9803,POINT(33.522500 44.605000),current city entity point reused as representative territory reference; not a population centroid or physical-NP point,reviewed_territory_reference_accepted,same continuing city entity relation allowed; no atomic same_place edge created,False,False,False,False,False,False,Table caption labels these rows as cities; for federal-city entries the accepted territory reference is an explicitly separate federal-territory role. This candidate links only to the reviewed federal-territory context; it does not recast city rows as physical populated-place observations.,True,False,accepted_checked_rule_territorial_reference_and_series_context,territory_reference,accepted modern city point reused as territorial representative; no measurement at annual observation date,False
