scope_id,observation_id,census_year,population,observation_grain,scope_kind,settlement_name,settlement_type,selected_source_record_id,is_additive_settlement_record,national2021_credit_population,own_NP_series_asserted,same_place_edge_created,population_boundary_comparability_asserted,modern_boundary_harmonized,municipal_point_scope_id,latitude,longitude,point_precision_source_degrees,native_members_count,native_constituent_sum,native_population_and_quality_preserved,municipal_entity,population_value_quality,population_source_file,population_source_sha256,population_source_locator,population_date,date_precision,population_references_json,scope_change_note,decision_status,constituent_populations_complete,native_constituent_sum_interpretation,same_place_identity_asserted,modern_boundary_series_asserted,historical_representative_is_territorial_inference_only,scope_year_link_relation,population_sum_closure_asserted,independently_published_whole_population,complete_raw_roster_members_count,auxiliary_unknown_count_members
moscow_sourceyear_desenovskoye,moscow_sourceyear_desenovskoye:2002,2002,11086.0,whole2002publishedpredecessorruralcouncil,complete_sourceyear_municipal_predecessor_territory,Поселение Десёновское,municipal_territorial_scope_not_individual_NP,,False,0,False,False,False,False,moscow_sourceyear_desenovskoye,55.50280279,37.36463057,0.0001,14,11086.0,True,Q4373598,direct_published_whole_sourceyear_rural_council_total,/workspace/settlements-raw/data/raw/2002/010_3e630cc803_02c_Moskovskaya-oblast.xls,f2d9f7fba8c898e5e201e8b57e872a9323a1b37c3819434ae7d78e2a8db76147,Sheet1!C2644,2002 census,census_year,,Complete2002printed14NPparent and2010complete14NPmunicipalroster. Whole sourceyearcount; outsideNP residential developments in latermunicipalterritory not projectedback.,qualified_accepted_complete_sourceyear_municipal_scope_secondary_sources,True,Sum of finite selected native observations only; auxiliary unknown counts excluded; not a reconstructed whole municipal population,False,False,True,sourceyear_territorial_composition_change_or_legal_transformation_boundary_unknown,True,True,14,0
moscow_sourceyear_desenovskoye,moscow_sourceyear_desenovskoye:2010,2010,13748.0,wholepublishedsourceyearmunicipalterritory,complete_sourceyear_municipal_predecessor_territory,Поселение Десёновское,municipal_territorial_scope_not_individual_NP,,False,0,False,False,False,False,moscow_sourceyear_desenovskoye,55.50280279,37.36463057,0.0001,14,13487.0,True,Q4373598,secondary_explicit_census_referenced_municipal_total,/workspace/russian-settlements-research/research_rebuild/evidence/sourceyear_scopes_followup_20261008/municipal_entities.json.gz,154e8814e5199af74294f47e8e4dd5d7b15eb272d82d114c090e5aca7fe317f3,Q4373598$49445424-C59F-43F7-9726-2FB051DCDE00,+2010-00-00T00:00:00Z,9,"[{""hash"": ""fef493c0ac015b9c57017e78926022f638232d5f"", ""snaks"": {""P248"": [{""snaktype"": ""value"", ""property"": ""P248"", ""hash"": ""4f754f49f37ff9a21f10bdd2f1d946329067411b"", ""datavalue"": {""value"": {""entity-type"": ""item"", ""numeric-id"": 126959207, ""id"": ""Q126959207""}, ""type"": ""wikibase-entityid""}, ""datatype"": ""wikibase-item""}]}, ""snaks-order"": [""P248""]}]",Complete2002printed14NPparent and2010complete14NPmunicipalroster. Whole sourceyearcount; outsideNP residential developments in latermunicipalterritory not projectedback.,qualified_accepted_complete_sourceyear_municipal_scope_secondary_sources,True,Sum of finite selected native observations only; auxiliary unknown counts excluded; not a reconstructed whole municipal population,False,False,True,sourceyear_territorial_composition_change_or_legal_transformation_boundary_unknown,False,True,14,0
moscow_sourceyear_desenovskoye,moscow_sourceyear_desenovskoye:2021,2021,38788.0,wholepublishedsourceyearmunicipalterritory,complete_sourceyear_municipal_predecessor_territory,Поселение Десёновское,municipal_territorial_scope_not_individual_NP,,False,0,False,False,False,False,moscow_sourceyear_desenovskoye,55.50280279,37.36463057,0.0001,0,,True,Q4373598,secondary_explicit_census_referenced_municipal_total,/workspace/russian-settlements-research/research_rebuild/evidence/sourceyear_scopes_followup_20261008/municipal_entities.json.gz,154e8814e5199af74294f47e8e4dd5d7b15eb272d82d114c090e5aca7fe317f3,Q4373598$92B55F20-B313-4BB5-B9E1-F1A1AFAE7FB1,+2021-00-00T00:00:00Z,9,"[{""hash"": ""61c5e60f29a334ac633ed2f369539ff623eb595b"", ""snaks"": {""P248"": [{""snaktype"": ""value"", ""property"": ""P248"", ""hash"": ""0b998d1752688a515bf751ebac4c08ed4719f068"", ""datavalue"": {""value"": {""entity-type"": ""item"", ""numeric-id"": 126684906, ""id"": ""Q126684906""}, ""type"": ""wikibase-entityid""}, ""datatype"": ""wikibase-item""}]}, ""snaks-order"": [""P248""]}]",Complete2002printed14NPparent and2010complete14NPmunicipalroster. Whole sourceyearcount; outsideNP residential developments in latermunicipalterritory not projectedback.,qualified_accepted_complete_sourceyear_municipal_scope_secondary_sources,False,Sum of finite selected native observations only; auxiliary unknown counts excluded; not a reconstructed whole municipal population,False,False,True,sourceyear_territorial_composition_change_or_legal_transformation_boundary_unknown,False,True,0,0
moscow_sourceyear_marushkinskoye,moscow_sourceyear_marushkinskoye:2002,2002,5425.0,whole2002publishedpredecessorruralcouncil,complete_sourceyear_municipal_predecessor_territory,Поселение Марушкинское,municipal_territorial_scope_not_individual_NP,,False,0,False,False,False,False,moscow_sourceyear_marushkinskoye,55.57985001,37.18142501,0.0001,18,5425.0,True,Q4373605,direct_published_whole_sourceyear_rural_council_total,/workspace/settlements-raw/data/raw/2002/010_3e630cc803_02c_Moskovskaya-oblast.xls,f2d9f7fba8c898e5e201e8b57e872a9323a1b37c3819434ae7d78e2a8db76147,Sheet1!C3604,2002 census,census_year,,"Complete2002printed18NPparent includesformerOPhTolstopaltsevo671,Sanino11,Bryokhovo9;2010whole15NPmunicipalroster. Explicit sourceyearcompositionchange, not fixedmodern15backprojection.",qualified_accepted_complete_sourceyear_municipal_scope_secondary_sources,True,Sum of finite selected native observations only; auxiliary unknown counts excluded; not a reconstructed whole municipal population,False,False,True,sourceyear_territorial_composition_change_or_legal_transformation_boundary_unknown,True,True,18,0
moscow_sourceyear_marushkinskoye,moscow_sourceyear_marushkinskoye:2010,2010,5472.0,wholepublishedsourceyearmunicipalterritory,complete_sourceyear_municipal_predecessor_territory,Поселение Марушкинское,municipal_territorial_scope_not_individual_NP,,False,0,False,False,False,False,moscow_sourceyear_marushkinskoye,55.57985001,37.18142501,0.0001,15,5482.0,True,Q4373605,secondary_explicit_census_referenced_municipal_total,/workspace/russian-settlements-research/research_rebuild/evidence/sourceyear_scopes_followup_20261008/municipal_entities.json.gz,154e8814e5199af74294f47e8e4dd5d7b15eb272d82d114c090e5aca7fe317f3,Q4373605$6AB66DC0-652D-4879-AEA6-48734D3A9606,+2010-00-00T00:00:00Z,9,"[{""hash"": ""fef493c0ac015b9c57017e78926022f638232d5f"", ""snaks"": {""P248"": [{""snaktype"": ""value"", ""property"": ""P248"", ""hash"": ""4f754f49f37ff9a21f10bdd2f1d946329067411b"", ""datavalue"": {""value"": {""entity-type"": ""item"", ""numeric-id"": 126959207, ""id"": ""Q126959207""}, ""type"": ""wikibase-entityid""}, ""datatype"": ""wikibase-item""}]}, ""snaks-order"": [""P248""]}]","Complete2002printed18NPparent includesformerOPhTolstopaltsevo671,Sanino11,Bryokhovo9;2010whole15NPmunicipalroster. Explicit sourceyearcompositionchange, not fixedmodern15backprojection.",qualified_accepted_complete_sourceyear_municipal_scope_secondary_sources,True,Sum of finite selected native observations only; auxiliary unknown counts excluded; not a reconstructed whole municipal population,False,False,True,sourceyear_territorial_composition_change_or_legal_transformation_boundary_unknown,False,True,15,0
moscow_sourceyear_marushkinskoye,moscow_sourceyear_marushkinskoye:2021,2021,15216.0,wholepublishedsourceyearmunicipalterritory,complete_sourceyear_municipal_predecessor_territory,Поселение Марушкинское,municipal_territorial_scope_not_individual_NP,,False,0,False,False,False,False,moscow_sourceyear_marushkinskoye,55.57985001,37.18142501,0.0001,0,,True,Q4373605,secondary_explicit_census_referenced_municipal_total,/workspace/russian-settlements-research/research_rebuild/evidence/sourceyear_scopes_followup_20261008/municipal_entities.json.gz,154e8814e5199af74294f47e8e4dd5d7b15eb272d82d114c090e5aca7fe317f3,Q4373605$676F8CBD-54B6-465A-9CBA-0AF5F64EDA03,+2021-00-00T00:00:00Z,9,"[{""hash"": ""61c5e60f29a334ac633ed2f369539ff623eb595b"", ""snaks"": {""P248"": [{""snaktype"": ""value"", ""property"": ""P248"", ""hash"": ""0b998d1752688a515bf751ebac4c08ed4719f068"", ""datavalue"": {""value"": {""entity-type"": ""item"", ""numeric-id"": 126684906, ""id"": ""Q126684906""}, ""type"": ""wikibase-entityid""}, ""datatype"": ""wikibase-item""}]}, ""snaks-order"": [""P248""]}]","Complete2002printed18NPparent includesformerOPhTolstopaltsevo671,Sanino11,Bryokhovo9;2010whole15NPmunicipalroster. Explicit sourceyearcompositionchange, not fixedmodern15backprojection.",qualified_accepted_complete_sourceyear_municipal_scope_secondary_sources,False,Sum of finite selected native observations only; auxiliary unknown counts excluded; not a reconstructed whole municipal population,False,False,True,sourceyear_territorial_composition_change_or_legal_transformation_boundary_unknown,False,True,0,0
moscow_sourceyear_krasnopakhorskoye,moscow_sourceyear_krasnopakhorskoye:2002,2002,3975.0,whole2002publishedpredecessorruralcouncil,complete_sourceyear_municipal_predecessor_territory,Поселение Краснопахорское,municipal_territorial_scope_not_individual_NP,,False,0,False,False,False,False,moscow_sourceyear_krasnopakhorskoye,55.41666667,37.25,0.01,20,3975.0,True,Q4373604,direct_published_whole_sourceyear_rural_council_total,/workspace/settlements-raw/data/raw/2002/010_3e630cc803_02c_Moskovskaya-oblast.xls,f2d9f7fba8c898e5e201e8b57e872a9323a1b37c3819434ae7d78e2a8db76147,Sheet1!C4582,2002 census,census_year,,Complete2002printed20NPparent and2010whole20NPmunicipalroster. Nativeprotectedcounts preserved separatelyfrommunicipalcontrol.,qualified_accepted_complete_sourceyear_municipal_scope_secondary_sources,True,Sum of finite selected native observations only; auxiliary unknown counts excluded; not a reconstructed whole municipal population,False,False,True,sourceyear_territorial_composition_change_or_legal_transformation_boundary_unknown,True,True,20,0
moscow_sourceyear_krasnopakhorskoye,moscow_sourceyear_krasnopakhorskoye:2010,2010,4026.0,wholepublishedsourceyearmunicipalterritory,complete_sourceyear_municipal_predecessor_territory,Поселение Краснопахорское,municipal_territorial_scope_not_individual_NP,,False,0,False,False,False,False,moscow_sourceyear_krasnopakhorskoye,55.41666667,37.25,0.01,20,4031.0,True,Q4373604,secondary_explicit_census_referenced_municipal_total,/workspace/russian-settlements-research/research_rebuild/evidence/sourceyear_scopes_followup_20261008/municipal_entities.json.gz,154e8814e5199af74294f47e8e4dd5d7b15eb272d82d114c090e5aca7fe317f3,Q4373604$4D29666E-E153-4674-B770-182D673D747C,+2010-00-00T00:00:00Z,9,"[{""hash"": ""fef493c0ac015b9c57017e78926022f638232d5f"", ""snaks"": {""P248"": [{""snaktype"": ""value"", ""property"": ""P248"", ""hash"": ""4f754f49f37ff9a21f10bdd2f1d946329067411b"", ""datavalue"": {""value"": {""entity-type"": ""item"", ""numeric-id"": 126959207, ""id"": ""Q126959207""}, ""type"": ""wikibase-entityid""}, ""datatype"": ""wikibase-item""}]}, ""snaks-order"": [""P248""]}]",Complete2002printed20NPparent and2010whole20NPmunicipalroster. Nativeprotectedcounts preserved separatelyfrommunicipalcontrol.,qualified_accepted_complete_sourceyear_municipal_scope_secondary_sources,True,Sum of finite selected native observations only; auxiliary unknown counts excluded; not a reconstructed whole municipal population,False,False,True,sourceyear_territorial_composition_change_or_legal_transformation_boundary_unknown,False,True,20,0
moscow_sourceyear_krasnopakhorskoye,moscow_sourceyear_krasnopakhorskoye:2021,2021,12698.0,wholepublishedsourceyearmunicipalterritory,complete_sourceyear_municipal_predecessor_territory,Поселение Краснопахорское,municipal_territorial_scope_not_individual_NP,,False,0,False,False,False,False,moscow_sourceyear_krasnopakhorskoye,55.41666667,37.25,0.01,0,,True,Q4373604,secondary_explicit_census_referenced_municipal_total,/workspace/russian-settlements-research/research_rebuild/evidence/sourceyear_scopes_followup_20261008/municipal_entities.json.gz,154e8814e5199af74294f47e8e4dd5d7b15eb272d82d114c090e5aca7fe317f3,Q4373604$38609359-5BCF-4F5A-808F-2A989BBC19A2,+2021-00-00T00:00:00Z,9,"[{""hash"": ""61c5e60f29a334ac633ed2f369539ff623eb595b"", ""snaks"": {""P248"": [{""snaktype"": ""value"", ""property"": ""P248"", ""hash"": ""0b998d1752688a515bf751ebac4c08ed4719f068"", ""datavalue"": {""value"": {""entity-type"": ""item"", ""numeric-id"": 126684906, ""id"": ""Q126684906""}, ""type"": ""wikibase-entityid""}, ""datatype"": ""wikibase-item""}]}, ""snaks-order"": [""P248""]}]",Complete2002printed20NPparent and2010whole20NPmunicipalroster. Nativeprotectedcounts preserved separatelyfrommunicipalcontrol.,qualified_accepted_complete_sourceyear_municipal_scope_secondary_sources,False,Sum of finite selected native observations only; auxiliary unknown counts excluded; not a reconstructed whole municipal population,False,False,True,sourceyear_territorial_composition_change_or_legal_transformation_boundary_unknown,False,True,0,0
moscow_sourceyear_mikhailovo_yartsevskoye,moscow_sourceyear_mikhailovo_yartsevskoye:2002,2002,4835.0,whole2002publishedpredecessorruralcouncil,complete_sourceyear_municipal_predecessor_territory,Поселение Михайлово-Ярцевское,municipal_territorial_scope_not_individual_NP,,False,0,False,False,False,False,moscow_sourceyear_mikhailovo_yartsevskoye,55.46666667,37.3,0.1,17,4835.0,True,Q4373606,direct_published_whole_sourceyear_rural_council_total,/workspace/settlements-raw/data/raw/2002/010_3e630cc803_02c_Moskovskaya-oblast.xls,f2d9f7fba8c898e5e201e8b57e872a9323a1b37c3819434ae7d78e2a8db76147,Sheet1!C4644,2002 census,census_year,,"Complete2002printed17NPparent and2010whole18NPmunicipalroster includingArmeysky125. Threeraw2010NPcountsareblank, retainedunknown auxiliaryrows:Zabolotye,Mikhailovskogolesnichestva,PudovoSipyagino. Neverzero-filled orallocated. Sourceyearcompositionchange, boundaryunknown.",qualified_accepted_complete_sourceyear_municipal_scope_secondary_sources,True,Sum of finite selected native observations only; auxiliary unknown counts excluded; not a reconstructed whole municipal population,False,False,True,sourceyear_territorial_composition_change_or_legal_transformation_boundary_unknown,True,True,17,0
moscow_sourceyear_mikhailovo_yartsevskoye,moscow_sourceyear_mikhailovo_yartsevskoye:2010,2010,4887.0,wholepublishedsourceyearmunicipalterritory,complete_sourceyear_municipal_predecessor_territory,Поселение Михайлово-Ярцевское,municipal_territorial_scope_not_individual_NP,,False,0,False,False,False,False,moscow_sourceyear_mikhailovo_yartsevskoye,55.46666667,37.3,0.1,15,4904.0,True,Q4373606,secondary_explicit_census_referenced_municipal_total,/workspace/russian-settlements-research/research_rebuild/evidence/sourceyear_scopes_followup_20261008/municipal_entities.json.gz,154e8814e5199af74294f47e8e4dd5d7b15eb272d82d114c090e5aca7fe317f3,Q4373606$BB671ACC-3A4F-4485-B1E9-B2DDCAA5DE03,+2010-00-00T00:00:00Z,9,"[{""hash"": ""fef493c0ac015b9c57017e78926022f638232d5f"", ""snaks"": {""P248"": [{""snaktype"": ""value"", ""property"": ""P248"", ""hash"": ""4f754f49f37ff9a21f10bdd2f1d946329067411b"", ""datavalue"": {""value"": {""entity-type"": ""item"", ""numeric-id"": 126959207, ""id"": ""Q126959207""}, ""type"": ""wikibase-entityid""}, ""datatype"": ""wikibase-item""}]}, ""snaks-order"": [""P248""]}]","Complete2002printed17NPparent and2010whole18NPmunicipalroster includingArmeysky125. Threeraw2010NPcountsareblank, retainedunknown auxiliaryrows:Zabolotye,Mikhailovskogolesnichestva,PudovoSipyagino. Neverzero-filled orallocated. Sourceyearcompositionchange, boundaryunknown.",qualified_accepted_complete_sourceyear_municipal_scope_secondary_sources,False,Sum of finite selected native observations only; auxiliary unknown counts excluded; not a reconstructed whole municipal population,False,False,True,sourceyear_territorial_composition_change_or_legal_transformation_boundary_unknown,False,True,18,3
moscow_sourceyear_mikhailovo_yartsevskoye,moscow_sourceyear_mikhailovo_yartsevskoye:2021,2021,9171.0,wholepublishedsourceyearmunicipalterritory,complete_sourceyear_municipal_predecessor_territory,Поселение Михайлово-Ярцевское,municipal_territorial_scope_not_individual_NP,,False,0,False,False,False,False,moscow_sourceyear_mikhailovo_yartsevskoye,55.46666667,37.3,0.1,0,,True,Q4373606,secondary_explicit_census_referenced_municipal_total,/workspace/russian-settlements-research/research_rebuild/evidence/sourceyear_scopes_followup_20261008/municipal_entities.json.gz,154e8814e5199af74294f47e8e4dd5d7b15eb272d82d114c090e5aca7fe317f3,Q4373606$3D120B05-9E5C-4E4F-BAE7-C701D3BE8F7C,+2021-00-00T00:00:00Z,9,"[{""hash"": ""61c5e60f29a334ac633ed2f369539ff623eb595b"", ""snaks"": {""P248"": [{""snaktype"": ""value"", ""property"": ""P248"", ""hash"": ""0b998d1752688a515bf751ebac4c08ed4719f068"", ""datavalue"": {""value"": {""entity-type"": ""item"", ""numeric-id"": 126684906, ""id"": ""Q126684906""}, ""type"": ""wikibase-entityid""}, ""datatype"": ""wikibase-item""}]}, ""snaks-order"": [""P248""]}]","Complete2002printed17NPparent and2010whole18NPmunicipalroster includingArmeysky125. Threeraw2010NPcountsareblank, retainedunknown auxiliaryrows:Zabolotye,Mikhailovskogolesnichestva,PudovoSipyagino. Neverzero-filled orallocated. Sourceyearcompositionchange, boundaryunknown.",qualified_accepted_complete_sourceyear_municipal_scope_secondary_sources,False,Sum of finite selected native observations only; auxiliary unknown counts excluded; not a reconstructed whole municipal population,False,False,True,sourceyear_territorial_composition_change_or_legal_transformation_boundary_unknown,False,True,0,0
moscow_sourceyear_filimonkovskoye,moscow_sourceyear_filimonkovskoye:2002,2002,5500.0,whole2002publishedpredecessorruralcouncil,complete_sourceyear_municipal_predecessor_territory,Поселение Филимонковское,municipal_territorial_scope_not_individual_NP,,False,0,False,False,False,False,moscow_sourceyear_filimonkovskoye,55.5686889,37.30862501,0.0001,15,5500.0,True,Q4373612,direct_published_whole_sourceyear_rural_council_total,/workspace/settlements-raw/data/raw/2002/010_3e630cc803_02c_Moskovskaya-oblast.xls,f2d9f7fba8c898e5e201e8b57e872a9323a1b37c3819434ae7d78e2a8db76147,Sheet1!C2708,2002 census,census_year,,"Complete2002printed15NPparent and2010whole15NPmunicipalroster. Raw2010Koncheevo countblank retainedunknown auxiliaryrow, neverzero-filled orallocated.",qualified_accepted_complete_sourceyear_municipal_scope_secondary_sources,True,Sum of finite selected native observations only; auxiliary unknown counts excluded; not a reconstructed whole municipal population,False,False,True,sourceyear_territorial_composition_change_or_legal_transformation_boundary_unknown,True,True,15,0
moscow_sourceyear_filimonkovskoye,moscow_sourceyear_filimonkovskoye:2010,2010,6217.0,wholepublishedsourceyearmunicipalterritory,complete_sourceyear_municipal_predecessor_territory,Поселение Филимонковское,municipal_territorial_scope_not_individual_NP,,False,0,False,False,False,False,moscow_sourceyear_filimonkovskoye,55.5686889,37.30862501,0.0001,14,4990.0,True,Q4373612,secondary_explicit_census_referenced_municipal_total,/workspace/russian-settlements-research/research_rebuild/evidence/sourceyear_scopes_followup_20261008/municipal_entities.json.gz,154e8814e5199af74294f47e8e4dd5d7b15eb272d82d114c090e5aca7fe317f3,Q4373612$A23DB6AD-75C5-403C-A59B-CBC5B28C6C53,+2010-00-00T00:00:00Z,9,"[{""hash"": ""fef493c0ac015b9c57017e78926022f638232d5f"", ""snaks"": {""P248"": [{""snaktype"": ""value"", ""property"": ""P248"", ""hash"": ""4f754f49f37ff9a21f10bdd2f1d946329067411b"", ""datavalue"": {""value"": {""entity-type"": ""item"", ""numeric-id"": 126959207, ""id"": ""Q126959207""}, ""type"": ""wikibase-entityid""}, ""datatype"": ""wikibase-item""}]}, ""snaks-order"": [""P248""]}]","Complete2002printed15NPparent and2010whole15NPmunicipalroster. Raw2010Koncheevo countblank retainedunknown auxiliaryrow, neverzero-filled orallocated.",qualified_accepted_complete_sourceyear_municipal_scope_secondary_sources,False,Sum of finite selected native observations only; auxiliary unknown counts excluded; not a reconstructed whole municipal population,False,False,True,sourceyear_territorial_composition_change_or_legal_transformation_boundary_unknown,False,True,15,1
moscow_sourceyear_filimonkovskoye,moscow_sourceyear_filimonkovskoye:2021,2021,14833.0,wholepublishedsourceyearmunicipalterritory,complete_sourceyear_municipal_predecessor_territory,Поселение Филимонковское,municipal_territorial_scope_not_individual_NP,,False,0,False,False,False,False,moscow_sourceyear_filimonkovskoye,55.5686889,37.30862501,0.0001,0,,True,Q4373612,secondary_explicit_census_referenced_municipal_total,/workspace/russian-settlements-research/research_rebuild/evidence/sourceyear_scopes_followup_20261008/municipal_entities.json.gz,154e8814e5199af74294f47e8e4dd5d7b15eb272d82d114c090e5aca7fe317f3,Q4373612$4C4A9AB0-6CA1-4C5F-80B8-0E3675BA2483,+2021-00-00T00:00:00Z,9,"[{""hash"": ""61c5e60f29a334ac633ed2f369539ff623eb595b"", ""snaks"": {""P248"": [{""snaktype"": ""value"", ""property"": ""P248"", ""hash"": ""0b998d1752688a515bf751ebac4c08ed4719f068"", ""datavalue"": {""value"": {""entity-type"": ""item"", ""numeric-id"": 126684906, ""id"": ""Q126684906""}, ""type"": ""wikibase-entityid""}, ""datatype"": ""wikibase-item""}]}, ""snaks-order"": [""P248""]}]","Complete2002printed15NPparent and2010whole15NPmunicipalroster. Raw2010Koncheevo countblank retainedunknown auxiliaryrow, neverzero-filled orallocated.",qualified_accepted_complete_sourceyear_municipal_scope_secondary_sources,False,Sum of finite selected native observations only; auxiliary unknown counts excluded; not a reconstructed whole municipal population,False,False,True,sourceyear_territorial_composition_change_or_legal_transformation_boundary_unknown,False,True,0,0
