source_record_id,settlement_name,region_norm,district_raw,requested_title
2002:004_f58b08b4f6_02c_Voronezhskaja.xls:Sheet1:12,Буденного,воронежская,,Буденного
2002:004_f58b08b4f6_02c_Voronezhskaja.xls:Sheet1:12,Буденного,воронежская,,Буденного (Воронежская область)
2002:004_f58b08b4f6_02c_Voronezhskaja.xls:Sheet1:1667,"1-го отделения совхоза ""Михайловский""",воронежская,Панинский район,"1-го отделения совхоза ""Михайловский"""
2002:004_f58b08b4f6_02c_Voronezhskaja.xls:Sheet1:1667,"1-го отделения совхоза ""Михайловский""",воронежская,Панинский район,"1-го отделения совхоза ""Михайловский"" (Панинский район)"
2002:004_f58b08b4f6_02c_Voronezhskaja.xls:Sheet1:1667,"1-го отделения совхоза ""Михайловский""",воронежская,Панинский район,"1-го отделения совхоза ""Михайловский"" (Воронежская область)"
2002:004_f58b08b4f6_02c_Voronezhskaja.xls:Sheet1:1699,"1-го отделения племзавода ""Тойда""",воронежская,Панинский район,"1-го отделения племзавода ""Тойда"""
2002:004_f58b08b4f6_02c_Voronezhskaja.xls:Sheet1:1699,"1-го отделения племзавода ""Тойда""",воронежская,Панинский район,"1-го отделения племзавода ""Тойда"" (Панинский район)"
2002:004_f58b08b4f6_02c_Voronezhskaja.xls:Sheet1:1699,"1-го отделения племзавода ""Тойда""",воронежская,Панинский район,"1-го отделения племзавода ""Тойда"" (Воронежская область)"
2002:004_f58b08b4f6_02c_Voronezhskaja.xls:Sheet1:1808,"совхоза ""Опыт""",воронежская,Подгоренский район,"совхоза ""Опыт"""
2002:004_f58b08b4f6_02c_Voronezhskaja.xls:Sheet1:1808,"совхоза ""Опыт""",воронежская,Подгоренский район,"совхоза ""Опыт"" (Подгоренский район)"
2002:004_f58b08b4f6_02c_Voronezhskaja.xls:Sheet1:1808,"совхоза ""Опыт""",воронежская,Подгоренский район,"совхоза ""Опыт"" (Воронежская область)"
2002:009_fc0fd8cf1b_02c_Lipetskaja.xls:Sheet1:1539,совхоза Пальна-Михайловский,липецкая,Становлянский район,совхоза Пальна-Михайловский
2002:009_fc0fd8cf1b_02c_Lipetskaja.xls:Sheet1:1539,совхоза Пальна-Михайловский,липецкая,Становлянский район,совхоза Пальна-Михайловский (Становлянский район)
2002:009_fc0fd8cf1b_02c_Lipetskaja.xls:Sheet1:1539,совхоза Пальна-Михайловский,липецкая,Становлянский район,совхоза Пальна-Михайловский (Липецкая область)
2002:009_fc0fd8cf1b_02c_Lipetskaja.xls:Sheet1:155,Гудаловка,липецкая,Грязинский район,Гудаловка
2002:009_fc0fd8cf1b_02c_Lipetskaja.xls:Sheet1:155,Гудаловка,липецкая,Грязинский район,Гудаловка (Грязинский район)
2002:009_fc0fd8cf1b_02c_Lipetskaja.xls:Sheet1:155,Гудаловка,липецкая,Грязинский район,Гудаловка (Липецкая область)
2002:009_fc0fd8cf1b_02c_Lipetskaja.xls:Sheet1:238,Долгое,липецкая,Данковский район,Долгое
2002:009_fc0fd8cf1b_02c_Lipetskaja.xls:Sheet1:238,Долгое,липецкая,Данковский район,Долгое (Данковский район)
2002:009_fc0fd8cf1b_02c_Lipetskaja.xls:Sheet1:238,Долгое,липецкая,Данковский район,Долгое (Липецкая область)
2002:009_fc0fd8cf1b_02c_Lipetskaja.xls:Sheet1:689,"совхоза ""Маяк""",липецкая,Елецкий район,"совхоза ""Маяк"""
2002:009_fc0fd8cf1b_02c_Lipetskaja.xls:Sheet1:689,"совхоза ""Маяк""",липецкая,Елецкий район,"совхоза ""Маяк"" (Елецкий район)"
2002:009_fc0fd8cf1b_02c_Lipetskaja.xls:Sheet1:689,"совхоза ""Маяк""",липецкая,Елецкий район,"совхоза ""Маяк"" (Липецкая область)"
2002:014_32646337ea_02c_Tambovskaja.xls:Sheet1:1017,Ярославка Первая,тамбовская,Никифоровский район,Ярославка Первая
2002:014_32646337ea_02c_Tambovskaja.xls:Sheet1:1017,Ярославка Первая,тамбовская,Никифоровский район,Ярославка Первая (Никифоровский район)
2002:014_32646337ea_02c_Tambovskaja.xls:Sheet1:1017,Ярославка Первая,тамбовская,Никифоровский район,Ярославка Первая (Тамбовская область)
2002:014_32646337ea_02c_Tambovskaja.xls:Sheet1:1019,Ярославка Вторая,тамбовская,Никифоровский район,Ярославка Вторая
2002:014_32646337ea_02c_Tambovskaja.xls:Sheet1:1019,Ярославка Вторая,тамбовская,Никифоровский район,Ярославка Вторая (Никифоровский район)
2002:014_32646337ea_02c_Tambovskaja.xls:Sheet1:1019,Ярославка Вторая,тамбовская,Никифоровский район,Ярославка Вторая (Тамбовская область)
2002:014_32646337ea_02c_Tambovskaja.xls:Sheet1:1299,Подъем Первое Отделение,тамбовская,Пичаевский район,Подъем Первое Отделение
2002:014_32646337ea_02c_Tambovskaja.xls:Sheet1:1299,Подъем Первое Отделение,тамбовская,Пичаевский район,Подъем Первое Отделение (Пичаевский район)
2002:014_32646337ea_02c_Tambovskaja.xls:Sheet1:1299,Подъем Первое Отделение,тамбовская,Пичаевский район,Подъем Первое Отделение (Тамбовская область)
2002:014_32646337ea_02c_Tambovskaja.xls:Sheet1:1337,Новогородовка,тамбовская,Рассказовский район,Новогородовка
2002:014_32646337ea_02c_Tambovskaja.xls:Sheet1:1337,Новогородовка,тамбовская,Рассказовский район,Новогородовка (Рассказовский район)
2002:014_32646337ea_02c_Tambovskaja.xls:Sheet1:1337,Новогородовка,тамбовская,Рассказовский район,Новогородовка (Тамбовская область)
2002:014_32646337ea_02c_Tambovskaja.xls:Sheet1:1340,им. Второй Пятилетки,тамбовская,Рассказовский район,им. Второй Пятилетки
2002:014_32646337ea_02c_Tambovskaja.xls:Sheet1:1340,им. Второй Пятилетки,тамбовская,Рассказовский район,им. Второй Пятилетки (Рассказовский район)
2002:014_32646337ea_02c_Tambovskaja.xls:Sheet1:1340,им. Второй Пятилетки,тамбовская,Рассказовский район,им. Второй Пятилетки (Тамбовская область)
2002:014_32646337ea_02c_Tambovskaja.xls:Sheet1:2138,Центральное Отделение Совхоза Сулакский,тамбовская,Уметский район,Центральное Отделение Совхоза Сулакский
2002:014_32646337ea_02c_Tambovskaja.xls:Sheet1:2138,Центральное Отделение Совхоза Сулакский,тамбовская,Уметский район,Центральное Отделение Совхоза Сулакский (Уметский район)
2002:014_32646337ea_02c_Tambovskaja.xls:Sheet1:2138,Центральное Отделение Совхоза Сулакский,тамбовская,Уметский район,Центральное Отделение Совхоза Сулакский (Тамбовская область)
2002:014_32646337ea_02c_Tambovskaja.xls:Sheet1:423,Иноковка Первая,тамбовская,Кирсановский район,Иноковка Первая
2002:014_32646337ea_02c_Tambovskaja.xls:Sheet1:423,Иноковка Первая,тамбовская,Кирсановский район,Иноковка Первая (Кирсановский район)
2002:014_32646337ea_02c_Tambovskaja.xls:Sheet1:423,Иноковка Первая,тамбовская,Кирсановский район,Иноковка Первая (Тамбовская область)
2002:014_32646337ea_02c_Tambovskaja.xls:Sheet1:556,Центральное отделение совхоза им. Мичурина,тамбовская,Мичуринский район,Центральное отделение совхоза им. Мичурина
2002:014_32646337ea_02c_Tambovskaja.xls:Sheet1:556,Центральное отделение совхоза им. Мичурина,тамбовская,Мичуринский район,Центральное отделение совхоза им. Мичурина (Мичуринский район)
2002:014_32646337ea_02c_Tambovskaja.xls:Sheet1:556,Центральное отделение совхоза им. Мичурина,тамбовская,Мичуринский район,Центральное отделение совхоза им. Мичурина (Тамбовская область)
2002:014_32646337ea_02c_Tambovskaja.xls:Sheet1:559,Отделения Садострой,тамбовская,Мичуринский район,Отделения Садострой
2002:014_32646337ea_02c_Tambovskaja.xls:Sheet1:559,Отделения Садострой,тамбовская,Мичуринский район,Отделения Садострой (Мичуринский район)
2002:014_32646337ea_02c_Tambovskaja.xls:Sheet1:559,Отделения Садострой,тамбовская,Мичуринский район,Отделения Садострой (Тамбовская область)
2002:014_32646337ea_02c_Tambovskaja.xls:Sheet1:8,1 Отделение совхоза Бондарский,тамбовская,Бондарский район,1 Отделение совхоза Бондарский
2002:014_32646337ea_02c_Tambovskaja.xls:Sheet1:8,1 Отделение совхоза Бондарский,тамбовская,Бондарский район,1 Отделение совхоза Бондарский (Бондарский район)
2002:014_32646337ea_02c_Tambovskaja.xls:Sheet1:8,1 Отделение совхоза Бондарский,тамбовская,Бондарский район,1 Отделение совхоза Бондарский (Тамбовская область)
2002:028_df43ade2a7_02c_Adygea.xls:Sheet1:6,Веселый,адыгея,,Веселый
2002:028_df43ade2a7_02c_Adygea.xls:Sheet1:6,Веселый,адыгея,,Веселый (Адыгея)
2002:029_fe8710371d_02c_Dagestan.xls:2002:1036,Малое Козыревское,дагестан,Кизлярский район,Малое Козыревское
2002:029_fe8710371d_02c_Dagestan.xls:2002:1036,Малое Козыревское,дагестан,Кизлярский район,Малое Козыревское (Кизлярский район)
2002:029_fe8710371d_02c_Dagestan.xls:2002:1036,Малое Козыревское,дагестан,Кизлярский район,Малое Козыревское (Дагестан)
2002:029_fe8710371d_02c_Dagestan.xls:2002:1065,Юбилейный,дагестан,Кизлярский район,Юбилейный
2002:029_fe8710371d_02c_Dagestan.xls:2002:1065,Юбилейный,дагестан,Кизлярский район,Юбилейный (Кизлярский район)
2002:029_fe8710371d_02c_Dagestan.xls:2002:1065,Юбилейный,дагестан,Кизлярский район,Юбилейный (Дагестан)
2002:029_fe8710371d_02c_Dagestan.xls:2002:1072,Школьный,дагестан,Кизлярский район,Школьный
2002:029_fe8710371d_02c_Dagestan.xls:2002:1072,Школьный,дагестан,Кизлярский район,Школьный (Кизлярский район)
2002:029_fe8710371d_02c_Dagestan.xls:2002:1072,Школьный,дагестан,Кизлярский район,Школьный (Дагестан)
2002:029_fe8710371d_02c_Dagestan.xls:2002:1441,Зеленоморское,дагестан,Карабудахкентский район,Зеленоморское
2002:029_fe8710371d_02c_Dagestan.xls:2002:1441,Зеленоморское,дагестан,Карабудахкентский район,Зеленоморское (Карабудахкентский район)
2002:029_fe8710371d_02c_Dagestan.xls:2002:1441,Зеленоморское,дагестан,Карабудахкентский район,Зеленоморское (Дагестан)
2002:029_fe8710371d_02c_Dagestan.xls:2002:1726,Кадыркент,дагестан,Сергокалинский район,Кадыркент
2002:029_fe8710371d_02c_Dagestan.xls:2002:1726,Кадыркент,дагестан,Сергокалинский район,Кадыркент (Сергокалинский район)
2002:029_fe8710371d_02c_Dagestan.xls:2002:1726,Кадыркент,дагестан,Сергокалинский район,Кадыркент (Дагестан)
2002:029_fe8710371d_02c_Dagestan.xls:2002:1832,Новый Испик,дагестан,Сулейман-Стальский район,Новый Испик
2002:029_fe8710371d_02c_Dagestan.xls:2002:1832,Новый Испик,дагестан,Сулейман-Стальский район,Новый Испик (Сулейман-Стальский район)
2002:029_fe8710371d_02c_Dagestan.xls:2002:1832,Новый Испик,дагестан,Сулейман-Стальский район,Новый Испик (Дагестан)
2002:029_fe8710371d_02c_Dagestan.xls:2002:199,Анчик (Анчих),дагестан,Ахвахский район,Анчик (Анчих)
2002:029_fe8710371d_02c_Dagestan.xls:2002:199,Анчик (Анчих),дагестан,Ахвахский район,Анчик
2002:029_fe8710371d_02c_Dagestan.xls:2002:199,Анчик (Анчих),дагестан,Ахвахский район,Анчих
2002:029_fe8710371d_02c_Dagestan.xls:2002:199,Анчик (Анчих),дагестан,Ахвахский район,Анчик (Анчих) (Ахвахский район)
2002:029_fe8710371d_02c_Dagestan.xls:2002:199,Анчик (Анчих),дагестан,Ахвахский район,Анчик (Анчих) (Дагестан)
2002:029_fe8710371d_02c_Dagestan.xls:2002:199,Анчик (Анчих),дагестан,Ахвахский район,Анчик (Ахвахский район)
2002:029_fe8710371d_02c_Dagestan.xls:2002:199,Анчик (Анчих),дагестан,Ахвахский район,Анчик (Дагестан)
2002:029_fe8710371d_02c_Dagestan.xls:2002:199,Анчик (Анчих),дагестан,Ахвахский район,Анчих (Ахвахский район)
2002:029_fe8710371d_02c_Dagestan.xls:2002:199,Анчик (Анчих),дагестан,Ахвахский район,Анчих (Дагестан)
2002:029_fe8710371d_02c_Dagestan.xls:2002:210,Инхело (Новое Инхело),дагестан,Ахвахский район,Инхело (Новое Инхело)
2002:029_fe8710371d_02c_Dagestan.xls:2002:210,Инхело (Новое Инхело),дагестан,Ахвахский район,Инхело
2002:029_fe8710371d_02c_Dagestan.xls:2002:210,Инхело (Новое Инхело),дагестан,Ахвахский район,Новое Инхело
2002:029_fe8710371d_02c_Dagestan.xls:2002:210,Инхело (Новое Инхело),дагестан,Ахвахский район,Инхело (Новое Инхело) (Ахвахский район)
2002:029_fe8710371d_02c_Dagestan.xls:2002:210,Инхело (Новое Инхело),дагестан,Ахвахский район,Инхело (Новое Инхело) (Дагестан)
2002:029_fe8710371d_02c_Dagestan.xls:2002:210,Инхело (Новое Инхело),дагестан,Ахвахский район,Инхело (Ахвахский район)
2002:029_fe8710371d_02c_Dagestan.xls:2002:210,Инхело (Новое Инхело),дагестан,Ахвахский район,Инхело (Дагестан)
2002:029_fe8710371d_02c_Dagestan.xls:2002:210,Инхело (Новое Инхело),дагестан,Ахвахский район,Новое Инхело (Ахвахский район)
2002:029_fe8710371d_02c_Dagestan.xls:2002:210,Инхело (Новое Инхело),дагестан,Ахвахский район,Новое Инхело (Дагестан)
2002:029_fe8710371d_02c_Dagestan.xls:2002:2139,Шидиб,дагестан,Тляратинский район,Шидиб
2002:029_fe8710371d_02c_Dagestan.xls:2002:2139,Шидиб,дагестан,Тляратинский район,Шидиб (Тляратинский район)
2002:029_fe8710371d_02c_Dagestan.xls:2002:2139,Шидиб,дагестан,Тляратинский район,Шидиб (Дагестан)
2002:029_fe8710371d_02c_Dagestan.xls:2002:2406,Гоцатль Малое,дагестан,Хунзахский район,Гоцатль Малое
2002:029_fe8710371d_02c_Dagestan.xls:2002:2406,Гоцатль Малое,дагестан,Хунзахский район,Гоцатль Малое (Хунзахский район)
2002:029_fe8710371d_02c_Dagestan.xls:2002:2406,Гоцатль Малое,дагестан,Хунзахский район,Гоцатль Малое (Дагестан)
2002:029_fe8710371d_02c_Dagestan.xls:2002:2410,Мущули,дагестан,Хунзахский район,Мущули
2002:029_fe8710371d_02c_Dagestan.xls:2002:2410,Мущули,дагестан,Хунзахский район,Мущули (Хунзахский район)
2002:029_fe8710371d_02c_Dagestan.xls:2002:2410,Мущули,дагестан,Хунзахский район,Мущули (Дагестан)
2002:029_fe8710371d_02c_Dagestan.xls:2002:2447,Красное (Село),дагестан,Хунзахский район,Красное (Село)
2002:029_fe8710371d_02c_Dagestan.xls:2002:2447,Красное (Село),дагестан,Хунзахский район,Красное
2002:029_fe8710371d_02c_Dagestan.xls:2002:2447,Красное (Село),дагестан,Хунзахский район,Село
2002:029_fe8710371d_02c_Dagestan.xls:2002:2447,Красное (Село),дагестан,Хунзахский район,Красное (Село) (Хунзахский район)
2002:029_fe8710371d_02c_Dagestan.xls:2002:2447,Красное (Село),дагестан,Хунзахский район,Красное (Село) (Дагестан)
2002:029_fe8710371d_02c_Dagestan.xls:2002:2447,Красное (Село),дагестан,Хунзахский район,Красное (Хунзахский район)
2002:029_fe8710371d_02c_Dagestan.xls:2002:2447,Красное (Село),дагестан,Хунзахский район,Красное (Дагестан)
2002:029_fe8710371d_02c_Dagestan.xls:2002:2447,Красное (Село),дагестан,Хунзахский район,Село (Хунзахский район)
2002:029_fe8710371d_02c_Dagestan.xls:2002:2447,Красное (Село),дагестан,Хунзахский район,Село (Дагестан)
2002:029_fe8710371d_02c_Dagestan.xls:2002:2627,Караозек (Караузек),дагестан,Цунтинский район,Караозек (Караузек)
2002:029_fe8710371d_02c_Dagestan.xls:2002:2627,Караозек (Караузек),дагестан,Цунтинский район,Караозек
2002:029_fe8710371d_02c_Dagestan.xls:2002:2627,Караозек (Караузек),дагестан,Цунтинский район,Караузек
2002:029_fe8710371d_02c_Dagestan.xls:2002:2627,Караозек (Караузек),дагестан,Цунтинский район,Караозек (Караузек) (Цунтинский район)
2002:029_fe8710371d_02c_Dagestan.xls:2002:2627,Караозек (Караузек),дагестан,Цунтинский район,Караозек (Караузек) (Дагестан)
2002:029_fe8710371d_02c_Dagestan.xls:2002:2627,Караозек (Караузек),дагестан,Цунтинский район,Караозек (Цунтинский район)
2002:029_fe8710371d_02c_Dagestan.xls:2002:2627,Караозек (Караузек),дагестан,Цунтинский район,Караозек (Дагестан)
2002:029_fe8710371d_02c_Dagestan.xls:2002:2627,Караозек (Караузек),дагестан,Цунтинский район,Караузек (Цунтинский район)
2002:029_fe8710371d_02c_Dagestan.xls:2002:2627,Караозек (Караузек),дагестан,Цунтинский район,Караузек (Дагестан)
2002:029_fe8710371d_02c_Dagestan.xls:2002:496,Наибика (Нанибика),дагестан,Гумбетовский район,Наибика (Нанибика)
2002:029_fe8710371d_02c_Dagestan.xls:2002:496,Наибика (Нанибика),дагестан,Гумбетовский район,Наибика
2002:029_fe8710371d_02c_Dagestan.xls:2002:496,Наибика (Нанибика),дагестан,Гумбетовский район,Нанибика
2002:029_fe8710371d_02c_Dagestan.xls:2002:496,Наибика (Нанибика),дагестан,Гумбетовский район,Наибика (Нанибика) (Гумбетовский район)
2002:029_fe8710371d_02c_Dagestan.xls:2002:496,Наибика (Нанибика),дагестан,Гумбетовский район,Наибика (Нанибика) (Дагестан)
2002:029_fe8710371d_02c_Dagestan.xls:2002:496,Наибика (Нанибика),дагестан,Гумбетовский район,Наибика (Гумбетовский район)
2002:029_fe8710371d_02c_Dagestan.xls:2002:496,Наибика (Нанибика),дагестан,Гумбетовский район,Наибика (Дагестан)
2002:029_fe8710371d_02c_Dagestan.xls:2002:496,Наибика (Нанибика),дагестан,Гумбетовский район,Нанибика (Гумбетовский район)
2002:029_fe8710371d_02c_Dagestan.xls:2002:496,Наибика (Нанибика),дагестан,Гумбетовский район,Нанибика (Дагестан)
2002:029_fe8710371d_02c_Dagestan.xls:2002:521,Цияб-Цилитли (Ново-Цилитли),дагестан,Гумбетовский район,Цияб-Цилитли (Ново-Цилитли)
2002:029_fe8710371d_02c_Dagestan.xls:2002:521,Цияб-Цилитли (Ново-Цилитли),дагестан,Гумбетовский район,Цияб-Цилитли
2002:029_fe8710371d_02c_Dagestan.xls:2002:521,Цияб-Цилитли (Ново-Цилитли),дагестан,Гумбетовский район,Ново-Цилитли
2002:029_fe8710371d_02c_Dagestan.xls:2002:521,Цияб-Цилитли (Ново-Цилитли),дагестан,Гумбетовский район,Цияб-Цилитли (Ново-Цилитли) (Гумбетовский район)
2002:029_fe8710371d_02c_Dagestan.xls:2002:521,Цияб-Цилитли (Ново-Цилитли),дагестан,Гумбетовский район,Цияб-Цилитли (Ново-Цилитли) (Дагестан)
2002:029_fe8710371d_02c_Dagestan.xls:2002:521,Цияб-Цилитли (Ново-Цилитли),дагестан,Гумбетовский район,Цияб-Цилитли (Гумбетовский район)
2002:029_fe8710371d_02c_Dagestan.xls:2002:521,Цияб-Цилитли (Ново-Цилитли),дагестан,Гумбетовский район,Цияб-Цилитли (Дагестан)
2002:029_fe8710371d_02c_Dagestan.xls:2002:521,Цияб-Цилитли (Ново-Цилитли),дагестан,Гумбетовский район,Ново-Цилитли (Гумбетовский район)
2002:029_fe8710371d_02c_Dagestan.xls:2002:521,Цияб-Цилитли (Ново-Цилитли),дагестан,Гумбетовский район,Ново-Цилитли (Дагестан)
2002:029_fe8710371d_02c_Dagestan.xls:2002:792,Бильгады,дагестан,Дербентский район,Бильгады
2002:029_fe8710371d_02c_Dagestan.xls:2002:792,Бильгады,дагестан,Дербентский район,Бильгады (Дербентский район)
2002:029_fe8710371d_02c_Dagestan.xls:2002:792,Бильгады,дагестан,Дербентский район,Бильгады (Дагестан)
2002:030_ae13fa30f2_02c_Ingushetia.xls:Sheet1:61,Гиреевский,ингушетия,,Гиреевский
2002:030_ae13fa30f2_02c_Ingushetia.xls:Sheet1:61,Гиреевский,ингушетия,,Гиреевский (Ингушетия)
2002:031_70abec85e7_02c_KBR.xls:Sheet1:116,Заречный,кабардино балкарская,Прохладненский район,Заречный
2002:031_70abec85e7_02c_KBR.xls:Sheet1:116,Заречный,кабардино балкарская,Прохладненский район,Заречный (Прохладненский район)
2002:031_70abec85e7_02c_KBR.xls:Sheet1:116,Заречный,кабардино балкарская,Прохладненский район,Заречный (Кабардино-Балкария)
2002:031_70abec85e7_02c_KBR.xls:Sheet1:124,Дальний,кабардино балкарская,Прохладненский район,Дальний
2002:031_70abec85e7_02c_KBR.xls:Sheet1:124,Дальний,кабардино балкарская,Прохладненский район,Дальний (Прохладненский район)
2002:031_70abec85e7_02c_KBR.xls:Sheet1:124,Дальний,кабардино балкарская,Прохладненский район,Дальний (Кабардино-Балкария)
2002:031_70abec85e7_02c_KBR.xls:Sheet1:129,Малакановский,кабардино балкарская,Прохладненский район,Малакановский
2002:031_70abec85e7_02c_KBR.xls:Sheet1:129,Малакановский,кабардино балкарская,Прохладненский район,Малакановский (Прохладненский район)
2002:031_70abec85e7_02c_KBR.xls:Sheet1:129,Малакановский,кабардино балкарская,Прохладненский район,Малакановский (Кабардино-Балкария)
2002:031_70abec85e7_02c_KBR.xls:Sheet1:163,Виноградный,кабардино балкарская,Прохладненский район,Виноградный
2002:031_70abec85e7_02c_KBR.xls:Sheet1:163,Виноградный,кабардино балкарская,Прохладненский район,Виноградный (Прохладненский район)
2002:031_70abec85e7_02c_KBR.xls:Sheet1:163,Виноградный,кабардино балкарская,Прохладненский район,Виноградный (Кабардино-Балкария)
2002:031_70abec85e7_02c_KBR.xls:Sheet1:168,Лесной,кабардино балкарская,Прохладненский район,Лесной
2002:031_70abec85e7_02c_KBR.xls:Sheet1:168,Лесной,кабардино балкарская,Прохладненский район,Лесной (Прохладненский район)
2002:031_70abec85e7_02c_KBR.xls:Sheet1:168,Лесной,кабардино балкарская,Прохладненский район,Лесной (Кабардино-Балкария)
2002:031_70abec85e7_02c_KBR.xls:Sheet1:296,Верхний Чегем,кабардино балкарская,Чегемский район,Верхний Чегем
2002:031_70abec85e7_02c_KBR.xls:Sheet1:296,Верхний Чегем,кабардино балкарская,Чегемский район,Верхний Чегем (Чегемский район)
2002:031_70abec85e7_02c_KBR.xls:Sheet1:296,Верхний Чегем,кабардино балкарская,Чегемский район,Верхний Чегем (Кабардино-Балкария)
2002:034_e4218f10b9_02c_N.Osetia.xls:Sheet1:217,Веселовское,северная осетия алания,Моздокский район,Веселовское
2002:034_e4218f10b9_02c_N.Osetia.xls:Sheet1:217,Веселовское,северная осетия алания,Моздокский район,Веселовское (Моздокский район)
2002:034_e4218f10b9_02c_N.Osetia.xls:Sheet1:217,Веселовское,северная осетия алания,Моздокский район,Веселовское (Северная Осетия)
2002:034_e4218f10b9_02c_N.Osetia.xls:Sheet1:238,Новоосетинская,северная осетия алания,Моздокский район,Новоосетинская
2002:034_e4218f10b9_02c_N.Osetia.xls:Sheet1:238,Новоосетинская,северная осетия алания,Моздокский район,Новоосетинская (Моздокский район)
2002:034_e4218f10b9_02c_N.Osetia.xls:Sheet1:238,Новоосетинская,северная осетия алания,Моздокский район,Новоосетинская (Северная Осетия)
2002:036_81b258bc42_02c_Krasnodarski-krai.xls:11:1467,Узловое,краснодарский,Мостовский район,Узловое
2002:036_81b258bc42_02c_Krasnodarski-krai.xls:11:1467,Узловое,краснодарский,Мостовский район,Узловое (Мостовский район)
2002:036_81b258bc42_02c_Krasnodarski-krai.xls:11:1467,Узловое,краснодарский,Мостовский район,Узловое (Краснодарский край)
2002:036_81b258bc42_02c_Krasnodarski-krai.xls:11:364,Уташ,краснодарский,Анапский район,Уташ
2002:036_81b258bc42_02c_Krasnodarski-krai.xls:11:364,Уташ,краснодарский,Анапский район,Уташ (Анапский район)
2002:036_81b258bc42_02c_Krasnodarski-krai.xls:11:364,Уташ,краснодарский,Анапский район,Уташ (Краснодарский край)
2002:036_81b258bc42_02c_Krasnodarski-krai.xls:11:55,Южный,краснодарский,,Южный
2002:036_81b258bc42_02c_Krasnodarski-krai.xls:11:55,Южный,краснодарский,,Южный (Краснодарский край)
2002:036_81b258bc42_02c_Krasnodarski-krai.xls:11:65,Новый,краснодарский,,Новый
2002:036_81b258bc42_02c_Krasnodarski-krai.xls:11:65,Новый,краснодарский,,Новый (Краснодарский край)
2002:036_81b258bc42_02c_Krasnodarski-krai.xls:11:793,им. Н.Островского,краснодарский,Ейский район,им. Н.Островского
2002:036_81b258bc42_02c_Krasnodarski-krai.xls:11:793,им. Н.Островского,краснодарский,Ейский район,им. Н.Островского (Ейский район)
2002:036_81b258bc42_02c_Krasnodarski-krai.xls:11:793,им. Н.Островского,краснодарский,Ейский район,им. Н.Островского (Краснодарский край)
2002:036_81b258bc42_02c_Krasnodarski-krai.xls:11:94,Мирный,краснодарский,,Мирный
2002:036_81b258bc42_02c_Krasnodarski-krai.xls:11:94,Мирный,краснодарский,,Мирный (Краснодарский край)
2002:039_1d4b1f6286_02c_Volgograd.xls:Sheet1:2179,Верхнегнутовский,волгоградская,Чернышковский район,Верхнегнутовский
2002:039_1d4b1f6286_02c_Volgograd.xls:Sheet1:2179,Верхнегнутовский,волгоградская,Чернышковский район,Верхнегнутовский (Чернышковский район)
2002:039_1d4b1f6286_02c_Volgograd.xls:Sheet1:2179,Верхнегнутовский,волгоградская,Чернышковский район,Верхнегнутовский (Волгоградская область)
2002:039_1d4b1f6286_02c_Volgograd.xls:Sheet1:25,Водный,волгоградская,,Водный
2002:039_1d4b1f6286_02c_Volgograd.xls:Sheet1:25,Водный,волгоградская,,Водный (Волгоградская область)
2002:039_1d4b1f6286_02c_Volgograd.xls:Sheet1:26,Горная Поляна,волгоградская,,Горная Поляна
2002:039_1d4b1f6286_02c_Volgograd.xls:Sheet1:26,Горная Поляна,волгоградская,,Горная Поляна (Волгоградская область)
2002:040_95a4475637_02c_Rostov_obl.xls:Sheet1:2171,Колос,ростовская,Октябрьский район,Колос
2002:040_95a4475637_02c_Rostov_obl.xls:Sheet1:2171,Колос,ростовская,Октябрьский район,Колос (Октябрьский район)
2002:040_95a4475637_02c_Rostov_obl.xls:Sheet1:2171,Колос,ростовская,Октябрьский район,Колос (Ростовская область)
2002:040_95a4475637_02c_Rostov_obl.xls:Sheet1:2178,Калинин,ростовская,Октябрьский район,Калинин
2002:040_95a4475637_02c_Rostov_obl.xls:Sheet1:2178,Калинин,ростовская,Октябрьский район,Калинин (Октябрьский район)
2002:040_95a4475637_02c_Rostov_obl.xls:Sheet1:2178,Калинин,ростовская,Октябрьский район,Калинин (Ростовская область)
2002:040_95a4475637_02c_Rostov_obl.xls:Sheet1:39,Даниловка,ростовская,,Даниловка
2002:040_95a4475637_02c_Rostov_obl.xls:Sheet1:39,Даниловка,ростовская,,Даниловка (Ростовская область)
2002:050_a0dc3f856b_penzen_obl.xls:Sheet1:1225,Плес,пензенская,Мокшанский район,Плес
2002:050_a0dc3f856b_penzen_obl.xls:Sheet1:1225,Плес,пензенская,Мокшанский район,Плес (Мокшанский район)
2002:050_a0dc3f856b_penzen_obl.xls:Sheet1:1225,Плес,пензенская,Мокшанский район,Плес (Пензенская область)
2002:050_a0dc3f856b_penzen_obl.xls:Sheet1:1796,"Центральная усадьба совхоза ""Надеждинский""",пензенская,Сердобский район,"Центральная усадьба совхоза ""Надеждинский"""
2002:050_a0dc3f856b_penzen_obl.xls:Sheet1:1796,"Центральная усадьба совхоза ""Надеждинский""",пензенская,Сердобский район,"Центральная усадьба совхоза ""Надеждинский"" (Сердобский район)"
2002:050_a0dc3f856b_penzen_obl.xls:Sheet1:1796,"Центральная усадьба совхоза ""Надеждинский""",пензенская,Сердобский район,"Центральная усадьба совхоза ""Надеждинский"" (Пензенская область)"
2002:050_a0dc3f856b_penzen_obl.xls:Sheet1:7,Головинская Варежка,пензенская,,Головинская Варежка
2002:050_a0dc3f856b_penzen_obl.xls:Sheet1:7,Головинская Варежка,пензенская,,Головинская Варежка (Пензенская область)
2002:050_a0dc3f856b_penzen_obl.xls:Sheet1:723,Центральная усадьба совхоза имени Калинина,пензенская,Каменский район,Центральная усадьба совхоза имени Калинина
2002:050_a0dc3f856b_penzen_obl.xls:Sheet1:723,Центральная усадьба совхоза имени Калинина,пензенская,Каменский район,Центральная усадьба совхоза имени Калинина (Каменский район)
2002:050_a0dc3f856b_penzen_obl.xls:Sheet1:723,Центральная усадьба совхоза имени Калинина,пензенская,Каменский район,Центральная усадьба совхоза имени Калинина (Пензенская область)
2002:050_a0dc3f856b_penzen_obl.xls:Sheet1:928,Саловка,пензенская,Кондольский район,Саловка
2002:050_a0dc3f856b_penzen_obl.xls:Sheet1:928,Саловка,пензенская,Кондольский район,Саловка (Кондольский район)
2002:050_a0dc3f856b_penzen_obl.xls:Sheet1:928,Саловка,пензенская,Кондольский район,Саловка (Пензенская область)
2002:053_f7f2b62d26_Samarskaja_new.xls:Sheet1:1602,Кашпир,самарская,Сызранский район,Кашпир
2002:053_f7f2b62d26_Samarskaja_new.xls:Sheet1:1602,Кашпир,самарская,Сызранский район,Кашпир (Сызранский район)
2002:053_f7f2b62d26_Samarskaja_new.xls:Sheet1:1602,Кашпир,самарская,Сызранский район,Кашпир (Самарская область)
2002:053_f7f2b62d26_Samarskaja_new.xls:Sheet1:4,Винтай,самарская,,Винтай
2002:053_f7f2b62d26_Samarskaja_new.xls:Sheet1:4,Винтай,самарская,,Винтай (Самарская область)
2002:054_0d77ecf40f_Saratovskaja1.xls:Sheet1:1924,железнодорожной станции Питерка,саратовская,Питерский район,железнодорожной станции Питерка
2002:054_0d77ecf40f_Saratovskaja1.xls:Sheet1:1924,железнодорожной станции Питерка,саратовская,Питерский район,железнодорожной станции Питерка (Питерский район)
2002:054_0d77ecf40f_Saratovskaja1.xls:Sheet1:1924,железнодорожной станции Питерка,саратовская,Питерский район,железнодорожной станции Питерка (Саратовская область)
2002:054_0d77ecf40f_Saratovskaja1.xls:Sheet1:220,Ивано-Языковка,саратовская,Аткарский район,Ивано-Языковка
2002:054_0d77ecf40f_Saratovskaja1.xls:Sheet1:220,Ивано-Языковка,саратовская,Аткарский район,Ивано-Языковка (Аткарский район)
2002:054_0d77ecf40f_Saratovskaja1.xls:Sheet1:220,Ивано-Языковка,саратовская,Аткарский район,Ивано-Языковка (Саратовская область)
2002:054_0d77ecf40f_Saratovskaja1.xls:Sheet1:888,Лобки,саратовская,Ершовский район,Лобки
2002:054_0d77ecf40f_Saratovskaja1.xls:Sheet1:888,Лобки,саратовская,Ершовский район,Лобки (Ершовский район)
2002:054_0d77ecf40f_Saratovskaja1.xls:Sheet1:888,Лобки,саратовская,Ершовский район,Лобки (Саратовская область)
2002:055_430166490c_Uljanovskaja_new.xls:Sheet1:1331,Охотничья,ульяновская,Ульяновский район,Охотничья
2002:055_430166490c_Uljanovskaja_new.xls:Sheet1:1331,Охотничья,ульяновская,Ульяновский район,Охотничья (Ульяновский район)
2002:055_430166490c_Uljanovskaja_new.xls:Sheet1:1331,Охотничья,ульяновская,Ульяновский район,Охотничья (Ульяновская область)
2002:055_430166490c_Uljanovskaja_new.xls:Sheet1:525,Выры,ульяновская,Майнский район,Выры
2002:055_430166490c_Uljanovskaja_new.xls:Sheet1:525,Выры,ульяновская,Майнский район,Выры (Майнский район)
2002:055_430166490c_Uljanovskaja_new.xls:Sheet1:525,Выры,ульяновская,Майнский район,Выры (Ульяновская область)
2002:055_430166490c_Uljanovskaja_new.xls:Sheet1:564,Гимова,ульяновская,Майнский район,Гимова
2002:055_430166490c_Uljanovskaja_new.xls:Sheet1:564,Гимова,ульяновская,Майнский район,Гимова (Майнский район)
2002:055_430166490c_Uljanovskaja_new.xls:Sheet1:564,Гимова,ульяновская,Майнский район,Гимова (Ульяновская область)
2010:002_027be52979_10._20СевКаз_ФО_20(без_20Даг)_202010.xls:СК:110,Терский,ставропольский,Будённовский,Терский
2010:002_027be52979_10._20СевКаз_ФО_20(без_20Даг)_202010.xls:СК:110,Терский,ставропольский,Будённовский,Терский (Будённовский)
2010:002_027be52979_10._20СевКаз_ФО_20(без_20Даг)_202010.xls:СК:110,Терский,ставропольский,Будённовский,Терский (Ставропольский край)
2010:002_027be52979_10._20СевКаз_ФО_20(без_20Даг)_202010.xls:СК:1227,Новоосетинская,северная осетия алания,Моздокский,Новоосетинская
2010:002_027be52979_10._20СевКаз_ФО_20(без_20Даг)_202010.xls:СК:1227,Новоосетинская,северная осетия алания,Моздокский,Новоосетинская (Моздокский)
2010:002_027be52979_10._20СевКаз_ФО_20(без_20Даг)_202010.xls:СК:1227,Новоосетинская,северная осетия алания,Моздокский,Новоосетинская (Северная Осетия)
2010:002_027be52979_10._20СевКаз_ФО_20(без_20Даг)_202010.xls:СК:1228,Черноярская,северная осетия алания,Моздокский,Черноярская
2010:002_027be52979_10._20СевКаз_ФО_20(без_20Даг)_202010.xls:СК:1228,Черноярская,северная осетия алания,Моздокский,Черноярская (Моздокский)
2010:002_027be52979_10._20СевКаз_ФО_20(без_20Даг)_202010.xls:СК:1228,Черноярская,северная осетия алания,Моздокский,Черноярская (Северная Осетия)
2010:002_027be52979_10._20СевКаз_ФО_20(без_20Даг)_202010.xls:СК:1229,Черноярская,северная осетия алания,Моздокский,Черноярская
2010:002_027be52979_10._20СевКаз_ФО_20(без_20Даг)_202010.xls:СК:1229,Черноярская,северная осетия алания,Моздокский,Черноярская (Моздокский)
2010:002_027be52979_10._20СевКаз_ФО_20(без_20Даг)_202010.xls:СК:1229,Черноярская,северная осетия алания,Моздокский,Черноярская (Северная Осетия)
2010:002_027be52979_10._20СевКаз_ФО_20(без_20Даг)_202010.xls:СК:987,Лесное,кабардино балкарская,,Лесное
2010:002_027be52979_10._20СевКаз_ФО_20(без_20Даг)_202010.xls:СК:987,Лесное,кабардино балкарская,,Лесное (Кабардино-Балкария)
2010:004_486e984bdc_12._20Астр_Волгог_Ростов.xls:Южный:1399,Белогорский,волгоградская,,Белогорский
2010:004_486e984bdc_12._20Астр_Волгог_Ростов.xls:Южный:1399,Белогорский,волгоградская,,Белогорский (Волгоградская область)
2010:004_486e984bdc_12._20Астр_Волгог_Ростов.xls:Южный:798,"Отделения N 2 Совхоза ""Волго-Дон""",волгоградская,,"Отделения N 2 Совхоза ""Волго-Дон"""
2010:004_486e984bdc_12._20Астр_Волгог_Ростов.xls:Южный:798,"Отделения N 2 Совхоза ""Волго-Дон""",волгоградская,,"Отделения N 2 Совхоза ""Волго-Дон"" (Волгоградская область)"
2010:004_486e984bdc_12._20Астр_Волгог_Ростов.xls:Южный:934,Веселый,волгоградская,,Веселый
2010:004_486e984bdc_12._20Астр_Волгог_Ростов.xls:Южный:934,Веселый,волгоградская,,Веселый (Волгоградская область)
2010:005_888282bccc_13._20Краснодарский_край_2010.xls:КК:59,Уташ,краснодарский,Анапский район,Уташ
2010:005_888282bccc_13._20Краснодарский_край_2010.xls:КК:59,Уташ,краснодарский,Анапский район,Уташ (Анапский район)
2010:005_888282bccc_13._20Краснодарский_край_2010.xls:КК:59,Уташ,краснодарский,Анапский район,Уташ (Краснодарский край)
2010:006_9b114a55c0_14._20Адыгея.xls:адыг:231,Подгорный,адыгея,Шовгеновский,Подгорный
2010:006_9b114a55c0_14._20Адыгея.xls:адыг:231,Подгорный,адыгея,Шовгеновский,Подгорный (Шовгеновский)
2010:006_9b114a55c0_14._20Адыгея.xls:адыг:231,Подгорный,адыгея,Шовгеновский,Подгорный (Адыгея)
2010:006_9b114a55c0_14._20Адыгея.xls:адыг:234,Веселый,адыгея,Шовгеновский,Веселый
2010:006_9b114a55c0_14._20Адыгея.xls:адыг:234,Веселый,адыгея,Шовгеновский,Веселый (Шовгеновский)
2010:006_9b114a55c0_14._20Адыгея.xls:адыг:234,Веселый,адыгея,Шовгеновский,Веселый (Адыгея)
2010:007_27e8a60d91_15._20Kalmykia.xls:калмыкия:150,Ики-Чонос [Ленинский],калмыкия,Целинный район,Ики-Чонос [Ленинский]
2010:007_27e8a60d91_15._20Kalmykia.xls:калмыкия:150,Ики-Чонос [Ленинский],калмыкия,Целинный район,Ики-Чонос
2010:007_27e8a60d91_15._20Kalmykia.xls:калмыкия:150,Ики-Чонос [Ленинский],калмыкия,Целинный район,Ленинский
2010:007_27e8a60d91_15._20Kalmykia.xls:калмыкия:150,Ики-Чонос [Ленинский],калмыкия,Целинный район,Ики-Чонос [Ленинский] (Целинный район)
2010:007_27e8a60d91_15._20Kalmykia.xls:калмыкия:150,Ики-Чонос [Ленинский],калмыкия,Целинный район,Ики-Чонос [Ленинский] (Калмыкия)
2010:007_27e8a60d91_15._20Kalmykia.xls:калмыкия:150,Ики-Чонос [Ленинский],калмыкия,Целинный район,Ики-Чонос (Целинный район)
2010:007_27e8a60d91_15._20Kalmykia.xls:калмыкия:150,Ики-Чонос [Ленинский],калмыкия,Целинный район,Ики-Чонос (Калмыкия)
2010:007_27e8a60d91_15._20Kalmykia.xls:калмыкия:150,Ики-Чонос [Ленинский],калмыкия,Целинный район,Ленинский (Целинный район)
2010:007_27e8a60d91_15._20Kalmykia.xls:калмыкия:150,Ики-Чонос [Ленинский],калмыкия,Целинный район,Ленинский (Калмыкия)
2010:007_27e8a60d91_15._20Kalmykia.xls:калмыкия:20,Розенталь (Садовка),калмыкия,Городовиковский район,Розенталь (Садовка)
2010:007_27e8a60d91_15._20Kalmykia.xls:калмыкия:20,Розенталь (Садовка),калмыкия,Городовиковский район,Розенталь
2010:007_27e8a60d91_15._20Kalmykia.xls:калмыкия:20,Розенталь (Садовка),калмыкия,Городовиковский район,Садовка
2010:007_27e8a60d91_15._20Kalmykia.xls:калмыкия:20,Розенталь (Садовка),калмыкия,Городовиковский район,Розенталь (Садовка) (Городовиковский район)
2010:007_27e8a60d91_15._20Kalmykia.xls:калмыкия:20,Розенталь (Садовка),калмыкия,Городовиковский район,Розенталь (Садовка) (Калмыкия)
2010:007_27e8a60d91_15._20Kalmykia.xls:калмыкия:20,Розенталь (Садовка),калмыкия,Городовиковский район,Розенталь (Городовиковский район)
2010:007_27e8a60d91_15._20Kalmykia.xls:калмыкия:20,Розенталь (Садовка),калмыкия,Городовиковский район,Розенталь (Калмыкия)
2010:007_27e8a60d91_15._20Kalmykia.xls:калмыкия:20,Розенталь (Садовка),калмыкия,Городовиковский район,Садовка (Городовиковский район)
2010:007_27e8a60d91_15._20Kalmykia.xls:калмыкия:20,Розенталь (Садовка),калмыкия,Городовиковский район,Садовка (Калмыкия)
2010:010_711691e352_2._20Kostrom_Kur_Lip_Moscow_MoscObl_Orlov_2010.xls:Data Sheet:7388,Гагарино,липецкая,,Гагарино
2010:010_711691e352_2._20Kostrom_Kur_Lip_Moscow_MoscObl_Orlov_2010.xls:Data Sheet:7388,Гагарино,липецкая,,Гагарино (Липецкая область)
2010:010_711691e352_2._20Kostrom_Kur_Lip_Moscow_MoscObl_Orlov_2010.xls:Data Sheet:7430,Троицкое,липецкая,,Троицкое
2010:010_711691e352_2._20Kostrom_Kur_Lip_Moscow_MoscObl_Orlov_2010.xls:Data Sheet:7430,Троицкое,липецкая,,Троицкое (Липецкая область)
2010:010_711691e352_2._20Kostrom_Kur_Lip_Moscow_MoscObl_Orlov_2010.xls:Data Sheet:7640,Березовка,липецкая,,Березовка
2010:010_711691e352_2._20Kostrom_Kur_Lip_Moscow_MoscObl_Orlov_2010.xls:Data Sheet:7640,Березовка,липецкая,,Березовка (Липецкая область)
2010:011_040325482b_3._20Ryaz_Smol_Tambov_Tula_Jaroslavl_20L1_20ethn_2010.xls:Data Sheet:7851,Александровка,тамбовская,,Александровка
2010:011_040325482b_3._20Ryaz_Smol_Tambov_Tula_Jaroslavl_20L1_20ethn_2010.xls:Data Sheet:7851,Александровка,тамбовская,,Александровка (Тамбовская область)
2010:011_040325482b_3._20Ryaz_Smol_Tambov_Tula_Jaroslavl_20L1_20ethn_2010.xls:Data Sheet:9074,Козьмодемьяновка,тамбовская,,Козьмодемьяновка
2010:011_040325482b_3._20Ryaz_Smol_Tambov_Tula_Jaroslavl_20L1_20ethn_2010.xls:Data Sheet:9074,Козьмодемьяновка,тамбовская,,Козьмодемьяновка (Тамбовская область)
2010:013_f60b2d2bcf_5._20Belg_Bryan_Vlad_Voron_Ivanov_Kalug_20L1_ethn_2010.xls:Data Sheet:1280,Архангельское,белгородская,,Архангельское
2010:013_f60b2d2bcf_5._20Belg_Bryan_Vlad_Voron_Ivanov_Kalug_20L1_ethn_2010.xls:Data Sheet:1280,Архангельское,белгородская,,Архангельское (Белгородская область)
2010:013_f60b2d2bcf_5._20Belg_Bryan_Vlad_Voron_Ivanov_Kalug_20L1_ethn_2010.xls:Data Sheet:7853,Михайловский,воронежская,,Михайловский
2010:013_f60b2d2bcf_5._20Belg_Bryan_Vlad_Voron_Ivanov_Kalug_20L1_ethn_2010.xls:Data Sheet:7853,Михайловский,воронежская,,Михайловский (Воронежская область)
2010:013_f60b2d2bcf_5._20Belg_Bryan_Vlad_Voron_Ivanov_Kalug_20L1_ethn_2010.xls:Data Sheet:8384,Александровка,воронежская,,Александровка
2010:013_f60b2d2bcf_5._20Belg_Bryan_Vlad_Voron_Ivanov_Kalug_20L1_ethn_2010.xls:Data Sheet:8384,Александровка,воронежская,,Александровка (Воронежская область)
2010:013_f60b2d2bcf_5._20Belg_Bryan_Vlad_Voron_Ivanov_Kalug_20L1_ethn_2010.xls:Data Sheet:8534,им. Будённого,воронежская,,им. Будённого
2010:013_f60b2d2bcf_5._20Belg_Bryan_Vlad_Voron_Ivanov_Kalug_20L1_ethn_2010.xls:Data Sheet:8534,им. Будённого,воронежская,,им. Будённого (Воронежская область)
2010:016_802d308e41_8._20Or_Penz_Perm_Samar_Saratov_Uly_2010.xls:!!!:117,Тростянка,самарская,,Тростянка
2010:016_802d308e41_8._20Or_Penz_Perm_Samar_Saratov_Uly_2010.xls:!!!:117,Тростянка,самарская,,Тростянка (Самарская область)
2010:016_802d308e41_8._20Or_Penz_Perm_Samar_Saratov_Uly_2010.xls:!!!:1343,Кашпир,самарская,,Кашпир
2010:016_802d308e41_8._20Or_Penz_Perm_Samar_Saratov_Uly_2010.xls:!!!:1343,Кашпир,самарская,,Кашпир (Самарская область)
2010:016_802d308e41_8._20Or_Penz_Perm_Samar_Saratov_Uly_2010.xls:!!!:297,Березовка,самарская,,Березовка
2010:016_802d308e41_8._20Or_Penz_Perm_Samar_Saratov_Uly_2010.xls:!!!:297,Березовка,самарская,,Березовка (Самарская область)
2010:016_802d308e41_8._20Or_Penz_Perm_Samar_Saratov_Uly_2010.xls:!!!:3318,Никольское,пензенская,,Никольское
2010:016_802d308e41_8._20Or_Penz_Perm_Samar_Saratov_Uly_2010.xls:!!!:3318,Никольское,пензенская,,Никольское (Пензенская область)
2010:016_802d308e41_8._20Or_Penz_Perm_Samar_Saratov_Uly_2010.xls:!!!:468,Александровка,самарская,,Александровка
2010:016_802d308e41_8._20Or_Penz_Perm_Samar_Saratov_Uly_2010.xls:!!!:468,Александровка,самарская,,Александровка (Самарская область)
2010:016_802d308e41_8._20Or_Penz_Perm_Samar_Saratov_Uly_2010.xls:!!!:9465,железнодорожной станции Питерка,саратовская,,железнодорожной станции Питерка
2010:016_802d308e41_8._20Or_Penz_Perm_Samar_Saratov_Uly_2010.xls:!!!:9465,железнодорожной станции Питерка,саратовская,,железнодорожной станции Питерка (Саратовская область)
2010:016_802d308e41_8._20Or_Penz_Perm_Samar_Saratov_Uly_2010.xls:!!!:9591,"Центральной усадьбы совхоза ""Выдвиженец""",саратовская,,"Центральной усадьбы совхоза ""Выдвиженец"""
2010:016_802d308e41_8._20Or_Penz_Perm_Samar_Saratov_Uly_2010.xls:!!!:9591,"Центральной усадьбы совхоза ""Выдвиженец""",саратовская,,"Центральной усадьбы совхоза ""Выдвиженец"" (Саратовская область)"
2010:017_68e0e4537e_9._20Basq_Mari_Mord_Tatar_Udm_Chuv_2010.xls:!!!:6768,Первомайский,мордовия,Ковылкинский район,Первомайский
2010:017_68e0e4537e_9._20Basq_Mari_Mord_Tatar_Udm_Chuv_2010.xls:!!!:6768,Первомайский,мордовия,Ковылкинский район,Первомайский (Ковылкинский район)
2010:017_68e0e4537e_9._20Basq_Mari_Mord_Tatar_Udm_Chuv_2010.xls:!!!:6768,Первомайский,мордовия,Ковылкинский район,Первомайский (Мордовия)
2010:018_8eadc2d6b9_7._20Dag_2010.xls:2010:200,Новое Хелетури (Кадари),дагестан,Ботлихский район,Новое Хелетури (Кадари)
2010:018_8eadc2d6b9_7._20Dag_2010.xls:2010:200,Новое Хелетури (Кадари),дагестан,Ботлихский район,Новое Хелетури
2010:018_8eadc2d6b9_7._20Dag_2010.xls:2010:200,Новое Хелетури (Кадари),дагестан,Ботлихский район,Кадари
2010:018_8eadc2d6b9_7._20Dag_2010.xls:2010:200,Новое Хелетури (Кадари),дагестан,Ботлихский район,Новое Хелетури (Кадари) (Ботлихский район)
2010:018_8eadc2d6b9_7._20Dag_2010.xls:2010:200,Новое Хелетури (Кадари),дагестан,Ботлихский район,Новое Хелетури (Кадари) (Дагестан)
2010:018_8eadc2d6b9_7._20Dag_2010.xls:2010:200,Новое Хелетури (Кадари),дагестан,Ботлихский район,Новое Хелетури (Ботлихский район)
2010:018_8eadc2d6b9_7._20Dag_2010.xls:2010:200,Новое Хелетури (Кадари),дагестан,Ботлихский район,Новое Хелетури (Дагестан)
2010:018_8eadc2d6b9_7._20Dag_2010.xls:2010:200,Новое Хелетури (Кадари),дагестан,Ботлихский район,Кадари (Ботлихский район)
2010:018_8eadc2d6b9_7._20Dag_2010.xls:2010:200,Новое Хелетури (Кадари),дагестан,Ботлихский район,Кадари (Дагестан)
2002:050_a0dc3f856b_penzen_obl.xls:Sheet1:1754,"совхоза ""Серп и Молот""",пензенская,Пензенский район,"совхоза ""Серп и Молот"""
2002:050_a0dc3f856b_penzen_obl.xls:Sheet1:1754,"совхоза ""Серп и Молот""",пензенская,Пензенский район,"совхоза ""Серп и Молот"" (Пензенский район)"
2002:050_a0dc3f856b_penzen_obl.xls:Sheet1:1754,"совхоза ""Серп и Молот""",пензенская,Пензенский район,"совхоза ""Серп и Молот"" (Пензенская область)"
2002:009_fc0fd8cf1b_02c_Lipetskaja.xls:Sheet1:155,Гудаловка,липецкая,Грязинский район,Плеханово (Липецкая область)
2002:014_32646337ea_02c_Tambovskaja.xls:Sheet1:1017,Ярославка Первая,тамбовская,Никифоровский район,Первая Ярославка
2002:014_32646337ea_02c_Tambovskaja.xls:Sheet1:1019,Ярославка Вторая,тамбовская,Никифоровский район,Вторая Ярославка
2002:014_32646337ea_02c_Tambovskaja.xls:Sheet1:423,Иноковка Первая,тамбовская,Кирсановский район,Первая Иноковка
2002:029_fe8710371d_02c_Dagestan.xls:2002:199,Анчик (Анчих),дагестан,Ахвахский район,Анчих
2002:029_fe8710371d_02c_Dagestan.xls:2002:210,Инхело (Новое Инхело),дагестан,Ахвахский район,Новое Инхело
2002:029_fe8710371d_02c_Dagestan.xls:2002:210,Инхело (Новое Инхело),дагестан,Ахвахский район,Инхело
2002:029_fe8710371d_02c_Dagestan.xls:2002:2627,Караозек (Караузек),дагестан,Цунтинский район,Караузек
2002:029_fe8710371d_02c_Dagestan.xls:2002:496,Наибика (Нанибика),дагестан,Гумбетовский район,Нанибика
2002:029_fe8710371d_02c_Dagestan.xls:2002:521,Цияб-Цилитли (Ново-Цилитли),дагестан,Гумбетовский район,Цияб-Цилитли
2002:029_fe8710371d_02c_Dagestan.xls:2002:792,Бильгады,дагестан,Дербентский район,Бильгади
2002:030_ae13fa30f2_02c_Ingushetia.xls:Sheet1:61,Гиреевский,ингушетия,,Гази-Юрт
2002:031_70abec85e7_02c_KBR.xls:Sheet1:129,Малакановский,кабардино балкарская,Прохладненский район,Малокановский
2002:031_70abec85e7_02c_KBR.xls:Sheet1:296,Верхний Чегем,кабардино балкарская,Чегемский район,Эльтюбю
2002:050_a0dc3f856b_penzen_obl.xls:Sheet1:1754,"совхоза ""Серп и Молот""",пензенская,Пензенский район,Серп и Молот (Пензенская область)
