source_record_id,census_year,settlement_name,settlement_type,region_norm,district_raw,population,okato,source_file,source_locator
2002:001_6e5cceefdf_02c_Belgorod-obl.xls:Sheet1:1054,2002,Бирюч,посёлок,белгородская,Красногвардейский район,364.0,,data/raw/2002/001_6e5cceefdf_02c_Belgorod-obl.xls,
2002:001_6e5cceefdf_02c_Belgorod-obl.xls:Sheet1:291,2002,Бирюч,село,белгородская,Валуйский район,249.0,,data/raw/2002/001_6e5cceefdf_02c_Belgorod-obl.xls,
2002:001_6e5cceefdf_02c_Belgorod-obl.xls:Sheet1:292,2002,Дубровка,хутор,белгородская,Валуйский район,90.0,,data/raw/2002/001_6e5cceefdf_02c_Belgorod-obl.xls,
2002:001_6e5cceefdf_02c_Belgorod-obl.xls:Sheet1:745,2002,Октябрьский,хутор,белгородская,Губкинский район,46.0,,data/raw/2002/001_6e5cceefdf_02c_Belgorod-obl.xls,
2002:002_d4cda9574f_02c_Bryanskaja.xls:Sheet1:12,2002,Дубровка,село,брянская,Брасовский район,538.0,,data/raw/2002/002_d4cda9574f_02c_Bryanskaja.xls,
2002:002_d4cda9574f_02c_Bryanskaja.xls:Sheet1:138,2002,Октябрьский,посёлок,брянская,Брянский район,20.0,,data/raw/2002/002_d4cda9574f_02c_Bryanskaja.xls,
2002:002_d4cda9574f_02c_Bryanskaja.xls:Sheet1:155,2002,Дубровка,деревня,брянская,Брянский район,733.0,,data/raw/2002/002_d4cda9574f_02c_Bryanskaja.xls,
2002:002_d4cda9574f_02c_Bryanskaja.xls:Sheet1:1873,2002,Дубровка,деревня,брянская,Новозыбковский район,181.0,,data/raw/2002/002_d4cda9574f_02c_Bryanskaja.xls,
2002:002_d4cda9574f_02c_Bryanskaja.xls:Sheet1:2070,2002,Октябрьский,посёлок,брянская,Почепский район,357.0,,data/raw/2002/002_d4cda9574f_02c_Bryanskaja.xls,
2002:002_d4cda9574f_02c_Bryanskaja.xls:Sheet1:2123,2002,Дубровка,посёлок,брянская,Почепский район,22.0,,data/raw/2002/002_d4cda9574f_02c_Bryanskaja.xls,
2002:002_d4cda9574f_02c_Bryanskaja.xls:Sheet1:2391,2002,Дубровка,деревня,брянская,Рогнединский район,3.0,,data/raw/2002/002_d4cda9574f_02c_Bryanskaja.xls,
2002:002_d4cda9574f_02c_Bryanskaja.xls:Sheet1:2850,2002,Дубровка,село,брянская,Суражский район,349.0,,data/raw/2002/002_d4cda9574f_02c_Bryanskaja.xls,
2002:002_d4cda9574f_02c_Bryanskaja.xls:Sheet1:3131,2002,Октябрьский,посёлок,брянская,Унечский район,20.0,,data/raw/2002/002_d4cda9574f_02c_Bryanskaja.xls,
2002:002_d4cda9574f_02c_Bryanskaja.xls:Sheet1:3155,2002,Дубровка,деревня,брянская,Унечский район,44.0,,data/raw/2002/002_d4cda9574f_02c_Bryanskaja.xls,
2002:002_d4cda9574f_02c_Bryanskaja.xls:Sheet1:341,2002,Дубровка,посёлок,брянская,Гордеевский район,5.0,,data/raw/2002/002_d4cda9574f_02c_Bryanskaja.xls,
2002:002_d4cda9574f_02c_Bryanskaja.xls:Sheet1:420,2002,Дубровка,деревня,брянская,Дубровский район,97.0,,data/raw/2002/002_d4cda9574f_02c_Bryanskaja.xls,
2002:002_d4cda9574f_02c_Bryanskaja.xls:Sheet1:638,2002,Дорохово,деревня,брянская,Жирятинский район,0.0,,data/raw/2002/002_d4cda9574f_02c_Bryanskaja.xls,
2002:003_308406b0ed_02c_Vladimirskaja.xls:Sheet1:1025,2002,Дубровка,деревня,владимирская,Киржачский район,26.0,,data/raw/2002/003_308406b0ed_02c_Vladimirskaja.xls,
2002:003_308406b0ed_02c_Vladimirskaja.xls:Sheet1:1505,2002,Дубровка,деревня,владимирская,Меленковский район,24.0,,data/raw/2002/003_308406b0ed_02c_Vladimirskaja.xls,
2002:003_308406b0ed_02c_Vladimirskaja.xls:Sheet1:1545,2002,Южный,посёлок,владимирская,Меленковский район,309.0,,data/raw/2002/003_308406b0ed_02c_Vladimirskaja.xls,
2002:003_308406b0ed_02c_Vladimirskaja.xls:Sheet1:1814,2002,Дубровка,деревня,владимирская,Петушинский район,44.0,,data/raw/2002/003_308406b0ed_02c_Vladimirskaja.xls,
2002:003_308406b0ed_02c_Vladimirskaja.xls:Sheet1:2076,2002,Дубровка,деревня,владимирская,Собинский район,2.0,,data/raw/2002/003_308406b0ed_02c_Vladimirskaja.xls,
2002:004_f58b08b4f6_02c_Voronezhskaja.xls:Sheet1:1368,2002,Комсомольское,посёлок,воронежская,Ольховатский район,67.0,,data/raw/2002/004_f58b08b4f6_02c_Voronezhskaja.xls,
2002:004_f58b08b4f6_02c_Voronezhskaja.xls:Sheet1:137,2002,Дубровка,посёлок,воронежская,Аннинский район,216.0,,data/raw/2002/004_f58b08b4f6_02c_Voronezhskaja.xls,
2002:004_f58b08b4f6_02c_Voronezhskaja.xls:Sheet1:1673,2002,Октябрьский,посёлок,воронежская,Панинский район,926.0,,data/raw/2002/004_f58b08b4f6_02c_Voronezhskaja.xls,
2002:004_f58b08b4f6_02c_Voronezhskaja.xls:Sheet1:1759,2002,Октябрьский,посёлок,воронежская,Поворинский район,615.0,,data/raw/2002/004_f58b08b4f6_02c_Voronezhskaja.xls,
2002:004_f58b08b4f6_02c_Voronezhskaja.xls:Sheet1:2325,2002,Бирюч,село,воронежская,Таловский район,652.0,,data/raw/2002/004_f58b08b4f6_02c_Voronezhskaja.xls,
2002:004_f58b08b4f6_02c_Voronezhskaja.xls:Sheet1:2438,2002,Дубровка,посёлок,воронежская,Терновский район,636.0,,data/raw/2002/004_f58b08b4f6_02c_Voronezhskaja.xls,
2002:004_f58b08b4f6_02c_Voronezhskaja.xls:Sheet1:2589,2002,Комсомольское,посёлок,воронежская,Эртильский район,217.0,,data/raw/2002/004_f58b08b4f6_02c_Voronezhskaja.xls,
2002:004_f58b08b4f6_02c_Voronezhskaja.xls:Sheet1:2591,2002,Октябрьский,посёлок,воронежская,Эртильский район,144.0,,data/raw/2002/004_f58b08b4f6_02c_Voronezhskaja.xls,
2002:004_f58b08b4f6_02c_Voronezhskaja.xls:Sheet1:298,2002,Южный,посёлок,воронежская,Богучарский район,435.0,,data/raw/2002/004_f58b08b4f6_02c_Voronezhskaja.xls,
2002:005_14871cc62a_02c_Ivanovskaja.xls:Sheet1:1188,2002,Октябрьский,посёлок,ивановская,Кинешемский район,2083.0,,data/raw/2002/005_14871cc62a_02c_Ivanovskaja.xls,
2002:005_14871cc62a_02c_Ivanovskaja.xls:Sheet1:2564,2002,Дубровка,деревня,ивановская,Савинский район,2.0,,data/raw/2002/005_14871cc62a_02c_Ivanovskaja.xls,
2002:005_14871cc62a_02c_Ivanovskaja.xls:Sheet1:394,2002,Дубровка,село,ивановская,Гаврилово-Посадский район,62.0,,data/raw/2002/005_14871cc62a_02c_Ivanovskaja.xls,
2002:005_14871cc62a_02c_Ivanovskaja.xls:Sheet1:491,2002,Октябрьский,посёлок,ивановская,Заволжский район,109.0,,data/raw/2002/005_14871cc62a_02c_Ivanovskaja.xls,
2002:006_1916564aaa_02c_Kaluzhskaja.xls:Sheet1:1022,2002,Дубровка,деревня,калужская,Жуковский район,3.0,,data/raw/2002/006_1916564aaa_02c_Kaluzhskaja.xls,
2002:006_1916564aaa_02c_Kaluzhskaja.xls:Sheet1:1380,2002,Дубровка,деревня,калужская,Козельский район,0.0,,data/raw/2002/006_1916564aaa_02c_Kaluzhskaja.xls,
2002:006_1916564aaa_02c_Kaluzhskaja.xls:Sheet1:1398,2002,Дубровка,деревня,калужская,Козельский район,22.0,,data/raw/2002/006_1916564aaa_02c_Kaluzhskaja.xls,
2002:006_1916564aaa_02c_Kaluzhskaja.xls:Sheet1:1555,2002,Дубровка,деревня,калужская,Куйбышевский район,24.0,,data/raw/2002/006_1916564aaa_02c_Kaluzhskaja.xls,
2002:006_1916564aaa_02c_Kaluzhskaja.xls:Sheet1:1600,2002,Дубровка,деревня,калужская,Куйбышевский район,81.0,,data/raw/2002/006_1916564aaa_02c_Kaluzhskaja.xls,
2002:006_1916564aaa_02c_Kaluzhskaja.xls:Sheet1:1721,2002,Дубровка,деревня,калужская,Людиновский район,67.0,,data/raw/2002/006_1916564aaa_02c_Kaluzhskaja.xls,
2002:006_1916564aaa_02c_Kaluzhskaja.xls:Sheet1:1920,2002,Дубровка,деревня,калужская,Малоярославецкий район,70.0,,data/raw/2002/006_1916564aaa_02c_Kaluzhskaja.xls,
2002:006_1916564aaa_02c_Kaluzhskaja.xls:Sheet1:1942,2002,Дубровка,деревня,калужская,Малоярославецкий район,38.0,,data/raw/2002/006_1916564aaa_02c_Kaluzhskaja.xls,
2002:006_1916564aaa_02c_Kaluzhskaja.xls:Sheet1:2239,2002,Дорохово,деревня,калужская,Мещовский район,6.0,,data/raw/2002/006_1916564aaa_02c_Kaluzhskaja.xls,
2002:006_1916564aaa_02c_Kaluzhskaja.xls:Sheet1:2319,2002,Дубровка,деревня,калужская,Мосальский район,20.0,,data/raw/2002/006_1916564aaa_02c_Kaluzhskaja.xls,
2002:006_1916564aaa_02c_Kaluzhskaja.xls:Sheet1:2358,2002,Дубровка,деревня,калужская,Мосальский район,7.0,,data/raw/2002/006_1916564aaa_02c_Kaluzhskaja.xls,
2002:006_1916564aaa_02c_Kaluzhskaja.xls:Sheet1:3277,2002,Октябрьский,посёлок,калужская,Ферзиковский район,1021.0,,data/raw/2002/006_1916564aaa_02c_Kaluzhskaja.xls,
2002:006_1916564aaa_02c_Kaluzhskaja.xls:Sheet1:713,2002,Дубровка,деревня,калужская,Думиничский район,150.0,,data/raw/2002/006_1916564aaa_02c_Kaluzhskaja.xls,
2002:006_1916564aaa_02c_Kaluzhskaja.xls:Sheet1:734,2002,Дубровка,деревня,калужская,Думиничский район,6.0,,data/raw/2002/006_1916564aaa_02c_Kaluzhskaja.xls,
2002:006_1916564aaa_02c_Kaluzhskaja.xls:Sheet1:774,2002,Дубровка,деревня,калужская,Жиздринский район,22.0,,data/raw/2002/006_1916564aaa_02c_Kaluzhskaja.xls,
2002:007_acff9aa32d_02c_Kostromskaja.xls:Sheet1:1292,2002,Октябрьский,посёлок,костромская,Кологривский район,206.0,,data/raw/2002/007_acff9aa32d_02c_Kostromskaja.xls,
2002:007_acff9aa32d_02c_Kostromskaja.xls:Sheet1:1998,2002,Октябрьский,посёлок,костромская,Мантуровский район,1570.0,,data/raw/2002/007_acff9aa32d_02c_Kostromskaja.xls,
2002:007_acff9aa32d_02c_Kostromskaja.xls:Sheet1:2990,2002,Октябрьский,посёлок,костромская,Пыщугский район,0.0,,data/raw/2002/007_acff9aa32d_02c_Kostromskaja.xls,
2002:007_acff9aa32d_02c_Kostromskaja.xls:Sheet1:3701,2002,Дубровка,посёлок,костромская,Чухломский район,72.0,,data/raw/2002/007_acff9aa32d_02c_Kostromskaja.xls,
2002:008_d607cc2b0d_02c_Kurskaja.xls:Sheet1:1015,2002,Южный,посёлок,курская,Кореневский район,215.0,,data/raw/2002/008_d607cc2b0d_02c_Kurskaja.xls,
2002:008_d607cc2b0d_02c_Kurskaja.xls:Sheet1:1390,2002,Октябрьский,хутор,курская,Льговский район,31.0,,data/raw/2002/008_d607cc2b0d_02c_Kurskaja.xls,
2002:008_d607cc2b0d_02c_Kurskaja.xls:Sheet1:2542,2002,Южный,хутор,курская,Суджанский район,53.0,,data/raw/2002/008_d607cc2b0d_02c_Kurskaja.xls,
2002:008_d607cc2b0d_02c_Kurskaja.xls:Sheet1:2733,2002,Ленина,хутор,курская,Фатежский район,19.0,,data/raw/2002/008_d607cc2b0d_02c_Kurskaja.xls,
2002:008_d607cc2b0d_02c_Kurskaja.xls:Sheet1:2803,2002,Ленина,хутор,курская,Фатежский район,35.0,,data/raw/2002/008_d607cc2b0d_02c_Kurskaja.xls,
2002:008_d607cc2b0d_02c_Kurskaja.xls:Sheet1:381,2002,Октябрьский,посёлок,курская,Дмитриевский район,55.0,,data/raw/2002/008_d607cc2b0d_02c_Kurskaja.xls,
2002:008_d607cc2b0d_02c_Kurskaja.xls:Sheet1:546,2002,Ленина,хутор,курская,Железногорский район,21.0,,data/raw/2002/008_d607cc2b0d_02c_Kurskaja.xls,
2002:009_fc0fd8cf1b_02c_Lipetskaja.xls:Sheet1:1225,2002,Дубровка,деревня,липецкая,Лебедянский район,51.0,,data/raw/2002/009_fc0fd8cf1b_02c_Lipetskaja.xls,
2002:009_fc0fd8cf1b_02c_Lipetskaja.xls:Sheet1:1680,2002,Дубровка,деревня,липецкая,Тербунский район,48.0,,data/raw/2002/009_fc0fd8cf1b_02c_Lipetskaja.xls,
2002:009_fc0fd8cf1b_02c_Lipetskaja.xls:Sheet1:27,2002,Южный,посёлок,липецкая,Воловский район,135.0,,data/raw/2002/009_fc0fd8cf1b_02c_Lipetskaja.xls,
2002:009_fc0fd8cf1b_02c_Lipetskaja.xls:Sheet1:83,2002,Ленина,посёлок,липецкая,Воловский район,46.0,,data/raw/2002/009_fc0fd8cf1b_02c_Lipetskaja.xls,
2002:010_3e630cc803_02c_Moskovskaya-oblast.xls:Sheet1:1749,2002,Октябрьский,посёлок,московская,Истринский район,125.0,,data/raw/2002/010_3e630cc803_02c_Moskovskaya-oblast.xls,
2002:010_3e630cc803_02c_Moskovskaya-oblast.xls:Sheet1:3797,2002,Дубровка,деревня,московская,Наро-Фоминский район,0.0,,data/raw/2002/010_3e630cc803_02c_Moskovskaya-oblast.xls,
2002:010_3e630cc803_02c_Moskovskaya-oblast.xls:Sheet1:4136,2002,Октябрьский,посёлок,московская,Одинцовский район,0.0,,data/raw/2002/010_3e630cc803_02c_Moskovskaya-oblast.xls,
2002:010_3e630cc803_02c_Moskovskaya-oblast.xls:Sheet1:4363,2002,Дорохово,деревня,московская,Орехово-Зуевский район,114.0,,data/raw/2002/010_3e630cc803_02c_Moskovskaya-oblast.xls,
2002:010_3e630cc803_02c_Moskovskaya-oblast.xls:Sheet1:5126,2002,Дубровка,деревня,московская,Рузский район,56.0,,data/raw/2002/010_3e630cc803_02c_Moskovskaya-oblast.xls,
2002:010_3e630cc803_02c_Moskovskaya-oblast.xls:Sheet1:5802,2002,Жаворонки,деревня,московская,Солнечногорский район,38.0,,data/raw/2002/010_3e630cc803_02c_Moskovskaya-oblast.xls,
2002:010_3e630cc803_02c_Moskovskaya-oblast.xls:Sheet1:5975,2002,Октябрьский,посёлок,московская,Ступинский район,71.0,,data/raw/2002/010_3e630cc803_02c_Moskovskaya-oblast.xls,
2002:010_3e630cc803_02c_Moskovskaya-oblast.xls:Sheet1:6372,2002,Дубровка,деревня,московская,Чеховский район,7.0,,data/raw/2002/010_3e630cc803_02c_Moskovskaya-oblast.xls,
2002:010_3e630cc803_02c_Moskovskaya-oblast.xls:Sheet1:6650,2002,Дубровка,деревня,московская,Шатурский район,139.0,,data/raw/2002/010_3e630cc803_02c_Moskovskaya-oblast.xls,
2002:011_f46bbaadfd_02c_Orlovskaja.xls:Sheet1:1513,2002,Дубровка,деревня,орловская,Ливенский район,134.0,,data/raw/2002/011_f46bbaadfd_02c_Orlovskaja.xls,
2002:011_f46bbaadfd_02c_Orlovskaja.xls:Sheet1:1646,2002,Дубровка,деревня,орловская,Ливенский район,8.0,,data/raw/2002/011_f46bbaadfd_02c_Orlovskaja.xls,
2002:011_f46bbaadfd_02c_Orlovskaja.xls:Sheet1:2131,2002,Дубровка,деревня,орловская,Новодеревеньковский район,243.0,,data/raw/2002/011_f46bbaadfd_02c_Orlovskaja.xls,
2002:011_f46bbaadfd_02c_Orlovskaja.xls:Sheet1:2399,2002,Октябрьский,посёлок,орловская,Орловский район,0.0,,data/raw/2002/011_f46bbaadfd_02c_Orlovskaja.xls,
2002:011_f46bbaadfd_02c_Orlovskaja.xls:Sheet1:2432,2002,Южный,посёлок,орловская,Орловский район,0.0,,data/raw/2002/011_f46bbaadfd_02c_Orlovskaja.xls,
2002:011_f46bbaadfd_02c_Orlovskaja.xls:Sheet1:376,2002,Дубровка,деревня,орловская,Верховский район,2.0,,data/raw/2002/011_f46bbaadfd_02c_Orlovskaja.xls,
2002:011_f46bbaadfd_02c_Orlovskaja.xls:Sheet1:513,2002,Октябрьский,посёлок,орловская,Дмитровский район,2.0,,data/raw/2002/011_f46bbaadfd_02c_Orlovskaja.xls,
2002:011_f46bbaadfd_02c_Orlovskaja.xls:Sheet1:671,2002,Дубровка,деревня,орловская,Должанский район,295.0,,data/raw/2002/011_f46bbaadfd_02c_Orlovskaja.xls,
2002:011_f46bbaadfd_02c_Orlovskaja.xls:Sheet1:807,2002,Дубровка,деревня,орловская,Залегощенский район,6.0,,data/raw/2002/011_f46bbaadfd_02c_Orlovskaja.xls,
2002:012_c6dde723e8_02c_Ryazanskaja.xls:Sheet1:1023,2002,Южный,посёлок,рязанская,Милославский район,401.0,,data/raw/2002/012_c6dde723e8_02c_Ryazanskaja.xls,
2002:012_c6dde723e8_02c_Ryazanskaja.xls:Sheet1:1994,2002,Дубровка,деревня,рязанская,Рязанский район,0.0,,data/raw/2002/012_c6dde723e8_02c_Ryazanskaja.xls,
2002:012_c6dde723e8_02c_Ryazanskaja.xls:Sheet1:2234,2002,Дубровка,деревня,рязанская,Сараевский район,14.0,,data/raw/2002/012_c6dde723e8_02c_Ryazanskaja.xls,
2002:012_c6dde723e8_02c_Ryazanskaja.xls:Sheet1:2587,2002,Южный,посёлок,рязанская,Скопинский район,114.0,,data/raw/2002/012_c6dde723e8_02c_Ryazanskaja.xls,
2002:012_c6dde723e8_02c_Ryazanskaja.xls:Sheet1:2984,2002,Дубровка,посёлок,рязанская,Чучковский район,325.0,,data/raw/2002/012_c6dde723e8_02c_Ryazanskaja.xls,
2002:012_c6dde723e8_02c_Ryazanskaja.xls:Sheet1:3103,2002,Спасск,деревня,рязанская,Шацкий район,81.0,,data/raw/2002/012_c6dde723e8_02c_Ryazanskaja.xls,
2002:012_c6dde723e8_02c_Ryazanskaja.xls:Sheet1:3334,2002,Дубровка,село,рязанская,Шиловский район,107.0,,data/raw/2002/012_c6dde723e8_02c_Ryazanskaja.xls,
2002:012_c6dde723e8_02c_Ryazanskaja.xls:Sheet1:54,2002,Сторожевка,деревня,рязанская,Ермишинский район,13.0,,data/raw/2002/012_c6dde723e8_02c_Ryazanskaja.xls,
2002:012_c6dde723e8_02c_Ryazanskaja.xls:Sheet1:968,2002,Дубровка,деревня,рязанская,Милославский район,7.0,,data/raw/2002/012_c6dde723e8_02c_Ryazanskaja.xls,
2002:013_2dd2afccd6_02c_Smolenskaja.xls:Sheet1:1009,2002,Дубровка,деревня,смоленская,Демидовский район,295.0,,data/raw/2002/013_2dd2afccd6_02c_Smolenskaja.xls,
2002:013_2dd2afccd6_02c_Smolenskaja.xls:Sheet1:1226,2002,Дубровка,деревня,смоленская,Дорогобужский район,7.0,,data/raw/2002/013_2dd2afccd6_02c_Smolenskaja.xls,
2002:013_2dd2afccd6_02c_Smolenskaja.xls:Sheet1:1809,2002,Дубровка,деревня,смоленская,Ершичский район,41.0,,data/raw/2002/013_2dd2afccd6_02c_Smolenskaja.xls,
2002:013_2dd2afccd6_02c_Smolenskaja.xls:Sheet1:1817,2002,Дубровка,деревня,смоленская,Ершичский район,8.0,,data/raw/2002/013_2dd2afccd6_02c_Smolenskaja.xls,
2002:013_2dd2afccd6_02c_Smolenskaja.xls:Sheet1:2096,2002,Дубровка,деревня,смоленская,Краснинский район,5.0,,data/raw/2002/013_2dd2afccd6_02c_Smolenskaja.xls,
2002:013_2dd2afccd6_02c_Smolenskaja.xls:Sheet1:2380,2002,Дубровка,деревня,смоленская,Монастырщинский район,7.0,,data/raw/2002/013_2dd2afccd6_02c_Smolenskaja.xls,
2002:013_2dd2afccd6_02c_Smolenskaja.xls:Sheet1:2649,2002,Дубровка,деревня,смоленская,Новодугинский район,9.0,,data/raw/2002/013_2dd2afccd6_02c_Smolenskaja.xls,
2002:013_2dd2afccd6_02c_Smolenskaja.xls:Sheet1:3075,2002,Дубровка,деревня,смоленская,Рославльский район,1.0,,data/raw/2002/013_2dd2afccd6_02c_Smolenskaja.xls,
2002:013_2dd2afccd6_02c_Smolenskaja.xls:Sheet1:3480,2002,Дубровка,деревня,смоленская,Руднянский район,125.0,,data/raw/2002/013_2dd2afccd6_02c_Smolenskaja.xls,
2002:013_2dd2afccd6_02c_Smolenskaja.xls:Sheet1:3537,2002,Дубровка,деревня,смоленская,Руднянский район,12.0,,data/raw/2002/013_2dd2afccd6_02c_Smolenskaja.xls,
2002:013_2dd2afccd6_02c_Smolenskaja.xls:Sheet1:3866,2002,Дубровка,деревня,смоленская,Смоленский район,6.0,,data/raw/2002/013_2dd2afccd6_02c_Smolenskaja.xls,
2002:013_2dd2afccd6_02c_Smolenskaja.xls:Sheet1:395,2002,Дорохово,деревня,смоленская,Вяземский район,1.0,,data/raw/2002/013_2dd2afccd6_02c_Smolenskaja.xls,
2002:013_2dd2afccd6_02c_Smolenskaja.xls:Sheet1:4174,2002,Дубровка,деревня,смоленская,Смоленский район,2.0,,data/raw/2002/013_2dd2afccd6_02c_Smolenskaja.xls,
2002:013_2dd2afccd6_02c_Smolenskaja.xls:Sheet1:4723,2002,Дубровка,деревня,смоленская,Угранский район,6.0,,data/raw/2002/013_2dd2afccd6_02c_Smolenskaja.xls,
2002:013_2dd2afccd6_02c_Smolenskaja.xls:Sheet1:4895,2002,Дубровка,деревня,смоленская,Хиславичский район,36.0,,data/raw/2002/013_2dd2afccd6_02c_Smolenskaja.xls,
2002:013_2dd2afccd6_02c_Smolenskaja.xls:Sheet1:5166,2002,Дубровка,деревня,смоленская,Шумячский район,138.0,,data/raw/2002/013_2dd2afccd6_02c_Smolenskaja.xls,
2002:013_2dd2afccd6_02c_Smolenskaja.xls:Sheet1:5256,2002,Дубровка,деревня,смоленская,Шумячский район,23.0,,data/raw/2002/013_2dd2afccd6_02c_Smolenskaja.xls,
2002:013_2dd2afccd6_02c_Smolenskaja.xls:Sheet1:536,2002,Октябрьский,посёлок,смоленская,Вяземский район,65.0,,data/raw/2002/013_2dd2afccd6_02c_Smolenskaja.xls,
2002:013_2dd2afccd6_02c_Smolenskaja.xls:Sheet1:555,2002,Дубровка,деревня,смоленская,Гагаринский район,2.0,,data/raw/2002/013_2dd2afccd6_02c_Smolenskaja.xls,
2002:013_2dd2afccd6_02c_Smolenskaja.xls:Sheet1:737,2002,Дубровка,деревня,смоленская,Гагаринский район,2.0,,data/raw/2002/013_2dd2afccd6_02c_Smolenskaja.xls,
2002:014_32646337ea_02c_Tambovskaja.xls:Sheet1:1242,2002,Октябрьский,посёлок,тамбовская,Пичаевский район,284.0,,data/raw/2002/014_32646337ea_02c_Tambovskaja.xls,
2002:014_32646337ea_02c_Tambovskaja.xls:Sheet1:1794,2002,Дубровка,село,тамбовская,Тамбовский район,507.0,,data/raw/2002/014_32646337ea_02c_Tambovskaja.xls,
2002:015_90ef69f659_02c_Tver_obl.xls:!!!:10182,2002,Дубровка,деревня,тверская,Фировский район,209.0,,data/raw/2002/015_90ef69f659_02c_Tver_obl.xls,
2002:015_90ef69f659_02c_Tver_obl.xls:!!!:1070,2002,Метлино,деревня,тверская,Весьегонский район,4.0,,data/raw/2002/015_90ef69f659_02c_Tver_obl.xls,
2002:015_90ef69f659_02c_Tver_obl.xls:!!!:1424,2002,Дубровка,деревня,тверская,Вышневолоцкий район,12.0,,data/raw/2002/015_90ef69f659_02c_Tver_obl.xls,
2002:015_90ef69f659_02c_Tver_obl.xls:!!!:1486,2002,Октябрьский,посёлок,тверская,Вышневолоцкий район,357.0,,data/raw/2002/015_90ef69f659_02c_Tver_obl.xls,
2002:015_90ef69f659_02c_Tver_obl.xls:!!!:1824,2002,Дубровка,деревня,тверская,Западнодвинский район,1.0,,data/raw/2002/015_90ef69f659_02c_Tver_obl.xls,
2002:015_90ef69f659_02c_Tver_obl.xls:!!!:2032,2002,Дорохово,деревня,тверская,Западнодвинский район,0.0,,data/raw/2002/015_90ef69f659_02c_Tver_obl.xls,
2002:015_90ef69f659_02c_Tver_obl.xls:!!!:2107,2002,Дубровка,деревня,тверская,Зубцовский район,7.0,,data/raw/2002/015_90ef69f659_02c_Tver_obl.xls,
2002:015_90ef69f659_02c_Tver_obl.xls:!!!:3031,2002,Дорохово,деревня,тверская,Калязинский район,15.0,,data/raw/2002/015_90ef69f659_02c_Tver_obl.xls,
2002:015_90ef69f659_02c_Tver_obl.xls:!!!:4376,2002,Дубровка,деревня,тверская,Кимрский район,2.0,,data/raw/2002/015_90ef69f659_02c_Tver_obl.xls,
2002:015_90ef69f659_02c_Tver_obl.xls:!!!:4422,2002,Энергетик,посёлок,тверская,Конаковский район,385.0,,data/raw/2002/015_90ef69f659_02c_Tver_obl.xls,
2002:015_90ef69f659_02c_Tver_obl.xls:!!!:5424,2002,Дубровка,деревня,тверская,Лихославльский район,0.0,,data/raw/2002/015_90ef69f659_02c_Tver_obl.xls,
2002:015_90ef69f659_02c_Tver_obl.xls:!!!:547,2002,Дубровка,деревня,тверская,Бежецкий район,16.0,,data/raw/2002/015_90ef69f659_02c_Tver_obl.xls,
2002:015_90ef69f659_02c_Tver_obl.xls:!!!:5687,2002,Дубровка,деревня,тверская,Максатихинский район,0.0,,data/raw/2002/015_90ef69f659_02c_Tver_obl.xls,
2002:015_90ef69f659_02c_Tver_obl.xls:!!!:5703,2002,Дубровка,деревня,тверская,Максатихинский район,0.0,,data/raw/2002/015_90ef69f659_02c_Tver_obl.xls,
2002:015_90ef69f659_02c_Tver_obl.xls:!!!:5775,2002,Дубровка,деревня,тверская,Молоковский район,2.0,,data/raw/2002/015_90ef69f659_02c_Tver_obl.xls,
2002:015_90ef69f659_02c_Tver_obl.xls:!!!:5801,2002,Дубровка,деревня,тверская,Молоковский район,1.0,,data/raw/2002/015_90ef69f659_02c_Tver_obl.xls,
2002:015_90ef69f659_02c_Tver_obl.xls:!!!:591,2002,Дубровка,деревня,тверская,Бежецкий район,2.0,,data/raw/2002/015_90ef69f659_02c_Tver_obl.xls,
2002:015_90ef69f659_02c_Tver_obl.xls:!!!:5920,2002,Дубровка,деревня,тверская,Молоковский район,0.0,,data/raw/2002/015_90ef69f659_02c_Tver_obl.xls,
2002:015_90ef69f659_02c_Tver_obl.xls:!!!:6088,2002,Южный,посёлок,тверская,Нелидовский район,993.0,,data/raw/2002/015_90ef69f659_02c_Tver_obl.xls,
2002:015_90ef69f659_02c_Tver_obl.xls:!!!:6340,2002,Дубровка,деревня,тверская,Оленинский район,51.0,,data/raw/2002/015_90ef69f659_02c_Tver_obl.xls,
2002:015_90ef69f659_02c_Tver_obl.xls:!!!:6605,2002,Южный,посёлок,тверская,Осташковский район,266.0,,data/raw/2002/015_90ef69f659_02c_Tver_obl.xls,
2002:015_90ef69f659_02c_Tver_obl.xls:!!!:6734,2002,Дубровка,деревня,тверская,Осташковский район,3.0,,data/raw/2002/015_90ef69f659_02c_Tver_obl.xls,
2002:015_90ef69f659_02c_Tver_obl.xls:!!!:717,2002,Дубровка,деревня,тверская,Бельский район,3.0,,data/raw/2002/015_90ef69f659_02c_Tver_obl.xls,
2002:015_90ef69f659_02c_Tver_obl.xls:!!!:7384,2002,Дубровка,деревня,тверская,Ржевский район,18.0,,data/raw/2002/015_90ef69f659_02c_Tver_obl.xls,
2002:015_90ef69f659_02c_Tver_obl.xls:!!!:8323,2002,Дубровка,деревня,тверская,Сонковский район,5.0,,data/raw/2002/015_90ef69f659_02c_Tver_obl.xls,
2002:015_90ef69f659_02c_Tver_obl.xls:!!!:8527,2002,Дубровка,деревня,тверская,Спировский район,6.0,,data/raw/2002/015_90ef69f659_02c_Tver_obl.xls,
2002:015_90ef69f659_02c_Tver_obl.xls:!!!:8690,2002,Дорохово,деревня,тверская,Старицкий район,44.0,,data/raw/2002/015_90ef69f659_02c_Tver_obl.xls,
2002:015_90ef69f659_02c_Tver_obl.xls:!!!:8741,2002,Дубровка,деревня,тверская,Старицкий район,2.0,,data/raw/2002/015_90ef69f659_02c_Tver_obl.xls,
2002:015_90ef69f659_02c_Tver_obl.xls:!!!:881,2002,Дубровка,деревня,тверская,Бологовский район,361.0,,data/raw/2002/015_90ef69f659_02c_Tver_obl.xls,
2002:015_90ef69f659_02c_Tver_obl.xls:!!!:9240,2002,Дубровка,деревня,тверская,Торжокский район,293.0,,data/raw/2002/015_90ef69f659_02c_Tver_obl.xls,
2002:015_90ef69f659_02c_Tver_obl.xls:!!!:9369,2002,Дубровка,деревня,тверская,Торжокский район,34.0,,data/raw/2002/015_90ef69f659_02c_Tver_obl.xls,
2002:015_90ef69f659_02c_Tver_obl.xls:!!!:9678,2002,Метлино,деревня,тверская,Торопецкий район,8.0,,data/raw/2002/015_90ef69f659_02c_Tver_obl.xls,
2002:015_90ef69f659_02c_Tver_obl.xls:!!!:9806,2002,Дубровка,деревня,тверская,Торопецкий район,4.0,,data/raw/2002/015_90ef69f659_02c_Tver_obl.xls,
2002:016_3aa889d669_02c_Tulskaja.xls:Sheet1:1084,2002,Красногорское,деревня,тульская,Ефремовский район,36.0,,data/raw/2002/016_3aa889d669_02c_Tulskaja.xls,
2002:016_3aa889d669_02c_Tulskaja.xls:Sheet1:1086,2002,Октябрьский,посёлок,тульская,Ефремовский район,19.0,,data/raw/2002/016_3aa889d669_02c_Tulskaja.xls,
2002:016_3aa889d669_02c_Tulskaja.xls:Sheet1:1143,2002,Октябрьский,посёлок,тульская,Ефремовский район,328.0,,data/raw/2002/016_3aa889d669_02c_Tulskaja.xls,
2002:016_3aa889d669_02c_Tulskaja.xls:Sheet1:189,2002,Октябрьский,посёлок,тульская,Арсеньевский район,246.0,,data/raw/2002/016_3aa889d669_02c_Tulskaja.xls,
2002:016_3aa889d669_02c_Tulskaja.xls:Sheet1:1892,2002,Дубровка,деревня,тульская,Киреевский район,3.0,,data/raw/2002/016_3aa889d669_02c_Tulskaja.xls,
2002:016_3aa889d669_02c_Tulskaja.xls:Sheet1:2158,2002,Южный,посёлок,тульская,Ленинский район,768.0,,data/raw/2002/016_3aa889d669_02c_Tulskaja.xls,
2002:016_3aa889d669_02c_Tulskaja.xls:Sheet1:2191,2002,Октябрьский,посёлок,тульская,Ленинский район,839.0,,data/raw/2002/016_3aa889d669_02c_Tulskaja.xls,
2002:016_3aa889d669_02c_Tulskaja.xls:Sheet1:2328,2002,Дубровка,деревня,тульская,Новомосковский район,0.0,,data/raw/2002/016_3aa889d669_02c_Tulskaja.xls,
2002:016_3aa889d669_02c_Tulskaja.xls:Sheet1:2616,2002,Октябрьский,посёлок,тульская,Плавский район,659.0,,data/raw/2002/016_3aa889d669_02c_Tulskaja.xls,
2002:016_3aa889d669_02c_Tulskaja.xls:Sheet1:2634,2002,Южный,посёлок,тульская,Плавский район,2.0,,data/raw/2002/016_3aa889d669_02c_Tulskaja.xls,
2002:016_3aa889d669_02c_Tulskaja.xls:Sheet1:3173,2002,Южный,посёлок,тульская,Чернский район,106.0,,data/raw/2002/016_3aa889d669_02c_Tulskaja.xls,
2002:016_3aa889d669_02c_Tulskaja.xls:Sheet1:738,2002,Октябрьский,посёлок,тульская,Веневский район,155.0,,data/raw/2002/016_3aa889d669_02c_Tulskaja.xls,
2002:016_3aa889d669_02c_Tulskaja.xls:Sheet1:809,2002,Дубровка,деревня,тульская,Воловский район,44.0,,data/raw/2002/016_3aa889d669_02c_Tulskaja.xls,
2002:016_3aa889d669_02c_Tulskaja.xls:Sheet1:876,2002,Дубровка,деревня,тульская,Воловский район,0.0,,data/raw/2002/016_3aa889d669_02c_Tulskaja.xls,
2002:017_6374fdddeb_02c_Yaroslavskaja.xls:Sheet1:3782,2002,Дубровка,деревня,ярославская,Пошехонский район,0.0,,data/raw/2002/017_6374fdddeb_02c_Yaroslavskaja.xls,
2002:017_6374fdddeb_02c_Yaroslavskaja.xls:Sheet1:4081,2002,Южный,посёлок,ярославская,Ростовский район,4.0,,data/raw/2002/017_6374fdddeb_02c_Yaroslavskaja.xls,
2002:017_6374fdddeb_02c_Yaroslavskaja.xls:Sheet1:4836,2002,Октябрьский,посёлок,ярославская,Рыбинский район,2265.0,,data/raw/2002/017_6374fdddeb_02c_Yaroslavskaja.xls,
2002:017_6374fdddeb_02c_Yaroslavskaja.xls:Sheet1:5661,2002,Жаворонки,деревня,ярославская,Угличский район,0.0,,data/raw/2002/017_6374fdddeb_02c_Yaroslavskaja.xls,
2002:017_6374fdddeb_02c_Yaroslavskaja.xls:Sheet1:6107,2002,Росляково,деревня,ярославская,Ярославский район,12.0,,data/raw/2002/017_6374fdddeb_02c_Yaroslavskaja.xls,
2002:017_6374fdddeb_02c_Yaroslavskaja.xls:Sheet1:754,2002,Дубровка,деревня,ярославская,Брейтовский район,13.0,,data/raw/2002/017_6374fdddeb_02c_Yaroslavskaja.xls,
2002:020_e4f979c6c7_02c_Arxang-new.xls:Sheet1:1356,2002,Дубровка,деревня,архангельская,Коношский район,0.0,,data/raw/2002/020_e4f979c6c7_02c_Arxang-new.xls,
2002:020_e4f979c6c7_02c_Arxang-new.xls:Sheet1:1693,2002,Метлино,деревня,архангельская,Котласский район,7.0,,data/raw/2002/020_e4f979c6c7_02c_Arxang-new.xls,
2002:020_e4f979c6c7_02c_Arxang-new.xls:Sheet1:2802,2002,Таежный,посёлок,архангельская,Пинежский район,418.0,,data/raw/2002/020_e4f979c6c7_02c_Arxang-new.xls,
2002:020_e4f979c6c7_02c_Arxang-new.xls:Sheet1:3984,2002,Дорохово,деревня,архангельская,Холмогорский район,5.0,,data/raw/2002/020_e4f979c6c7_02c_Arxang-new.xls,
2002:022_862ad8a69d_02c_Vologodskaya.xls:2C:1441,2002,Энергетик,посёлок,вологодская,Великоустюгский район,112.0,,data/raw/2002/022_862ad8a69d_02c_Vologodskaya.xls,
2002:022_862ad8a69d_02c_Vologodskaya.xls:2C:3194,2002,Октябрьский,посёлок,вологодская,Вытегорский район,790.0,,data/raw/2002/022_862ad8a69d_02c_Vologodskaya.xls,
2002:022_862ad8a69d_02c_Vologodskaya.xls:2C:4480,2002,Южный,посёлок,вологодская,Кирилловский район,0.0,,data/raw/2002/022_862ad8a69d_02c_Vologodskaya.xls,
2002:022_862ad8a69d_02c_Vologodskaya.xls:2C:614,2002,Росляково,деревня,вологодская,Белозерский район,30.0,,data/raw/2002/022_862ad8a69d_02c_Vologodskaya.xls,
2002:022_862ad8a69d_02c_Vologodskaya.xls:2C:6412,2002,Октябрьский,посёлок,вологодская,Тотемский район,255.0,,data/raw/2002/022_862ad8a69d_02c_Vologodskaya.xls,
2002:022_862ad8a69d_02c_Vologodskaya.xls:2C:7071,2002,Дубровка,деревня,вологодская,Устюженский район,33.0,,data/raw/2002/022_862ad8a69d_02c_Vologodskaya.xls,
2002:022_862ad8a69d_02c_Vologodskaya.xls:2C:8016,2002,Плешаново,деревня,вологодская,Череповецкий район,3.0,,data/raw/2002/022_862ad8a69d_02c_Vologodskaya.xls,
2002:022_862ad8a69d_02c_Vologodskaya.xls:2C:85,2002,Дубровка,деревня,вологодская,Бабаевский район,168.0,,data/raw/2002/022_862ad8a69d_02c_Vologodskaya.xls,
2002:022_862ad8a69d_02c_Vologodskaya.xls:2C:855,2002,Октябрьский,посёлок,вологодская,Вашкинский район,268.0,,data/raw/2002/022_862ad8a69d_02c_Vologodskaya.xls,
2002:023_38d853be37_02c_Kaliningrad.xls:Sheet1:1158,2002,Дубровка,посёлок,калининградская,Славский район,13.0,,data/raw/2002/023_38d853be37_02c_Kaliningrad.xls,
2002:023_38d853be37_02c_Kaliningrad.xls:Sheet1:401,2002,Красногорское,посёлок,калининградская,Гусевский район,363.0,,data/raw/2002/023_38d853be37_02c_Kaliningrad.xls,
2002:023_38d853be37_02c_Kaliningrad.xls:Sheet1:535,2002,Дубровка,посёлок,калининградская,Зеленоградский район,157.0,,data/raw/2002/023_38d853be37_02c_Kaliningrad.xls,
2002:023_38d853be37_02c_Kaliningrad.xls:Sheet1:85,2002,Южный,посёлок,калининградская,Багратионовский район,3070.0,,data/raw/2002/023_38d853be37_02c_Kaliningrad.xls,
2002:023_38d853be37_02c_Kaliningrad.xls:Sheet1:866,2002,Дубровка,посёлок,калининградская,Озерский район,17.0,,data/raw/2002/023_38d853be37_02c_Kaliningrad.xls,
2002:023_38d853be37_02c_Kaliningrad.xls:Sheet1:916,2002,Виноградное,посёлок,калининградская,Полесский район,110.0,,data/raw/2002/023_38d853be37_02c_Kaliningrad.xls,
2002:023_38d853be37_02c_Kaliningrad.xls:Sheet1:93,2002,Дубровка,посёлок,калининградская,Багратионовский район,184.0,,data/raw/2002/023_38d853be37_02c_Kaliningrad.xls,
2002:024_2d3f550c6f_02c_Leningradskaja_obl_new.xls:!!!!!!:1038,2002,Комсомольское,посёлок,ленинградская,Выборгский район,230.0,,data/raw/2002/024_2d3f550c6f_02c_Leningradskaja_obl_new.xls,
2002:024_2d3f550c6f_02c_Leningradskaja_obl_new.xls:!!!!!!:165,2002,Дубровка,деревня,ленинградская,Бокситогорский район,14.0,,data/raw/2002/024_2d3f550c6f_02c_Leningradskaja_obl_new.xls,
2002:024_2d3f550c6f_02c_Leningradskaja_obl_new.xls:!!!!!!:2320,2002,Дубровка,деревня,ленинградская,Лужский район,3.0,,data/raw/2002/024_2d3f550c6f_02c_Leningradskaja_obl_new.xls,
2002:024_2d3f550c6f_02c_Leningradskaja_obl_new.xls:!!!!!!:2444,2002,Дубровка,деревня,ленинградская,Лужский район,1.0,,data/raw/2002/024_2d3f550c6f_02c_Leningradskaja_obl_new.xls,
2002:025_3449b500ac_02c_Murman_obl_YK.xls:Sheet1:45,2002,Октябрьский,населённый пункт,мурманская,,166.0,,data/raw/2002/025_3449b500ac_02c_Murman_obl_YK.xls,
2002:026_0eca405331_02c_Novgorodskaja.xls:Sheet1:1216,2002,Дубровка,хутор,новгородская,Крестецкий район,1.0,,data/raw/2002/026_0eca405331_02c_Novgorodskaja.xls,
2002:026_0eca405331_02c_Novgorodskaja.xls:Sheet1:1380,2002,Дубровка,деревня,новгородская,Любытинский район,0.0,,data/raw/2002/026_0eca405331_02c_Novgorodskaja.xls,
2002:026_0eca405331_02c_Novgorodskaja.xls:Sheet1:1393,2002,Дубровка,деревня,новгородская,Любытинский район,17.0,,data/raw/2002/026_0eca405331_02c_Novgorodskaja.xls,
2002:026_0eca405331_02c_Novgorodskaja.xls:Sheet1:1619,2002,Дубровка,деревня,новгородская,Маловишерский район,13.0,,data/raw/2002/026_0eca405331_02c_Novgorodskaja.xls,
2002:026_0eca405331_02c_Novgorodskaja.xls:Sheet1:1889,2002,Дубровка,деревня,новгородская,Маревский район,9.0,,data/raw/2002/026_0eca405331_02c_Novgorodskaja.xls,
2002:026_0eca405331_02c_Novgorodskaja.xls:Sheet1:2002,2002,Октябрьский,посёлок,новгородская,Мошенской район,231.0,,data/raw/2002/026_0eca405331_02c_Novgorodskaja.xls,
2002:026_0eca405331_02c_Novgorodskaja.xls:Sheet1:2017,2002,Дорохово,деревня,новгородская,Мошенской район,32.0,,data/raw/2002/026_0eca405331_02c_Novgorodskaja.xls,
2002:026_0eca405331_02c_Novgorodskaja.xls:Sheet1:2180,2002,Дубровка,деревня,новгородская,Новгородский район,298.0,,data/raw/2002/026_0eca405331_02c_Novgorodskaja.xls,
2002:026_0eca405331_02c_Novgorodskaja.xls:Sheet1:22,2002,Дубровка,деревня,новгородская,Батецкий район,10.0,,data/raw/2002/026_0eca405331_02c_Novgorodskaja.xls,
2002:026_0eca405331_02c_Novgorodskaja.xls:Sheet1:2308,2002,Дубровка,деревня,новгородская,Новгородский район,4.0,,data/raw/2002/026_0eca405331_02c_Novgorodskaja.xls,
2002:026_0eca405331_02c_Novgorodskaja.xls:Sheet1:2338,2002,Дубровка,деревня,новгородская,Новгородский район,51.0,,data/raw/2002/026_0eca405331_02c_Novgorodskaja.xls,
2002:026_0eca405331_02c_Novgorodskaja.xls:Sheet1:3368,2002,Дубровка,деревня,новгородская,Старорусский район,4.0,,data/raw/2002/026_0eca405331_02c_Novgorodskaja.xls,
2002:026_0eca405331_02c_Novgorodskaja.xls:Sheet1:646,2002,Дубровка,деревня,новгородская,Валдайский район,5.0,,data/raw/2002/026_0eca405331_02c_Novgorodskaja.xls,
2002:026_0eca405331_02c_Novgorodskaja.xls:Sheet1:69,2002,Дубровка,деревня,новгородская,Батецкий район,86.0,,data/raw/2002/026_0eca405331_02c_Novgorodskaja.xls,
2002:027_25f0f7433c_02c_Pskovskaja.xls:!!:1400,2002,Дубровка,деревня,псковская,Дедовичский район,276.0,,data/raw/2002/027_25f0f7433c_02c_Pskovskaja.xls,
2002:027_25f0f7433c_02c_Pskovskaja.xls:!!:2143,2002,Дубровка,деревня,псковская,Куньинский район,0.0,,data/raw/2002/027_25f0f7433c_02c_Pskovskaja.xls,
2002:027_25f0f7433c_02c_Pskovskaja.xls:!!:2180,2002,Дубровка,деревня,псковская,Куньинский район,5.0,,data/raw/2002/027_25f0f7433c_02c_Pskovskaja.xls,
2002:027_25f0f7433c_02c_Pskovskaja.xls:!!:3254,2002,Дорохово,деревня,псковская,Новоржевский район,30.0,,data/raw/2002/027_25f0f7433c_02c_Pskovskaja.xls,
2002:027_25f0f7433c_02c_Pskovskaja.xls:!!:4525,2002,Дубровка,деревня,псковская,Островский район,5.0,,data/raw/2002/027_25f0f7433c_02c_Pskovskaja.xls,
2002:027_25f0f7433c_02c_Pskovskaja.xls:!!:5102,2002,Плешаново,деревня,псковская,Палкинский район,4.0,,data/raw/2002/027_25f0f7433c_02c_Pskovskaja.xls,
2002:027_25f0f7433c_02c_Pskovskaja.xls:!!:5341,2002,Дубровка,деревня,псковская,Печорский район,6.0,,data/raw/2002/027_25f0f7433c_02c_Pskovskaja.xls,
2002:027_25f0f7433c_02c_Pskovskaja.xls:!!:5758,2002,Дубровка,деревня,псковская,Плюсский район,9.0,,data/raw/2002/027_25f0f7433c_02c_Pskovskaja.xls,
2002:027_25f0f7433c_02c_Pskovskaja.xls:!!:7418,2002,Дубровка,деревня,псковская,Пустошкинский район,0.0,,data/raw/2002/027_25f0f7433c_02c_Pskovskaja.xls,
2002:027_25f0f7433c_02c_Pskovskaja.xls:!!:7715,2002,Дорохово,деревня,псковская,Пушкиногорский район,3.0,,data/raw/2002/027_25f0f7433c_02c_Pskovskaja.xls,
2002:027_25f0f7433c_02c_Pskovskaja.xls:!!:7915,2002,Плешаново,деревня,псковская,Пыталовский район,1.0,,data/raw/2002/027_25f0f7433c_02c_Pskovskaja.xls,
2002:027_25f0f7433c_02c_Pskovskaja.xls:!!:8238,2002,Дубровка,деревня,псковская,Себежский район,384.0,,data/raw/2002/027_25f0f7433c_02c_Pskovskaja.xls,
2002:027_25f0f7433c_02c_Pskovskaja.xls:!!:957,2002,Дубровка,деревня,псковская,Великолукский район,3.0,,data/raw/2002/027_25f0f7433c_02c_Pskovskaja.xls,
2002:028_df43ade2a7_02c_Adygea.xls:Sheet1:162,2002,Октябрьский,хутор,адыгея,Майкопский район,129.0,,data/raw/2002/028_df43ade2a7_02c_Adygea.xls,
2002:029_fe8710371d_02c_Dagestan.xls:2002:1141,2002,Виноградное,село,дагестан,Кизлярский район,98.0,,data/raw/2002/029_fe8710371d_02c_Dagestan.xls,
2002:029_fe8710371d_02c_Dagestan.xls:2002:982,2002,Комсомольское,село,дагестан,Кизилюртовский район,8136.0,,data/raw/2002/029_fe8710371d_02c_Dagestan.xls,
2002:032_184285f8dd_02c_kalmyk.xls:Sheet1:15,2002,Виноградное,село,калмыкия,Городовиковский район,2303.0,,data/raw/2002/032_184285f8dd_02c_kalmyk.xls,
2002:032_184285f8dd_02c_kalmyk.xls:Sheet1:210,2002,Октябрьский,посёлок,калмыкия,Приютненский район,459.0,,data/raw/2002/032_184285f8dd_02c_kalmyk.xls,
2002:032_184285f8dd_02c_kalmyk.xls:Sheet1:39,2002,Южный,посёлок,калмыкия,Городовиковский район,619.0,,data/raw/2002/032_184285f8dd_02c_kalmyk.xls,
2002:032_184285f8dd_02c_kalmyk.xls:Sheet1:394,2002,Октябрьский,посёлок,калмыкия,Юстинский район,189.0,,data/raw/2002/032_184285f8dd_02c_kalmyk.xls,
2002:032_184285f8dd_02c_kalmyk.xls:Sheet1:427,2002,Октябрьский,посёлок,калмыкия,Яшалтинский район,737.0,,data/raw/2002/032_184285f8dd_02c_kalmyk.xls,
2002:032_184285f8dd_02c_kalmyk.xls:Sheet1:93,2002,Южный,посёлок,калмыкия,Ики-Бурульский район,552.0,,data/raw/2002/032_184285f8dd_02c_kalmyk.xls,
2002:033_e221266b42_02c_KCR.xls:нпп:219,2002,Октябрьский,посёлок,карачаево черкесская,Прикубанский район,1718.0,,data/raw/2002/033_e221266b42_02c_KCR.xls,
2002:034_e4218f10b9_02c_N.Osetia.xls:Sheet1:208,2002,Комсомольское,село,северная осетия алания,Кировский район,1198.0,,data/raw/2002/034_e4218f10b9_02c_N.Osetia.xls,
2002:034_e4218f10b9_02c_N.Osetia.xls:Sheet1:224,2002,Виноградное,село,северная осетия алания,Моздокский район,2674.0,,data/raw/2002/034_e4218f10b9_02c_N.Osetia.xls,
2002:035_e1bf1fa87f_02c_Chechnya.xls:Sheet1:112,2002,Комсомольское,село,чеченская,Грозненский район,7124.0,,data/raw/2002/035_e1bf1fa87f_02c_Chechnya.xls,
2002:035_e1bf1fa87f_02c_Chechnya.xls:Sheet1:192,2002,Комсомольское,село,чеченская,Гудермесский район,3105.0,,data/raw/2002/035_e1bf1fa87f_02c_Chechnya.xls,
2002:035_e1bf1fa87f_02c_Chechnya.xls:Sheet1:494,2002,Комсомольское,село,чеченская,Урус-Мартановский район,2919.0,,data/raw/2002/035_e1bf1fa87f_02c_Chechnya.xls,
2002:036_81b258bc42_02c_Krasnodarski-krai.xls:11:1005,2002,Октябрьский,посёлок,краснодарский,Красноармейский район,2560.0,,data/raw/2002/036_81b258bc42_02c_Krasnodarski-krai.xls,
2002:036_81b258bc42_02c_Krasnodarski-krai.xls:11:104,2002,Октябрьский,посёлок,краснодарский,,177.0,,data/raw/2002/036_81b258bc42_02c_Krasnodarski-krai.xls,
2002:036_81b258bc42_02c_Krasnodarski-krai.xls:11:1196,2002,Южный,посёлок,краснодарский,Крымский район,838.0,,data/raw/2002/036_81b258bc42_02c_Krasnodarski-krai.xls,
2002:036_81b258bc42_02c_Krasnodarski-krai.xls:11:1228,2002,Южный,хутор,краснодарский,Курганинский район,1108.0,,data/raw/2002/036_81b258bc42_02c_Krasnodarski-krai.xls,
2002:036_81b258bc42_02c_Krasnodarski-krai.xls:11:1238,2002,Октябрьский,посёлок,краснодарский,Курганинский район,1581.0,,data/raw/2002/036_81b258bc42_02c_Krasnodarski-krai.xls,
2002:036_81b258bc42_02c_Krasnodarski-krai.xls:11:1293,2002,Октябрьский,посёлок,краснодарский,Кущевский район,276.0,,data/raw/2002/036_81b258bc42_02c_Krasnodarski-krai.xls,
2002:036_81b258bc42_02c_Krasnodarski-krai.xls:11:1422,2002,Ленина,хутор,краснодарский,Ленинградский район,205.0,,data/raw/2002/036_81b258bc42_02c_Krasnodarski-krai.xls,
2002:036_81b258bc42_02c_Krasnodarski-krai.xls:11:1424,2002,Октябрьский,посёлок,краснодарский,Ленинградский район,2914.0,,data/raw/2002/036_81b258bc42_02c_Krasnodarski-krai.xls,
2002:036_81b258bc42_02c_Krasnodarski-krai.xls:11:1565,2002,Южный,посёлок,краснодарский,Новокубанский район,291.0,,data/raw/2002/036_81b258bc42_02c_Krasnodarski-krai.xls,
2002:036_81b258bc42_02c_Krasnodarski-krai.xls:11:1586,2002,Южный,посёлок,краснодарский,Новопокровский район,484.0,,data/raw/2002/036_81b258bc42_02c_Krasnodarski-krai.xls,
2002:036_81b258bc42_02c_Krasnodarski-krai.xls:11:1591,2002,Октябрьский,посёлок,краснодарский,Новопокровский район,352.0,,data/raw/2002/036_81b258bc42_02c_Krasnodarski-krai.xls,
2002:036_81b258bc42_02c_Krasnodarski-krai.xls:11:1623,2002,Южный,посёлок,краснодарский,Отрадненский район,349.0,,data/raw/2002/036_81b258bc42_02c_Krasnodarski-krai.xls,
2002:036_81b258bc42_02c_Krasnodarski-krai.xls:11:1636,2002,Ленина,хутор,краснодарский,Отрадненский район,202.0,,data/raw/2002/036_81b258bc42_02c_Krasnodarski-krai.xls,
2002:036_81b258bc42_02c_Krasnodarski-krai.xls:11:1721,2002,Октябрьский,посёлок,краснодарский,Павловский район,1581.0,,data/raw/2002/036_81b258bc42_02c_Krasnodarski-krai.xls,
2002:036_81b258bc42_02c_Krasnodarski-krai.xls:11:1726,2002,Южный,посёлок,краснодарский,Павловский район,343.0,,data/raw/2002/036_81b258bc42_02c_Krasnodarski-krai.xls,
2002:036_81b258bc42_02c_Krasnodarski-krai.xls:11:1757,2002,Октябрьский,посёлок,краснодарский,Приморско-Ахтарский район,677.0,,data/raw/2002/036_81b258bc42_02c_Krasnodarski-krai.xls,
2002:036_81b258bc42_02c_Krasnodarski-krai.xls:11:1792,2002,Октябрьский,посёлок,краснодарский,Северский район,1992.0,,data/raw/2002/036_81b258bc42_02c_Krasnodarski-krai.xls,
2002:036_81b258bc42_02c_Krasnodarski-krai.xls:11:1978,2002,Октябрьский,посёлок,краснодарский,Тбилисский район,1377.0,,data/raw/2002/036_81b258bc42_02c_Krasnodarski-krai.xls,
2002:036_81b258bc42_02c_Krasnodarski-krai.xls:11:1985,2002,Октябрьский,посёлок,краснодарский,Темрюкский район,803.0,,data/raw/2002/036_81b258bc42_02c_Krasnodarski-krai.xls,
2002:036_81b258bc42_02c_Krasnodarski-krai.xls:11:2054,2002,Ленина,хутор,краснодарский,Тимашевский район,519.0,,data/raw/2002/036_81b258bc42_02c_Krasnodarski-krai.xls,
2002:036_81b258bc42_02c_Krasnodarski-krai.xls:11:2081,2002,Октябрьский,посёлок,краснодарский,Тимашевский район,267.0,,data/raw/2002/036_81b258bc42_02c_Krasnodarski-krai.xls,
2002:036_81b258bc42_02c_Krasnodarski-krai.xls:11:2112,2002,Южный,посёлок,краснодарский,Тихорецкий район,10.0,,data/raw/2002/036_81b258bc42_02c_Krasnodarski-krai.xls,
2002:036_81b258bc42_02c_Krasnodarski-krai.xls:11:2215,2002,Октябрьский,посёлок,краснодарский,Туапсинский район,1885.0,,data/raw/2002/036_81b258bc42_02c_Krasnodarski-krai.xls,
2002:036_81b258bc42_02c_Krasnodarski-krai.xls:11:2303,2002,Октябрьский,хутор,краснодарский,Усть-Лабинский район,445.0,,data/raw/2002/036_81b258bc42_02c_Krasnodarski-krai.xls,
2002:036_81b258bc42_02c_Krasnodarski-krai.xls:11:2328,2002,Южный,посёлок,краснодарский,Усть-Лабинский район,1091.0,,data/raw/2002/036_81b258bc42_02c_Krasnodarski-krai.xls,
2002:036_81b258bc42_02c_Krasnodarski-krai.xls:11:32,2002,Октябрьский,хутор,краснодарский,,605.0,,data/raw/2002/036_81b258bc42_02c_Krasnodarski-krai.xls,
2002:036_81b258bc42_02c_Krasnodarski-krai.xls:11:34,2002,Ленина,хутор,краснодарский,,5192.0,,data/raw/2002/036_81b258bc42_02c_Krasnodarski-krai.xls,
2002:036_81b258bc42_02c_Krasnodarski-krai.xls:11:36,2002,Зональный,посёлок,краснодарский,,2912.0,,data/raw/2002/036_81b258bc42_02c_Krasnodarski-krai.xls,
2002:036_81b258bc42_02c_Krasnodarski-krai.xls:11:55,2002,Южный,посёлок,краснодарский,,540.0,,data/raw/2002/036_81b258bc42_02c_Krasnodarski-krai.xls,
2002:036_81b258bc42_02c_Krasnodarski-krai.xls:11:63,2002,Южный,посёлок,краснодарский,,3278.0,,data/raw/2002/036_81b258bc42_02c_Krasnodarski-krai.xls,
2002:036_81b258bc42_02c_Krasnodarski-krai.xls:11:643,2002,Октябрьский,посёлок,краснодарский,Выселковский район,496.0,,data/raw/2002/036_81b258bc42_02c_Krasnodarski-krai.xls,
2002:036_81b258bc42_02c_Krasnodarski-krai.xls:11:775,2002,Южный,посёлок,краснодарский,Динской район,4447.0,,data/raw/2002/036_81b258bc42_02c_Krasnodarski-krai.xls,
2002:036_81b258bc42_02c_Krasnodarski-krai.xls:11:789,2002,Октябрьский,посёлок,краснодарский,Ейский район,2520.0,,data/raw/2002/036_81b258bc42_02c_Krasnodarski-krai.xls,
2002:036_81b258bc42_02c_Krasnodarski-krai.xls:11:846,2002,Октябрьский,посёлок,краснодарский,Кавказский район,127.0,,data/raw/2002/036_81b258bc42_02c_Krasnodarski-krai.xls,
2002:036_81b258bc42_02c_Krasnodarski-krai.xls:11:88,2002,Виноградное,село,краснодарский,,237.0,,data/raw/2002/036_81b258bc42_02c_Krasnodarski-krai.xls,
2002:036_81b258bc42_02c_Krasnodarski-krai.xls:11:953,2002,Южный,посёлок,краснодарский,Кореновский район,790.0,,data/raw/2002/036_81b258bc42_02c_Krasnodarski-krai.xls,
2002:037_5b0d431685_02c_Stavrolpski.xls:Sheet1:870,2002,Южный,посёлок,ставропольский,Новоалександровский район,302.0,,data/raw/2002/037_5b0d431685_02c_Stavrolpski.xls,
2002:038_218ac665d8_02c_Astraxanskaja.xls:Sheet1:337,2002,Октябрьский,посёлок,астраханская,Камызякский район,229.0,,data/raw/2002/038_218ac665d8_02c_Astraxanskaja.xls,
2002:039_1d4b1f6286_02c_Volgograd.xls:Sheet1:1362,2002,Октябрьский,посёлок,волгоградская,Ольховский район,781.0,,data/raw/2002/039_1d4b1f6286_02c_Volgograd.xls,
2002:039_1d4b1f6286_02c_Volgograd.xls:Sheet1:1760,2002,Зональный,хутор,волгоградская,Среднеахтубинский район,72.0,,data/raw/2002/039_1d4b1f6286_02c_Volgograd.xls,
2002:039_1d4b1f6286_02c_Volgograd.xls:Sheet1:553,2002,Октябрьский,посёлок,волгоградская,Калачевский район,4487.0,,data/raw/2002/039_1d4b1f6286_02c_Volgograd.xls,
2002:039_1d4b1f6286_02c_Volgograd.xls:Sheet1:782,2002,Ленина,посёлок,волгоградская,Котельниковский район,434.0,,data/raw/2002/039_1d4b1f6286_02c_Volgograd.xls,
2002:040_95a4475637_02c_Rostov_obl.xls:Sheet1:1395,2002,Октябрьский,посёлок,ростовская,Красносулинский район,275.0,,data/raw/2002/040_95a4475637_02c_Rostov_obl.xls,
2002:040_95a4475637_02c_Rostov_obl.xls:Sheet1:1539,2002,Южный,посёлок,ростовская,Мартыновский район,2848.0,,data/raw/2002/040_95a4475637_02c_Rostov_obl.xls,
2002:040_95a4475637_02c_Rostov_obl.xls:Sheet1:1710,2002,Ленина,хутор,ростовская,Миллеровский район,46.0,,data/raw/2002/040_95a4475637_02c_Rostov_obl.xls,
2002:040_95a4475637_02c_Rostov_obl.xls:Sheet1:1758,2002,Октябрьский,хутор,ростовская,Миллеровский район,26.0,,data/raw/2002/040_95a4475637_02c_Rostov_obl.xls,
2002:040_95a4475637_02c_Rostov_obl.xls:Sheet1:1878,2002,Ленина,хутор,ростовская,Морозовский район,45.0,,data/raw/2002/040_95a4475637_02c_Rostov_obl.xls,
2002:040_95a4475637_02c_Rostov_obl.xls:Sheet1:198,2002,Ленина,хутор,ростовская,Аксайский район,2513.0,,data/raw/2002/040_95a4475637_02c_Rostov_obl.xls,
2002:040_95a4475637_02c_Rostov_obl.xls:Sheet1:207,2002,Октябрьский,посёлок,ростовская,Аксайский район,1968.0,,data/raw/2002/040_95a4475637_02c_Rostov_obl.xls,
2002:040_95a4475637_02c_Rostov_obl.xls:Sheet1:2317,2002,Ленина,хутор,ростовская,Орловский район,0.0,,data/raw/2002/040_95a4475637_02c_Rostov_obl.xls,
2002:040_95a4475637_02c_Rostov_obl.xls:Sheet1:2502,2002,Октябрьский,хутор,ростовская,Родионово-Несветайский район,101.0,,data/raw/2002/040_95a4475637_02c_Rostov_obl.xls,
2002:040_95a4475637_02c_Rostov_obl.xls:Sheet1:331,2002,Ленина,хутор,ростовская,Белокалитвинский район,2131.0,,data/raw/2002/040_95a4475637_02c_Rostov_obl.xls,
2002:040_95a4475637_02c_Rostov_obl.xls:Sheet1:436,2002,Октябрьский,посёлок,ростовская,Верхнедонской район,129.0,,data/raw/2002/040_95a4475637_02c_Rostov_obl.xls,
2002:040_95a4475637_02c_Rostov_obl.xls:Sheet1:66,2002,Южный,посёлок,ростовская,Азовский район,356.0,,data/raw/2002/040_95a4475637_02c_Rostov_obl.xls,
2002:040_95a4475637_02c_Rostov_obl.xls:Sheet1:716,2002,Ленина,хутор,ростовская,Дубовский район,63.0,,data/raw/2002/040_95a4475637_02c_Rostov_obl.xls,
2002:041_4b428edd23_Bashkiria_new.xls:Sheet1:1064,2002,Дубровка,деревня,башкортостан,Бакалинский район,26.0,,data/raw/2002/041_4b428edd23_Bashkiria_new.xls,
2002:041_4b428edd23_Bashkiria_new.xls:Sheet1:1615,2002,Дубровка,посёлок,башкортостан,Бижбулякский район,4.0,,data/raw/2002/041_4b428edd23_Bashkiria_new.xls,
2002:041_4b428edd23_Bashkiria_new.xls:Sheet1:2713,2002,Октябрьский,посёлок,башкортостан,Дуванский район,264.0,,data/raw/2002/041_4b428edd23_Bashkiria_new.xls,
2002:041_4b428edd23_Bashkiria_new.xls:Sheet1:3808,2002,Октябрьский,посёлок,башкортостан,Караидельский район,3.0,,data/raw/2002/041_4b428edd23_Bashkiria_new.xls,
2002:041_4b428edd23_Bashkiria_new.xls:Sheet1:3880,2002,Дубровка,деревня,башкортостан,Караидельский район,131.0,,data/raw/2002/041_4b428edd23_Bashkiria_new.xls,
2002:041_4b428edd23_Bashkiria_new.xls:Sheet1:5011,2002,Дубровка,посёлок,башкортостан,Миякинский район,82.0,,data/raw/2002/041_4b428edd23_Bashkiria_new.xls,
2002:041_4b428edd23_Bashkiria_new.xls:Sheet1:5522,2002,Южный,посёлок,башкортостан,Стерлитамакский район,283.0,,data/raw/2002/041_4b428edd23_Bashkiria_new.xls,
2002:041_4b428edd23_Bashkiria_new.xls:Sheet1:5992,2002,Октябрьский,посёлок,башкортостан,Уфимский район,1412.0,,data/raw/2002/041_4b428edd23_Bashkiria_new.xls,
2002:041_4b428edd23_Bashkiria_new.xls:Sheet1:650,2002,Дубровка,деревня,башкортостан,Аургазинский район,138.0,,data/raw/2002/041_4b428edd23_Bashkiria_new.xls,
2002:042_9ff652dedd_02c_Marii-El_new.xls:Sheet1:1205,2002,Октябрьский,посёлок,марий эл,Моркинский район,1313.0,,data/raw/2002/042_9ff652dedd_02c_Marii-El_new.xls,
2002:042_9ff652dedd_02c_Marii-El_new.xls:Sheet1:1637,2002,Дубровка,деревня,марий эл,Параньгинский район,42.0,,data/raw/2002/042_9ff652dedd_02c_Marii-El_new.xls,
2002:042_9ff652dedd_02c_Marii-El_new.xls:Sheet1:188,2002,Октябрьский,выселок,марий эл,Горномарийский район,0.0,,data/raw/2002/042_9ff652dedd_02c_Marii-El_new.xls,
2002:042_9ff652dedd_02c_Marii-El_new.xls:Sheet1:342,2002,Октябрьский,посёлок,марий эл,Горномарийский район,318.0,,data/raw/2002/042_9ff652dedd_02c_Marii-El_new.xls,
2002:042_9ff652dedd_02c_Marii-El_new.xls:Sheet1:669,2002,Дубровка,деревня,марий эл,Куженерский район,7.0,,data/raw/2002/042_9ff652dedd_02c_Marii-El_new.xls,
2002:042_9ff652dedd_02c_Marii-El_new.xls:Sheet1:847,2002,Дубровка,деревня,марий эл,Мари-Турекский район,8.0,,data/raw/2002/042_9ff652dedd_02c_Marii-El_new.xls,
2002:043_56b84811fa_02c_mordovia.xls:!!:697,2002,Ленина,посёлок,мордовия,Зубово-Полянский район,121.0,,data/raw/2002/043_56b84811fa_02c_mordovia.xls,
2002:043_56b84811fa_02c_mordovia.xls:!!:804,2002,Октябрьский,посёлок,мордовия,Ичалковский район,279.0,,data/raw/2002/043_56b84811fa_02c_mordovia.xls,
2002:043_56b84811fa_02c_mordovia.xls:!!:96,2002,Октябрьский,посёлок,мордовия,Ардатовский район,878.0,,data/raw/2002/043_56b84811fa_02c_mordovia.xls,
2002:044_42b3ed3cfc_Tataria.xls:Sheet1:1627,2002,Октябрьский,посёлок,татарстан,Верхнеуслонский район,475.0,,data/raw/2002/044_42b3ed3cfc_Tataria.xls,
2002:044_42b3ed3cfc_Tataria.xls:Sheet1:2231,2002,Дубровка,посёлок,татарстан,Зеленодольский район,69.0,,data/raw/2002/044_42b3ed3cfc_Tataria.xls,
2002:044_42b3ed3cfc_Tataria.xls:Sheet1:2247,2002,Октябрьский,посёлок,татарстан,Зеленодольский район,2661.0,,data/raw/2002/044_42b3ed3cfc_Tataria.xls,
2002:045_9dc3ed048e_02c__Udmurtia.xls:Sheet1:1255,2002,Дубровка,выселок,удмуртская,Каракулинский район,66.0,,data/raw/2002/045_9dc3ed048e_02c__Udmurtia.xls,
2002:045_9dc3ed048e_02c__Udmurtia.xls:Sheet1:1701,2002,Красногорское,село,удмуртская,Красногорский район,4559.0,,data/raw/2002/045_9dc3ed048e_02c__Udmurtia.xls,
2002:045_9dc3ed048e_02c__Udmurtia.xls:Sheet1:383,2002,Октябрьский,посёлок,удмуртская,Вавожский район,17.0,,data/raw/2002/045_9dc3ed048e_02c__Udmurtia.xls,
2002:045_9dc3ed048e_02c__Udmurtia.xls:Sheet1:402,2002,Дубровка,выселок,удмуртская,Вавожский район,119.0,,data/raw/2002/045_9dc3ed048e_02c__Udmurtia.xls,
2002:045_9dc3ed048e_02c__Udmurtia.xls:Sheet1:613,2002,Октябрьский,посёлок,удмуртская,Глазовский район,1345.0,,data/raw/2002/045_9dc3ed048e_02c__Udmurtia.xls,
2002:045_9dc3ed048e_02c__Udmurtia.xls:Sheet1:925,2002,Октябрьский,посёлок,удмуртская,Завьяловский район,2923.0,,data/raw/2002/045_9dc3ed048e_02c__Udmurtia.xls,
2002:046_228ab1ba5a_Chuvashia_1.xls:Sheet1:772,2002,Комсомольское,село,чувашская,Комсомольский район,4839.0,,data/raw/2002/046_228ab1ba5a_Chuvashia_1.xls,
2002:047_9960082a3e_02c_Kirovskaja_new.xls:Sheet1:1019,2002,Октябрьский,посёлок,кировская,Зуевский район,1088.0,,data/raw/2002/047_9960082a3e_02c_Kirovskaja_new.xls,
2002:047_9960082a3e_02c_Kirovskaja_new.xls:Sheet1:2276,2002,Дубровка,деревня,кировская,Малмыжский район,3.0,,data/raw/2002/047_9960082a3e_02c_Kirovskaja_new.xls,
2002:047_9960082a3e_02c_Kirovskaja_new.xls:Sheet1:3867,2002,Октябрьский,посёлок,кировская,Слободской район,1201.0,,data/raw/2002/047_9960082a3e_02c_Kirovskaja_new.xls,
2002:047_9960082a3e_02c_Kirovskaja_new.xls:Sheet1:4127,2002,Октябрьский,посёлок,кировская,Советский район,112.0,,data/raw/2002/047_9960082a3e_02c_Kirovskaja_new.xls,
2002:047_9960082a3e_02c_Kirovskaja_new.xls:Sheet1:4485,2002,Дубровка,деревня,кировская,Уржумский район,1.0,,data/raw/2002/047_9960082a3e_02c_Kirovskaja_new.xls,
2002:047_9960082a3e_02c_Kirovskaja_new.xls:Sheet1:4623,2002,Октябрьский,посёлок,кировская,Фаленский район,671.0,,data/raw/2002/047_9960082a3e_02c_Kirovskaja_new.xls,
2002:048_4f024587eb_02c_Nizhegorod_obl_new.xls:11:1214,2002,Дубровка,деревня,нижегородская,Вачский район,12.0,,data/raw/2002/048_4f024587eb_02c_Nizhegorod_obl_new.xls,
2002:048_4f024587eb_02c_Nizhegorod_obl_new.xls:11:1272,2002,Спасск,деревня,нижегородская,Вачский район,12.0,,data/raw/2002/048_4f024587eb_02c_Nizhegorod_obl_new.xls,
2002:048_4f024587eb_02c_Nizhegorod_obl_new.xls:11:1595,2002,Южный,посёлок,нижегородская,Воротынский район,233.0,,data/raw/2002/048_4f024587eb_02c_Nizhegorod_obl_new.xls,
2002:048_4f024587eb_02c_Nizhegorod_obl_new.xls:11:2816,2002,Октябрьский,посёлок,нижегородская,Ковернинский район,0.0,,data/raw/2002/048_4f024587eb_02c_Nizhegorod_obl_new.xls,
2002:048_4f024587eb_02c_Nizhegorod_obl_new.xls:11:3010,2002,Дубровка,деревня,нижегородская,Краснооктябрьский район,104.0,,data/raw/2002/048_4f024587eb_02c_Nizhegorod_obl_new.xls,
2002:048_4f024587eb_02c_Nizhegorod_obl_new.xls:11:4574,2002,Южный,посёлок,нижегородская,Тоншаевский район,953.0,,data/raw/2002/048_4f024587eb_02c_Nizhegorod_obl_new.xls,
2002:048_4f024587eb_02c_Nizhegorod_obl_new.xls:11:472,2002,Дубровка,деревня,нижегородская,Большеболдинский район,67.0,,data/raw/2002/048_4f024587eb_02c_Nizhegorod_obl_new.xls,
2002:049_8bbd34a852_Orenburgskaja1.xls:Sheet1:1063,2002,Октябрьский,посёлок,оренбургская,Кваркенский район,372.0,,data/raw/2002/049_8bbd34a852_Orenburgskaja1.xls,
2002:049_8bbd34a852_Orenburgskaja1.xls:Sheet1:1188,2002,Южный,посёлок,оренбургская,Красногвардейский район,106.0,,data/raw/2002/049_8bbd34a852_Orenburgskaja1.xls,
2002:049_8bbd34a852_Orenburgskaja1.xls:Sheet1:1498,2002,Энергетик,посёлок,оренбургская,Новоорский район,9187.0,,data/raw/2002/049_8bbd34a852_Orenburgskaja1.xls,
2002:049_8bbd34a852_Orenburgskaja1.xls:Sheet1:1716,2002,Ленина,посёлок,оренбургская,Оренбургский район,1142.0,,data/raw/2002/049_8bbd34a852_Orenburgskaja1.xls,
2002:049_8bbd34a852_Orenburgskaja1.xls:Sheet1:1944,2002,Южный,хутор,оренбургская,Переволоцкий район,261.0,,data/raw/2002/049_8bbd34a852_Orenburgskaja1.xls,
2002:049_8bbd34a852_Orenburgskaja1.xls:Sheet1:2537,2002,Октябрьский,посёлок,оренбургская,Сорочинский район,582.0,,data/raw/2002/049_8bbd34a852_Orenburgskaja1.xls,
2002:049_8bbd34a852_Orenburgskaja1.xls:Sheet1:2777,2002,Дубровка,посёлок,оренбургская,Шарлыкский район,238.0,,data/raw/2002/049_8bbd34a852_Orenburgskaja1.xls,
2002:049_8bbd34a852_Orenburgskaja1.xls:Sheet1:399,2002,Южный,посёлок,оренбургская,Александровский район,157.0,,data/raw/2002/049_8bbd34a852_Orenburgskaja1.xls,
2002:049_8bbd34a852_Orenburgskaja1.xls:Sheet1:619,2002,Октябрьский,посёлок,оренбургская,Бугурусланский район,135.0,,data/raw/2002/049_8bbd34a852_Orenburgskaja1.xls,
2002:050_a0dc3f856b_penzen_obl.xls:Sheet1:1358,2002,Октябрьский,посёлок,пензенская,Наровчатский район,132.0,,data/raw/2002/050_a0dc3f856b_penzen_obl.xls,
2002:050_a0dc3f856b_penzen_obl.xls:Sheet1:279,2002,Октябрьский,посёлок,пензенская,Белинский район,142.0,,data/raw/2002/050_a0dc3f856b_penzen_obl.xls,
2002:050_a0dc3f856b_penzen_obl.xls:Sheet1:467,2002,Южный,посёлок,пензенская,Городищенский район,15.0,,data/raw/2002/050_a0dc3f856b_penzen_obl.xls,
2002:050_a0dc3f856b_penzen_obl.xls:Sheet1:761,2002,Октябрьский,посёлок,пензенская,Каменский район,26.0,,data/raw/2002/050_a0dc3f856b_penzen_obl.xls,
2002:051_46e3ecb0a0_02c_Permskaja_obl.xls:Sheet1:1336,2002,Октябрьский,посёлок,пермский,Ильинский район,197.0,,data/raw/2002/051_46e3ecb0a0_02c_Permskaja_obl.xls,
2002:051_46e3ecb0a0_02c_Permskaja_obl.xls:Sheet1:229,2002,Октябрьский,посёлок,пермский,,17.0,,data/raw/2002/051_46e3ecb0a0_02c_Permskaja_obl.xls,
2002:051_46e3ecb0a0_02c_Permskaja_obl.xls:Sheet1:2879,2002,Таежный,посёлок,пермский,Пермский район,137.0,,data/raw/2002/051_46e3ecb0a0_02c_Permskaja_obl.xls,
2002:051_46e3ecb0a0_02c_Permskaja_obl.xls:Sheet1:2890,2002,Октябрьский,посёлок,пермский,Пермский район,185.0,,data/raw/2002/051_46e3ecb0a0_02c_Permskaja_obl.xls,
2002:051_46e3ecb0a0_02c_Permskaja_obl.xls:Sheet1:3453,2002,Южный,посёлок,пермский,Суксунский район,185.0,,data/raw/2002/051_46e3ecb0a0_02c_Permskaja_obl.xls,
2002:051_46e3ecb0a0_02c_Permskaja_obl.xls:Sheet1:863,2002,Южный,посёлок,пермский,Большесосновский район,155.0,,data/raw/2002/051_46e3ecb0a0_02c_Permskaja_obl.xls,
2002:052_4be37f273b_02c_Komi_perm_AO.xls:Sheet1:199,2002,Октябрьский,посёлок,пермский,Кочевский район,569.0,,data/raw/2002/052_4be37f273b_02c_Komi_perm_AO.xls,
2002:052_4be37f273b_02c_Komi_perm_AO.xls:Sheet1:600,2002,Дубровка,деревня,пермский,Юрлинский район,257.0,,data/raw/2002/052_4be37f273b_02c_Komi_perm_AO.xls,
2002:052_4be37f273b_02c_Komi_perm_AO.xls:Sheet1:684,2002,Дубровка,деревня,пермский,Юрлинский район,3.0,,data/raw/2002/052_4be37f273b_02c_Komi_perm_AO.xls,
2002:053_f7f2b62d26_Samarskaja_new.xls:Sheet1:1653,2002,Дубровка,село,самарская,Хворостянский район,48.0,,data/raw/2002/053_f7f2b62d26_Samarskaja_new.xls,
2002:053_f7f2b62d26_Samarskaja_new.xls:Sheet1:224,2002,Южный,посёлок,самарская,Большеглушицкий район,1033.0,,data/raw/2002/053_f7f2b62d26_Samarskaja_new.xls,
2002:053_f7f2b62d26_Samarskaja_new.xls:Sheet1:26,2002,Октябрьский,посёлок,самарская,,1009.0,,data/raw/2002/053_f7f2b62d26_Samarskaja_new.xls,
2002:053_f7f2b62d26_Samarskaja_new.xls:Sheet1:383,2002,Энергетик,посёлок,самарская,Волжский район,151.0,,data/raw/2002/053_f7f2b62d26_Samarskaja_new.xls,
2002:053_f7f2b62d26_Samarskaja_new.xls:Sheet1:626,2002,Октябрьский,посёлок,самарская,Кинельский район,1487.0,,data/raw/2002/053_f7f2b62d26_Samarskaja_new.xls,
2002:054_0d77ecf40f_Saratovskaja1.xls:Sheet1:111,2002,Комсомольское,посёлок,саратовская,Аркадакский район,56.0,,data/raw/2002/054_0d77ecf40f_Saratovskaja1.xls,
2002:054_0d77ecf40f_Saratovskaja1.xls:Sheet1:112,2002,Октябрьский,посёлок,саратовская,Аркадакский район,370.0,,data/raw/2002/054_0d77ecf40f_Saratovskaja1.xls,
2002:054_0d77ecf40f_Saratovskaja1.xls:Sheet1:1187,2002,Комсомольское,село,саратовская,Краснокутский район,1004.0,,data/raw/2002/054_0d77ecf40f_Saratovskaja1.xls,
2002:054_0d77ecf40f_Saratovskaja1.xls:Sheet1:1253,2002,Октябрьский,посёлок,саратовская,Краснопартизанский район,397.0,,data/raw/2002/054_0d77ecf40f_Saratovskaja1.xls,
2002:054_0d77ecf40f_Saratovskaja1.xls:Sheet1:1339,2002,Октябрьский,посёлок,саратовская,Лысогорский район,744.0,,data/raw/2002/054_0d77ecf40f_Saratovskaja1.xls,
2002:054_0d77ecf40f_Saratovskaja1.xls:Sheet1:1712,2002,Октябрьский,посёлок,саратовская,Перелюбский район,855.0,,data/raw/2002/054_0d77ecf40f_Saratovskaja1.xls,
2002:054_0d77ecf40f_Saratovskaja1.xls:Sheet1:2256,2002,Южный,посёлок,саратовская,Самойловский район,129.0,,data/raw/2002/054_0d77ecf40f_Saratovskaja1.xls,
2002:054_0d77ecf40f_Saratovskaja1.xls:Sheet1:320,2002,Комсомольское,село,саратовская,Балаковский район,247.0,,data/raw/2002/054_0d77ecf40f_Saratovskaja1.xls,
2002:054_0d77ecf40f_Saratovskaja1.xls:Sheet1:422,2002,Октябрьский,посёлок,саратовская,Балашовский район,783.0,,data/raw/2002/054_0d77ecf40f_Saratovskaja1.xls,
2002:054_0d77ecf40f_Saratovskaja1.xls:Sheet1:679,2002,Октябрьский,посёлок,саратовская,Дергачевский район,449.0,,data/raw/2002/054_0d77ecf40f_Saratovskaja1.xls,
2002:054_0d77ecf40f_Saratovskaja1.xls:Sheet1:733,2002,Росляково,деревня,саратовская,Духовницкий район,106.0,,data/raw/2002/054_0d77ecf40f_Saratovskaja1.xls,
2002:054_0d77ecf40f_Saratovskaja1.xls:Sheet1:850,2002,Октябрьский,посёлок,саратовская,Ершовский район,74.0,,data/raw/2002/054_0d77ecf40f_Saratovskaja1.xls,
2002:054_0d77ecf40f_Saratovskaja1.xls:Sheet1:948,2002,Южный,посёлок,саратовская,Ершовский район,470.0,,data/raw/2002/054_0d77ecf40f_Saratovskaja1.xls,
2002:055_430166490c_Uljanovskaja_new.xls:Sheet1:1341,2002,Дубровка,деревня,ульяновская,Ульяновский район,47.0,,data/raw/2002/055_430166490c_Uljanovskaja_new.xls,
2002:055_430166490c_Uljanovskaja_new.xls:Sheet1:333,2002,Дубровка,посёлок,ульяновская,Инзенский район,11.0,,data/raw/2002/055_430166490c_Uljanovskaja_new.xls,
2002:055_430166490c_Uljanovskaja_new.xls:Sheet1:724,2002,Дубровка,село,ульяновская,Николаевский район,535.0,,data/raw/2002/055_430166490c_Uljanovskaja_new.xls,
2002:055_430166490c_Uljanovskaja_new.xls:Sheet1:762,2002,Дубровка,деревня,ульяновская,Николаевский район,58.0,,data/raw/2002/055_430166490c_Uljanovskaja_new.xls,
2002:055_430166490c_Uljanovskaja_new.xls:Sheet1:981,2002,Октябрьский,посёлок,ульяновская,Радищевский район,1737.0,,data/raw/2002/055_430166490c_Uljanovskaja_new.xls,
2002:056_6e9d0d52b3_Kurgan.xls:Sheet1:1104,2002,Дубровка,деревня,курганская,Половинский район,136.0,,data/raw/2002/056_6e9d0d52b3_Kurgan.xls,
2002:056_6e9d0d52b3_Kurgan.xls:Sheet1:1501,2002,Октябрьский,посёлок,курганская,Шатровский район,40.0,,data/raw/2002/056_6e9d0d52b3_Kurgan.xls,
2002:056_6e9d0d52b3_Kurgan.xls:Sheet1:344,2002,Жаворонки,деревня,курганская,Звериноголовский район,327.0,,data/raw/2002/056_6e9d0d52b3_Kurgan.xls,
2002:057_9b18a354f1_02c_Sverdlovskaja_oblast.xls:Sheet1:1278,2002,Октябрьский,посёлок,свердловская,Каменский район,134.0,,data/raw/2002/057_9b18a354f1_02c_Sverdlovskaja_oblast.xls,
2002:057_9b18a354f1_02c_Sverdlovskaja_oblast.xls:Sheet1:130,2002,Таежный,посёлок,свердловская,,0.0,,data/raw/2002/057_9b18a354f1_02c_Sverdlovskaja_oblast.xls,
2002:057_9b18a354f1_02c_Sverdlovskaja_oblast.xls:Sheet1:1348,2002,Октябрьский,посёлок,свердловская,Камышловский район,698.0,,data/raw/2002/057_9b18a354f1_02c_Sverdlovskaja_oblast.xls,
2002:057_9b18a354f1_02c_Sverdlovskaja_oblast.xls:Sheet1:1515,2002,Октябрьский,посёлок,свердловская,Нижнесергинский район,29.0,,data/raw/2002/057_9b18a354f1_02c_Sverdlovskaja_oblast.xls,
2002:057_9b18a354f1_02c_Sverdlovskaja_oblast.xls:Sheet1:1698,2002,Зональный,посёлок,свердловская,Пригородный район,431.0,,data/raw/2002/057_9b18a354f1_02c_Sverdlovskaja_oblast.xls,
2002:057_9b18a354f1_02c_Sverdlovskaja_oblast.xls:Sheet1:1720,2002,Южный,посёлок,свердловская,Пышминский район,239.0,,data/raw/2002/057_9b18a354f1_02c_Sverdlovskaja_oblast.xls,
2002:057_9b18a354f1_02c_Sverdlovskaja_oblast.xls:Sheet1:2015,2002,Октябрьский,посёлок,свердловская,Сысертский район,2534.0,,data/raw/2002/057_9b18a354f1_02c_Sverdlovskaja_oblast.xls,
2002:057_9b18a354f1_02c_Sverdlovskaja_oblast.xls:Sheet1:2259,2002,Октябрьский,посёлок,свердловская,Талицкий район,4.0,,data/raw/2002/057_9b18a354f1_02c_Sverdlovskaja_oblast.xls,
2002:057_9b18a354f1_02c_Sverdlovskaja_oblast.xls:Sheet1:387,2002,Таежный,посёлок,свердловская,,1374.0,,data/raw/2002/057_9b18a354f1_02c_Sverdlovskaja_oblast.xls,
2002:057_9b18a354f1_02c_Sverdlovskaja_oblast.xls:Sheet1:517,2002,Таежный,посёлок,свердловская,Алапаевский район,463.0,,data/raw/2002/057_9b18a354f1_02c_Sverdlovskaja_oblast.xls,
2002:057_9b18a354f1_02c_Sverdlovskaja_oblast.xls:Sheet1:846,2002,Октябрьский,посёлок,свердловская,Белоярский район,407.0,,data/raw/2002/057_9b18a354f1_02c_Sverdlovskaja_oblast.xls,
2002:057_9b18a354f1_02c_Sverdlovskaja_oblast.xls:Sheet1:990,2002,Красногорское,село,свердловская,Верхотурский район,489.0,,data/raw/2002/057_9b18a354f1_02c_Sverdlovskaja_oblast.xls,
2002:058_a73d73c7dd_02c-Tyumen_obl_new.xls:Sheet1:1245,2002,Октябрьский,посёлок,тюменская,Тобольский район,100.0,,data/raw/2002/058_a73d73c7dd_02c-Tyumen_obl_new.xls,
2002:058_a73d73c7dd_02c-Tyumen_obl_new.xls:Sheet1:1576,2002,Октябрьский,посёлок,тюменская,Упоровский район,302.0,,data/raw/2002/058_a73d73c7dd_02c-Tyumen_obl_new.xls,
2002:058_a73d73c7dd_02c-Tyumen_obl_new.xls:Sheet1:189,2002,Октябрьский,посёлок,тюменская,Аромашевский район,73.0,,data/raw/2002/058_a73d73c7dd_02c-Tyumen_obl_new.xls,
2002:058_a73d73c7dd_02c-Tyumen_obl_new.xls:Sheet1:746,2002,Красногорское,село,тюменская,Исетский район,240.0,,data/raw/2002/058_a73d73c7dd_02c-Tyumen_obl_new.xls,
2002:058_a73d73c7dd_02c-Tyumen_obl_new.xls:Sheet1:782,2002,Октябрьский,посёлок,тюменская,Ишимский район,1710.0,,data/raw/2002/058_a73d73c7dd_02c-Tyumen_obl_new.xls,
2002:060_0d687479dd_02c_yamalo-nenets.xls:Sheet1:7,2002,Октябрьский,посёлок,ямало ненецкий,,3.0,,data/raw/2002/060_0d687479dd_02c_yamalo-nenets.xls,
2002:060_0d687479dd_02c_yamalo-nenets.xls:Sheet1:95,2002,Пурпе,посёлок,ямало ненецкий,Приуральский район,9074.0,,data/raw/2002/060_0d687479dd_02c_yamalo-nenets.xls,
2002:061_e177b0a77d_Chel_abinskaja1.xls:Sheet1:102,2002,Дубровка,деревня,челябинская,,139.0,,data/raw/2002/061_e177b0a77d_Chel_abinskaja1.xls,
2002:061_e177b0a77d_Chel_abinskaja1.xls:Sheet1:1147,2002,Октябрьский,посёлок,челябинская,Кусинский район,266.0,,data/raw/2002/061_e177b0a77d_Chel_abinskaja1.xls,
2002:061_e177b0a77d_Chel_abinskaja1.xls:Sheet1:1504,2002,Дубровка,деревня,челябинская,Троицкий район,103.0,,data/raw/2002/061_e177b0a77d_Chel_abinskaja1.xls,
2002:061_e177b0a77d_Chel_abinskaja1.xls:Sheet1:161,2002,Октябрьский,посёлок,челябинская,,19.0,,data/raw/2002/061_e177b0a77d_Chel_abinskaja1.xls,
2002:061_e177b0a77d_Chel_abinskaja1.xls:Sheet1:1713,2002,Октябрьский,посёлок,челябинская,Уйский район,590.0,,data/raw/2002/061_e177b0a77d_Chel_abinskaja1.xls,
2002:061_e177b0a77d_Chel_abinskaja1.xls:Sheet1:248,2002,Южный,посёлок,челябинская,Агаповский район,216.0,,data/raw/2002/061_e177b0a77d_Chel_abinskaja1.xls,
2002:061_e177b0a77d_Chel_abinskaja1.xls:Sheet1:464,2002,Октябрьский,посёлок,челябинская,Брединский район,241.0,,data/raw/2002/061_e177b0a77d_Chel_abinskaja1.xls,
2002:061_e177b0a77d_Chel_abinskaja1.xls:Sheet1:58,2002,Южный,посёлок,челябинская,,133.0,,data/raw/2002/061_e177b0a77d_Chel_abinskaja1.xls,
2002:061_e177b0a77d_Chel_abinskaja1.xls:Sheet1:593,2002,Комсомольское,село,челябинская,Верхнеуральский район,299.0,,data/raw/2002/061_e177b0a77d_Chel_abinskaja1.xls,
2002:061_e177b0a77d_Chel_abinskaja1.xls:Sheet1:860,2002,Октябрьский,посёлок,челябинская,Кизильский район,202.0,,data/raw/2002/061_e177b0a77d_Chel_abinskaja1.xls,
2002:061_e177b0a77d_Chel_abinskaja1.xls:Sheet1:949,2002,Октябрьский,посёлок,челябинская,Красноармейский район,1425.0,,data/raw/2002/061_e177b0a77d_Chel_abinskaja1.xls,
2002:061_e177b0a77d_Chel_abinskaja1.xls:Sheet1:966,2002,Дубровка,посёлок,челябинская,Красноармейский район,1442.0,,data/raw/2002/061_e177b0a77d_Chel_abinskaja1.xls,
2002:062_7d7e23d2e9_Altai_Rep.xls:Sheet1:56,2002,Дубровка,посёлок,алтай,Майминский район,424.0,,data/raw/2002/062_7d7e23d2e9_Altai_Rep.xls,
2002:063_3ec7f8316e_buriatia1.xls:Sheet1:246,2002,Комсомольское,село,бурятия,Еравнинский район,771.0,,data/raw/2002/063_3ec7f8316e_buriatia1.xls,
2002:063_3ec7f8316e_buriatia1.xls:Sheet1:602,2002,Октябрьский,посёлок,бурятия,Кяхтинский район,381.0,,data/raw/2002/063_3ec7f8316e_buriatia1.xls,
2002:063_3ec7f8316e_buriatia1.xls:Sheet1:831,2002,Таежный,посёлок,бурятия,Селенгинский район,194.0,,data/raw/2002/063_3ec7f8316e_buriatia1.xls,
2002:066_76aa869929_Altai_krai1.xls:Sheet1:1028,2002,Октябрьский,посёлок,алтайский,Кытмановский район,1215.0,,data/raw/2002/066_76aa869929_Altai_krai1.xls,
2002:066_76aa869929_Altai_krai1.xls:Sheet1:1214,2002,Октябрьский,посёлок,алтайский,Зональный район,1102.0,,data/raw/2002/066_76aa869929_Altai_krai1.xls,
2002:066_76aa869929_Altai_krai1.xls:Sheet1:1732,2002,Южный,посёлок,алтайский,Смоленский район,97.0,,data/raw/2002/066_76aa869929_Altai_krai1.xls,
2002:066_76aa869929_Altai_krai1.xls:Sheet1:1756,2002,Октябрьский,посёлок,алтайский,Суетский район,279.0,,data/raw/2002/066_76aa869929_Altai_krai1.xls,
2002:066_76aa869929_Altai_krai1.xls:Sheet1:2172,2002,Октябрьский,посёлок,алтайский,Троицкий район,518.0,,data/raw/2002/066_76aa869929_Altai_krai1.xls,
2002:066_76aa869929_Altai_krai1.xls:Sheet1:53,2002,Октябрьский,посёлок,алтайский,Алейский район,201.0,,data/raw/2002/066_76aa869929_Altai_krai1.xls,
2002:066_76aa869929_Altai_krai1.xls:Sheet1:617,2002,Октябрьский,посёлок,алтайский,Змеиногорский район,1004.0,,data/raw/2002/066_76aa869929_Altai_krai1.xls,
2002:066_76aa869929_Altai_krai1.xls:Sheet1:695,2002,Октябрьский,посёлок,алтайский,Каменский район,527.0,,data/raw/2002/066_76aa869929_Altai_krai1.xls,
2002:066_76aa869929_Altai_krai1.xls:Sheet1:958,2002,Октябрьский,посёлок,алтайский,Кулундинский район,1261.0,,data/raw/2002/066_76aa869929_Altai_krai1.xls,
2002:067_7363c80f41_02c_Krasnojarski_lraj.xls:Sheet1:1153,2002,Таежный,посёлок,красноярский,Кежемский район,608.0,,data/raw/2002/067_7363c80f41_02c_Krasnojarski_lraj.xls,
2002:067_7363c80f41_02c_Krasnojarski_lraj.xls:Sheet1:1470,2002,Дорохово,село,красноярский,Назаровский район,1341.0,,data/raw/2002/067_7363c80f41_02c_Krasnojarski_lraj.xls,
2002:067_7363c80f41_02c_Krasnojarski_lraj.xls:Sheet1:780,2002,Октябрьский,посёлок,красноярский,Идринский район,227.0,,data/raw/2002/067_7363c80f41_02c_Krasnojarski_lraj.xls,
2002:070_48ec6f4a77_Irkut_obl_new.xls:Sheet1:1331,2002,Октябрьский,посёлок,иркутская,Усольский район,243.0,,data/raw/2002/070_48ec6f4a77_Irkut_obl_new.xls,
2002:070_48ec6f4a77_Irkut_obl_new.xls:Sheet1:1623,2002,Таежный,посёлок,иркутская,Шелеховский район,0.0,,data/raw/2002/070_48ec6f4a77_Irkut_obl_new.xls,
2002:070_48ec6f4a77_Irkut_obl_new.xls:Sheet1:746,2002,Октябрьский,посёлок,иркутская,Куйтунский район,250.0,,data/raw/2002/070_48ec6f4a77_Irkut_obl_new.xls,
2002:070_48ec6f4a77_Irkut_obl_new.xls:Sheet1:80,2002,Южный,посёлок,иркутская,Братский район,442.0,,data/raw/2002/070_48ec6f4a77_Irkut_obl_new.xls,
2002:072_970adef884_Kemerov_obl_new.xls:Sheet1:1080,2002,Октябрьский,посёлок,кемеровская,Топкинский район,353.0,,data/raw/2002/072_970adef884_Kemerov_obl_new.xls,
2002:072_970adef884_Kemerov_obl_new.xls:Sheet1:1177,2002,Октябрьский,посёлок,кемеровская,Тяжинский район,354.0,,data/raw/2002/072_970adef884_Kemerov_obl_new.xls,
2002:072_970adef884_Kemerov_obl_new.xls:Sheet1:1382,2002,Дубровка,посёлок,кемеровская,Яшкинский район,459.0,,data/raw/2002/072_970adef884_Kemerov_obl_new.xls,
2002:072_970adef884_Kemerov_obl_new.xls:Sheet1:1430,2002,Октябрьский,посёлок,кемеровская,Яшкинский район,125.0,,data/raw/2002/072_970adef884_Kemerov_obl_new.xls,
2002:072_970adef884_Kemerov_obl_new.xls:Sheet1:413,2002,Южный,посёлок,кемеровская,Ленинск-Кузнецкий район,13.0,,data/raw/2002/072_970adef884_Kemerov_obl_new.xls,
2002:072_970adef884_Kemerov_obl_new.xls:Sheet1:598,2002,Южный,посёлок,кемеровская,Новокузнецкий район,182.0,,data/raw/2002/072_970adef884_Kemerov_obl_new.xls,
2002:072_970adef884_Kemerov_obl_new.xls:Sheet1:73,2002,Таежный,посёлок,кемеровская,,1348.0,,data/raw/2002/072_970adef884_Kemerov_obl_new.xls,
2002:072_970adef884_Kemerov_obl_new.xls:Sheet1:776,2002,Октябрьский,посёлок,кемеровская,Прокопьевский район,592.0,,data/raw/2002/072_970adef884_Kemerov_obl_new.xls,
2002:072_970adef884_Kemerov_obl_new.xls:Sheet1:866,2002,Октябрьский,посёлок,кемеровская,Промышленновский район,246.0,,data/raw/2002/072_970adef884_Kemerov_obl_new.xls,
2002:072_970adef884_Kemerov_obl_new.xls:Sheet1:89,2002,Октябрьский,посёлок,кемеровская,Беловский район,80.0,,data/raw/2002/072_970adef884_Kemerov_obl_new.xls,
2002:073_f153ba2c6b_Novosib.xls:Sheet1:1015,2002,Спасск,деревня,новосибирская,Купинский район,116.0,,data/raw/2002/073_f153ba2c6b_Novosib.xls,
2002:073_f153ba2c6b_Novosib.xls:Sheet1:1162,2002,Дубровка,село,новосибирская,Маслянинский район,707.0,,data/raw/2002/073_f153ba2c6b_Novosib.xls,
2002:073_f153ba2c6b_Novosib.xls:Sheet1:1200,2002,Октябрьский,посёлок,новосибирская,Мошковский район,1564.0,,data/raw/2002/073_f153ba2c6b_Novosib.xls,
2002:073_f153ba2c6b_Novosib.xls:Sheet1:1813,2002,Октябрьский,посёлок,новосибирская,Усть-Таркский район,697.0,,data/raw/2002/073_f153ba2c6b_Novosib.xls,
2002:073_f153ba2c6b_Novosib.xls:Sheet1:1964,2002,Южный,посёлок,новосибирская,Черепановский район,432.0,,data/raw/2002/073_f153ba2c6b_Novosib.xls,
2002:073_f153ba2c6b_Novosib.xls:Sheet1:431,2002,Зональный,посёлок,новосибирская,Искитимский район,47.0,,data/raw/2002/073_f153ba2c6b_Novosib.xls,
2002:073_f153ba2c6b_Novosib.xls:Sheet1:455,2002,Октябрьский,посёлок,новосибирская,Искитимский район,182.0,,data/raw/2002/073_f153ba2c6b_Novosib.xls,
2002:073_f153ba2c6b_Novosib.xls:Sheet1:859,2002,Октябрьский,посёлок,новосибирская,Краснозерский район,721.0,,data/raw/2002/073_f153ba2c6b_Novosib.xls,
2002:074_44f6c88636_Omskaja.xls:Sheet1:1031,2002,Спасск,деревня,омская,Называевский район,249.0,,data/raw/2002/074_44f6c88636_Omskaja.xls,
2002:074_44f6c88636_Omskaja.xls:Sheet1:1299,2002,Октябрьский,посёлок,омская,Омский район,357.0,,data/raw/2002/074_44f6c88636_Omskaja.xls,
2002:074_44f6c88636_Omskaja.xls:Sheet1:1688,2002,Спасск,деревня,омская,Седельниковский район,8.0,,data/raw/2002/074_44f6c88636_Omskaja.xls,
2002:074_44f6c88636_Omskaja.xls:Sheet1:2013,2002,Октябрьский,посёлок,омская,Тюкалинский район,1249.0,,data/raw/2002/074_44f6c88636_Omskaja.xls,
2002:074_44f6c88636_Omskaja.xls:Sheet1:2101,2002,Южный,посёлок,омская,Усть-Ишимский район,355.0,,data/raw/2002/074_44f6c88636_Omskaja.xls,
2002:074_44f6c88636_Omskaja.xls:Sheet1:213,2002,Дубровка,деревня,омская,Горьковский район,327.0,,data/raw/2002/074_44f6c88636_Omskaja.xls,
2002:074_44f6c88636_Omskaja.xls:Sheet1:2186,2002,Комсомольское,деревня,омская,Шербакульский район,196.0,,data/raw/2002/074_44f6c88636_Omskaja.xls,
2002:074_44f6c88636_Omskaja.xls:Sheet1:2222,2002,Дубровка,деревня,омская,Шербакульский район,191.0,,data/raw/2002/074_44f6c88636_Omskaja.xls,
2002:074_44f6c88636_Omskaja.xls:Sheet1:309,2002,Южный,посёлок,омская,Исилькульский район,213.0,,data/raw/2002/074_44f6c88636_Omskaja.xls,
2002:074_44f6c88636_Omskaja.xls:Sheet1:499,2002,Дубровка,деревня,омская,Кормиловский район,150.0,,data/raw/2002/074_44f6c88636_Omskaja.xls,
2002:074_44f6c88636_Omskaja.xls:Sheet1:717,2002,Южный,посёлок,омская,Любинский район,223.0,,data/raw/2002/074_44f6c88636_Omskaja.xls,
2002:075_ad45d4f1e5_Tomskaya.xls:Sheet1:166,2002,Дубровка,село,томская,Зырянский район,546.0,,data/raw/2002/075_ad45d4f1e5_Tomskaya.xls,
2002:075_ad45d4f1e5_Tomskaya.xls:Sheet1:32,2002,Октябрьский,посёлок,томская,Александровский район,302.0,,data/raw/2002/075_ad45d4f1e5_Tomskaya.xls,
2002:075_ad45d4f1e5_Tomskaya.xls:Sheet1:571,2002,Южный,посёлок,томская,Томский район,43.0,,data/raw/2002/075_ad45d4f1e5_Tomskaya.xls,
2002:076_4902d90fb3_Chitin.xls:Sheet1:967,2002,Комсомольское,село,забайкальский,Чернышевский район,1259.0,,data/raw/2002/076_4902d90fb3_Chitin.xls,
2002:078_8405ea8fce_Yakutia.xls:Sheet1:741,2002,Октябрьский,село,саха якутия,Оймяконский улус,99.0,,data/raw/2002/078_8405ea8fce_Yakutia.xls,
2002:079_983a1a85f7_Primor_krai_1.xls:Sheet1:359,2002,Таежный,посёлок,приморский,Надеждинский район,436.0,,data/raw/2002/079_983a1a85f7_Primor_krai_1.xls,
2002:080_f2f9e3cb11_Xabarov.xls:Sheet1:271,2002,Октябрьский,посёлок,хабаровский,Комсомольский район,14.0,,data/raw/2002/080_f2f9e3cb11_Xabarov.xls,
2002:080_f2f9e3cb11_Xabarov.xls:Sheet1:311,2002,Южный,посёлок,хабаровский,Им. Лазо район,198.0,,data/raw/2002/080_f2f9e3cb11_Xabarov.xls,
2002:080_f2f9e3cb11_Xabarov.xls:Sheet1:492,2002,Октябрьский,посёлок,хабаровский,Им. Полины Осипенко район,170.0,,data/raw/2002/080_f2f9e3cb11_Xabarov.xls,
2002:081_6a22d6b5c5_Amur.xls:Sheet1:135,2002,Таежный,посёлок,амурская,,132.0,,data/raw/2002/081_6a22d6b5c5_Amur.xls,
2002:081_6a22d6b5c5_Amur.xls:Sheet1:312,2002,Дубровка,село,амурская,,144.0,,data/raw/2002/081_6a22d6b5c5_Amur.xls,
2002:081_6a22d6b5c5_Amur.xls:Sheet1:37,2002,Октябрьский,село,амурская,,2029.0,,data/raw/2002/081_6a22d6b5c5_Amur.xls,
2002:081_6a22d6b5c5_Amur.xls:Sheet1:380,2002,Южный,посёлок,амурская,,122.0,,data/raw/2002/081_6a22d6b5c5_Amur.xls,
2002:082_4d8feed354_Kamchatka.xls:Sheet1:58,2002,Таежный,посёлок,камчатский,Мильковский район,130.0,,data/raw/2002/082_4d8feed354_Kamchatka.xls,
2002:087_1cb09281be_Chukot.xls:Sheet1:105,2002,Южный,посёлок,чукотский,Чаунский район,0.0,,data/raw/2002/087_1cb09281be_Chukot.xls,
2002:1_TOM_01_04.xls:0:10128,2002,Октябрьский,пгт,хабаровский,,6524.0,,data/raw/2002_official_tom1/1_TOM_01_04.xls,
2002:1_TOM_01_04.xls:0:10323,2002,Октябрьский,пгт,камчатский,,2331.0,,data/raw/2002_official_tom1/1_TOM_01_04.xls,
2002:1_TOM_01_04.xls:0:1133,2002,Ожерелье,город,московская,,11113.0,,data/raw/2002_official_tom1/1_TOM_01_04.xls,
2002:1_TOM_01_04.xls:0:1185,2002,Октябрьский,пгт,московская,,10135.0,,data/raw/2002_official_tom1/1_TOM_01_04.xls,
2002:1_TOM_01_04.xls:0:1198,2002,Пироговский,пгт,московская,,6260.0,,data/raw/2002_official_tom1/1_TOM_01_04.xls,
2002:1_TOM_01_04.xls:0:1233,2002,Жаворонки,пгт,московская,,2923.0,,data/raw/2002_official_tom1/1_TOM_01_04.xls,
2002:1_TOM_01_04.xls:0:1311,2002,Дорохово,пгт,московская,,4349.0,,data/raw/2002_official_tom1/1_TOM_01_04.xls,
2002:1_TOM_01_04.xls:0:1511,2002,Октябрьский,пгт,рязанская,,4936.0,,data/raw/2002_official_tom1/1_TOM_01_04.xls,
2002:1_TOM_01_04.xls:0:153,2002,Дубровка,пгт,брянская,,8598.0,,data/raw/2002_official_tom1/1_TOM_01_04.xls,
2002:1_TOM_01_04.xls:0:1544,2002,Октябрьский,пгт,рязанская,,6718.0,,data/raw/2002_official_tom1/1_TOM_01_04.xls,
2002:1_TOM_01_04.xls:0:2022,2002,Октябрьский,пгт,тульская,,3358.0,,data/raw/2002_official_tom1/1_TOM_01_04.xls,
2002:1_TOM_01_04.xls:0:2402,2002,Октябрьский,пгт,коми,,660.0,,data/raw/2002_official_tom1/1_TOM_01_04.xls,
2002:1_TOM_01_04.xls:0:248,2002,Энергетик,пгт,владимирская,,6029.0,,data/raw/2002_official_tom1/1_TOM_01_04.xls,
2002:1_TOM_01_04.xls:0:2617,2002,Октябрьский,пгт,архангельская,,10081.0,,data/raw/2002_official_tom1/1_TOM_01_04.xls,
2002:1_TOM_01_04.xls:0:27,2002,Октябрьский,пгт,белгородская,,6899.0,,data/raw/2002_official_tom1/1_TOM_01_04.xls,
2002:1_TOM_01_04.xls:0:278,2002,Октябрьский,пгт,владимирская,,2100.0,,data/raw/2002_official_tom1/1_TOM_01_04.xls,
2002:1_TOM_01_04.xls:0:2865,2002,Дубровка,пгт,ленинградская,,5432.0,,data/raw/2002_official_tom1/1_TOM_01_04.xls,
2002:1_TOM_01_04.xls:0:3016,2002,Росляково,пгт,мурманская,,9458.0,,data/raw/2002_official_tom1/1_TOM_01_04.xls,
2002:1_TOM_01_04.xls:0:4791,2002,Южный,пгт,волгоградская,,1886.0,,data/raw/2002_official_tom1/1_TOM_01_04.xls,
2002:1_TOM_01_04.xls:0:4882,2002,Октябрьский,пгт,волгоградская,,6863.0,,data/raw/2002_official_tom1/1_TOM_01_04.xls,
2002:1_TOM_01_04.xls:0:5213,2002,Октябрьский,город,башкортостан,,108647.0,,data/raw/2002_official_tom1/1_TOM_01_04.xls,
2002:1_TOM_01_04.xls:0:583,2002,Октябрьский,пгт,ивановская,,1271.0,,data/raw/2002_official_tom1/1_TOM_01_04.xls,
2002:1_TOM_01_04.xls:0:5957,2002,Дубровка,пгт,кировская,,1976.0,,data/raw/2002_official_tom1/1_TOM_01_04.xls,
2002:1_TOM_01_04.xls:0:6014,2002,Октябрьский,пгт,кировская,,1984.0,,data/raw/2002_official_tom1/1_TOM_01_04.xls,
2002:1_TOM_01_04.xls:0:6172,2002,Октябрьский,пгт,нижегородская,,7354.0,,data/raw/2002_official_tom1/1_TOM_01_04.xls,
2002:1_TOM_01_04.xls:0:6783,2002,Октябрьский,пгт,пермский,,10039.0,,data/raw/2002_official_tom1/1_TOM_01_04.xls,
2002:1_TOM_01_04.xls:0:7300,2002,Октябрьский,пгт,ульяновская,,6738.0,,data/raw/2002_official_tom1/1_TOM_01_04.xls,
2002:1_TOM_01_04.xls:0:7436,2002,Октябрьский,пгт,свердловская,,118.0,,data/raw/2002_official_tom1/1_TOM_01_04.xls,
2002:1_TOM_01_04.xls:0:7883,2002,Таежный,пгт,ханты мансийский югра,,2526.0,,data/raw/2002_official_tom1/1_TOM_01_04.xls,
2002:1_TOM_01_04.xls:0:8001,2002,Октябрьский,пгт,челябинская,,10272.0,,data/raw/2002_official_tom1/1_TOM_01_04.xls,
2002:1_TOM_01_04.xls:0:8104,2002,Южный,пгт,челябинская,,2159.0,,data/raw/2002_official_tom1/1_TOM_01_04.xls,
2002:1_TOM_01_04.xls:0:8426,2002,Южный,пгт,алтайский,,19669.0,,data/raw/2002_official_tom1/1_TOM_01_04.xls,
2002:1_TOM_01_04.xls:0:8728,2002,Октябрьский,пгт,красноярский,,6207.0,,data/raw/2002_official_tom1/1_TOM_01_04.xls,
2002:1_TOM_01_04.xls:0:8729,2002,Таежный,пгт,красноярский,,5693.0,,data/raw/2002_official_tom1/1_TOM_01_04.xls,
2002:1_TOM_01_04.xls:0:8770,2002,Таежный,пгт,красноярский,,1442.0,,data/raw/2002_official_tom1/1_TOM_01_04.xls,
2002:1_TOM_01_04.xls:0:9047,2002,Октябрьский,пгт,иркутская,,5865.0,,data/raw/2002_official_tom1/1_TOM_01_04.xls,
2002:1_TOM_01_04.xls:0:9203,2002,Спасск,пгт,кемеровская,,1596.0,,data/raw/2002_official_tom1/1_TOM_01_04.xls,
2002:1_TOM_01_04.xls:0:9584,2002,Октябрьский,пгт,забайкальский,,2208.0,,data/raw/2002_official_tom1/1_TOM_01_04.xls,
