path,bytes,sha256,use
/workspace/settlements-raw/data/interim/2021_tochno/data_allsettlements_anon_156_v20251217.parquet,36370444,86c197cd522e0b63669e9c6e7f43fd3d82b3704c6a126c800a9968ecd16cae14,source input pin; no source value or quality modified
/workspace/settlements-raw/data/raw/2002/001_6e5cceefdf_02c_Belgorod-obl.xls,442880,4476e8d4e971681b5bafaa4e9f2f9adab0a44041736b06b66afe1b81210ed127,source input pin; no source value or quality modified
/workspace/settlements-raw/data/raw/2002/024_2d3f550c6f_02c_Leningradskaja_obl_new.xls,950784,7f7df94c8d573fc3e101738a53d2e44246bb5448f0b2008b2a71cfff8e7c0ddd,source input pin; no source value or quality modified
/workspace/settlements-raw/data/raw/2002/058_a73d73c7dd_02c-Tyumen_obl_new.xls,361472,c33c44b40c4f8872b6c1cd442dd2e19ff7ae7da186f64f28f885ffd7fb035200,source input pin; no source value or quality modified
/workspace/settlements-raw/data/raw/2002/060_0d687479dd_02c_yamalo-nenets.xls,163328,481ee9cffc4720ea4820a1dc989ecf7af33f8f3375df88a67b312a79cb6d5ed0,source input pin; no source value or quality modified
/workspace/settlements-raw/data/raw/2002/075_ad45d4f1e5_Tomskaya.xls,256000,59de93f4b2cfc9fece999f198647988cd10a59b539d05dab1ddc0a1a0e7f4dd0,source input pin; no source value or quality modified
/workspace/settlements-raw/data/raw/2010/001_723371ec84_1._20NW_2010.xls,9754624,03569e7513579700cb0216869ecbe16712e0fe684f0340517f11484612fab382,source input pin; no source value or quality modified
/workspace/settlements-raw/data/raw/2010/003_eb441570b1_11._20Урал_ФО_2010.xls,4758528,042e8e141831b431d8b7addd9674959625ddbdf6fa79986e81e968d941ab1156,source input pin; no source value or quality modified
/workspace/settlements-raw/data/raw/2010/008_342f3c208b_16._20Сиб_ФО_2010.xls,10963456,960feadeb50c27be2d8a2084112349fb0c22ae608929716bcafed5a140c84d0e,source input pin; no source value or quality modified
/workspace/settlements-raw/data/raw/2010/009_81f8a0e73c_17._20ДВ_ФО_2010.xls,2249728,a8fd7aa55513e73a205ebff1da2ce35fd8ca0f61c286e54491cf49c6132470c4,source input pin; no source value or quality modified
/workspace/settlements-raw/data/raw/2010/013_f60b2d2bcf_5._20Belg_Bryan_Vlad_Voron_Ivanov_Kalug_20L1_ethn_2010.xls,9111040,52a7cd38f32d03b79c20b256dfd4019e49a0f7a4bab9d96abc57cbf16e2b90ac,source input pin; no source value or quality modified
/workspace/settlements-raw/data/raw/2010/014_5ca759eea0_5._20Nizheg_Kirov_202010.xls,4552192,c286aa10e8ebd8a4594b5623affa0ca1aacb6b69ac09a4a9288eeb754aa81c27,source input pin; no source value or quality modified
/workspace/settlements-raw/data/raw/2010_official_tom1/tom-1-chislennost-i-razmeshchenie-naseleniya.pdf,15230814,42cb939d8024042ffcf8a708676cef3f159a93e4dad697086c80465d445887c3,source input pin; no source value or quality modified
/workspace/settlements-raw/data/raw/coordinate_candidates/geonames_RU_20260907.zip,15244170,9bf299daaff13de75ddbf610e113469aae80537d66a7de3437967576c6509ff4,source input pin; no source value or quality modified
/workspace/settlements-raw/data/raw/coordinate_candidates/geonames_admin1CodesASCII_20260907.txt,151536,590651498043f674accda2b7f46d21286cda0e290b02f8561c5005eee9a5448c,source input pin; no source value or quality modified
/workspace/settlements-raw/data/raw/coordinate_candidates/rcsi_github_settlements.csv,42029940,50317de1174e35fca893f5c8d965d9c7f40d6a60a06149b96672bb1a134268d0,source input pin; no source value or quality modified
research_rebuild/evidence/main_axis_residual_application68_20261008/applied_point_snapshot.parquet,19713572,b0909dbd10194107effe2d16592ac433e2beafcdd14fc7b3c763691b86613502,source input pin; no source value or quality modified
research_rebuild/evidence/main_axis_residual_application68_20261008/applied_state_observations.parquet,12774906,8cde620020634cf5ac9cfff145cc88c4d7365474cff56194b8a7137a43f6e0b9,source input pin; no source value or quality modified
research_rebuild/evidence/over1000_north_second_handoff_20261009/integration_batch1/Alekсino_official_point_pdf.pdf,1399225,0b662f106b4cd7d3528ac4b41ac8452f83af74f9d62547a12d7b8ecc833f530f,source input pin; no source value or quality modified
research_rebuild/evidence/over1000_rest_B_20261009/version20_available_2010_2021_batch10/accepted_available_year_native_UID_credits.csv,12643,19d28367f03de94c9dd385739cbc769c2e6bfdd47cf3d88a7fc38a7b69319d97,source input pin; no source value or quality modified
research_rebuild/evidence/over1000_rest_B_20261009/version23_v20_six_2002_source_recheck/accepted_available_year_native_UID_credits.csv,8478,1271817d1a762dd41a914997930ac1e3c025753d48699428a3fe6499fe97f5ab,source input pin; no source value or quality modified
research_rebuild/evidence/over1000_root_20261009/handoff_north_second120_roster.csv,7486,01f1972a951d5cdc74fc31f3ac7832e6af3e9ef782996d57d2ba800b30dd0e07,source input pin; no source value or quality modified
research_rebuild/evidence/over1000_north_second_handoff_20261009/integration_batch1/Alekсino_law54.html,73106,e89afde670d74d22355555dd0943ef8866a50af528bbc0d4c419e7e833138301,frozen source-page capture
research_rebuild/evidence/over1000_north_second_handoff_20261009/integration_batch1/Neftyanikov_wiki.html,164720,ceb68944cf1f080b99976307325b69cfc3e0e65a57c7d6442698d5ece377cb07,frozen source-page capture
research_rebuild/evidence/over1000_north_second_handoff_20261009/integration_batch1/NovoKuskovo_wiki.html,179664,dbe10a20f9a95e21b60c42090b65dec551e5afc5aa2368294c95ed9a22150a35,frozen source-page capture
research_rebuild/evidence/over1000_north_second_handoff_20261009/integration_batch1/Pasha_wiki.html,260723,a1109e969dbcc06371e39cf5c5dd67e454e8a0d78de97da37438898c6b97e8d5,frozen source-page capture
research_rebuild/evidence/over1000_north_second_handoff_20261009/integration_batch1/Striguny_wiki.html,173120,c15593b98cc65cd51d0bd94b5809754496c26c31ed2368cff7384e6a59c96891,frozen source-page capture
research_rebuild/evidence/over1000_north_second_handoff_20261009/integration_batch1/Verkhnefilatovo_wiki.html,115921,730bb9163bbf34ccafee5288741d9600fed6ac89202fa3d93bdf494e1d50c55d,frozen source-page capture
/workspace/settlements-raw/data/raw/2010_official_tom11/pub-11-1-4.pdf,657985,db2528e6db3c6089351bd09d253c9dfa607e2f2dff6cc45d1174fb21fa96d500,"source input pin; context only, no population transfer"
