target_year,target_source_record_id,target_name,target_type,target_population,target_population_quality,target_native_id,target_full_year_key_count,carrier_year,carrier_source_record_id,carrier_name,carrier_type,carrier_population,carrier_population_quality,carrier_native_id,carrier_full_year_key_count,carrier_latitude,carrier_longitude,carrier_coordinate_source,carrier_coordinate_admission_status,carrier_provider_id,carrier_okato,carrier_oktmo,carrier_source_file,carrier_source_sheet,carrier_source_row,candidate_status
2010,2010:002_027be52979_10._20СевКаз_ФО_20(без_20Даг)_202010.xls:СК:1072,Дыгулыбгей,село,20228.0,secondary_confidentiality_protected_value_exact_scope_unverified,2685,1,2021,2021:data_allsettlements_anon_156_v20251217.parquet:parquet:32133,Дыгулыбгей,село,20852.0,direct_published_census_value,83703000106,1,43.6605157,43.5399799,tochno_dadata,reviewed_rule_accepted,f05f2b51-3fd1-4543-914b-bdb0212701a5,83403000000,83703000106,data/interim/2021_tochno/data_allsettlements_anon_156_v20251217.parquet,parquet,32133.0,candidate_exact_name_type_region_existing_point_no_identity_admission
2010,2010:013_f60b2d2bcf_5._20Belg_Bryan_Vlad_Voron_Ivanov_Kalug_20L1_ethn_2010.xls:Data Sheet:8547,Подгорное,село,9288.0,secondary_confidentiality_protected_value_exact_scope_unverified,8546,4,2002,2002:004_f58b08b4f6_02c_Voronezhskaja.xls:Sheet1:1284,Подгорное,село,893.0,direct_published_census_value,1283.0,4,51.3629734,41.1511597,tochno_dadata,reviewed_extension_rule_accepted,a0b81d49-0a06-4f98-bb57-6a8e34273976,,,data/raw/2002/004_f58b08b4f6_02c_Voronezhskaja.xls,Sheet1,1284.0,candidate_exact_name_type_region_existing_point_no_identity_admission
2010,2010:013_f60b2d2bcf_5._20Belg_Bryan_Vlad_Voron_Ivanov_Kalug_20L1_ethn_2010.xls:Data Sheet:8547,Подгорное,село,9288.0,secondary_confidentiality_protected_value_exact_scope_unverified,8546,4,2002,2002:004_f58b08b4f6_02c_Voronezhskaja.xls:Sheet1:2159,Подгорное,село,2308.0,direct_published_census_value,2158.0,4,50.181413,39.5337071,tochno_dadata,reviewed_extension_rule_accepted,18100b40-7070-4f79-bd22-7f0ad5dd7b5c,,,data/raw/2002/004_f58b08b4f6_02c_Voronezhskaja.xls,Sheet1,2159.0,candidate_exact_name_type_region_existing_point_no_identity_admission
2010,2010:013_f60b2d2bcf_5._20Belg_Bryan_Vlad_Voron_Ivanov_Kalug_20L1_ethn_2010.xls:Data Sheet:8547,Подгорное,село,9288.0,secondary_confidentiality_protected_value_exact_scope_unverified,8546,4,2002,2002:004_f58b08b4f6_02c_Voronezhskaja.xls:Sheet1:719,Подгорное,село,2080.0,direct_published_census_value,718.0,4,50.4703582,41.1848808,tochno_dadata,reviewed_extension_rule_accepted,659993a6-3992-419d-ab1f-07bcad6f7021,,,data/raw/2002/004_f58b08b4f6_02c_Voronezhskaja.xls,Sheet1,719.0,candidate_exact_name_type_region_existing_point_no_identity_admission
2010,2010:013_f60b2d2bcf_5._20Belg_Bryan_Vlad_Voron_Ivanov_Kalug_20L1_ethn_2010.xls:Data Sheet:8547,Подгорное,село,9288.0,secondary_confidentiality_protected_value_exact_scope_unverified,8546,4,2021,2021:data_allsettlements_anon_156_v20251217.parquet:parquet:14449,Подгорное,село,1443.0,direct_published_census_value,20615444101,3,50.4703582,41.1848808,tochno_dadata,reviewed_rule_accepted,659993a6-3992-419d-ab1f-07bcad6f7021,20215844001,20615444101,data/interim/2021_tochno/data_allsettlements_anon_156_v20251217.parquet,parquet,14449.0,candidate_exact_name_type_region_existing_point_no_identity_admission
2010,2010:013_f60b2d2bcf_5._20Belg_Bryan_Vlad_Voron_Ivanov_Kalug_20L1_ethn_2010.xls:Data Sheet:8547,Подгорное,село,9288.0,secondary_confidentiality_protected_value_exact_scope_unverified,8546,4,2021,2021:data_allsettlements_anon_156_v20251217.parquet:parquet:14977,Подгорное,село,507.0,direct_published_census_value,20627480106,3,51.3629734,41.1511597,tochno_dadata,reviewed_rule_accepted,a0b81d49-0a06-4f98-bb57-6a8e34273976,20227848001,20627480106,data/interim/2021_tochno/data_allsettlements_anon_156_v20251217.parquet,parquet,14977.0,candidate_exact_name_type_region_existing_point_no_identity_admission
2010,2010:013_f60b2d2bcf_5._20Belg_Bryan_Vlad_Voron_Ivanov_Kalug_20L1_ethn_2010.xls:Data Sheet:8547,Подгорное,село,9288.0,secondary_confidentiality_protected_value_exact_scope_unverified,8546,4,2021,2021:data_allsettlements_anon_156_v20251217.parquet:parquet:15695,Подгорное,село,2577.0,direct_published_census_value,20647448101,3,50.181413,39.5337071,tochno_dadata,reviewed_rule_accepted,18100b40-7070-4f79-bd22-7f0ad5dd7b5c,20247848001,20647448101,data/interim/2021_tochno/data_allsettlements_anon_156_v20251217.parquet,parquet,15695.0,candidate_exact_name_type_region_existing_point_no_identity_admission
2010,ROSSTAT2010:T5:p52:l14,Дубовка,пгт,8942.0,reviewed_primary_reported_value,ROSSTAT2010:T5:p52:l14,1,2002,2002:1_TOM_01_04.xls:0:1973,Дубовка,пгт,9206.0,direct_published_census_value,table4:1973,1,53.9209587,38.100576,tochno_dadata,reviewed_extension_rule_accepted,d3e5b2f5-6457-42a5-8581-90839d470631,,,data/raw/2002_official_tom1/1_TOM_01_04.xls,0,1973.0,candidate_exact_name_type_region_existing_point_no_identity_admission
2010,2010:008_342f3c208b_16._20Сиб_ФО_2010.xls:Sib:1626,Сибирский,посёлок,8786.0,secondary_confidentiality_protected_value_exact_scope_unverified,1620,2,2002,2002:066_76aa869929_Altai_krai1.xls:Sheet1:1392,Сибирский,посёлок,1804.0,direct_published_census_value,посёлок Сибирский,1,53.5790397,83.7669127,tochno_dadata,reviewed_extension_rule_accepted,4d47911e-b9ad-423f-b3ae-20f439965603,,,data/raw/2002/066_76aa869929_Altai_krai1.xls,Sheet1,1392.0,candidate_exact_name_type_region_existing_point_no_identity_admission
2010,2010:008_342f3c208b_16._20Сиб_ФО_2010.xls:Sib:1626,Сибирский,посёлок,8786.0,secondary_confidentiality_protected_value_exact_scope_unverified,1620,2,2021,2021:data_allsettlements_anon_156_v20251217.parquet:parquet:40060,Сибирский,посёлок,1826.0,direct_published_census_value,1632494101,2,53.5790397,83.7669127,tochno_dadata,reviewed_rule_accepted,4d47911e-b9ad-423f-b3ae-20f439965603,01232894001,1632494101,data/interim/2021_tochno/data_allsettlements_anon_156_v20251217.parquet,parquet,40060.0,candidate_exact_name_type_region_existing_point_no_identity_admission
2010,2010:004_486e984bdc_12._20Астр_Волгог_Ростов.xls:Южный:2784,Старая Станица,хутор,8482.0,secondary_confidentiality_protected_value_exact_scope_unverified,2778,4,2002,2002:040_95a4475637_02c_Rostov_obl.xls:Sheet1:1132,Старая Станица,хутор,170.0,direct_published_census_value,1132,4,48.339167,40.291389,Wikidata P625 representative point,reviewed_extension_rule_accepted,Q4439793,,,data/raw/2002/040_95a4475637_02c_Rostov_obl.xls,Sheet1,1132.0,candidate_exact_name_type_region_existing_point_no_identity_admission
2010,2010:004_486e984bdc_12._20Астр_Волгог_Ростов.xls:Южный:2784,Старая Станица,хутор,8482.0,secondary_confidentiality_protected_value_exact_scope_unverified,2778,4,2002,2002:040_95a4475637_02c_Rostov_obl.xls:Sheet1:1299,Старая Станица,хутор,272.0,direct_published_census_value,1299,4,47.5987466,41.4649107,tochno_dadata,reviewed_extension_rule_accepted,ebedf9a4-1bb5-4644-b520-4148b1981dd2,,,data/raw/2002/040_95a4475637_02c_Rostov_obl.xls,Sheet1,1299.0,candidate_exact_name_type_region_existing_point_no_identity_admission
2010,2010:004_486e984bdc_12._20Астр_Волгог_Ростов.xls:Южный:2784,Старая Станица,хутор,8482.0,secondary_confidentiality_protected_value_exact_scope_unverified,2778,4,2002,2002:040_95a4475637_02c_Rostov_obl.xls:Sheet1:2626,Старая Станица,хутор,221.0,direct_published_census_value,2626,4,47.5562747,40.7971932,tochno_dadata,reviewed_extension_rule_accepted,2dd0dee7-8135-45ef-9d28-ebdd045f3625,,,data/raw/2002/040_95a4475637_02c_Rostov_obl.xls,Sheet1,2626.0,candidate_exact_name_type_region_existing_point_no_identity_admission
2010,2010:004_486e984bdc_12._20Астр_Волгог_Ростов.xls:Южный:2784,Старая Станица,хутор,8482.0,secondary_confidentiality_protected_value_exact_scope_unverified,2778,4,2021,2021:data_allsettlements_anon_156_v20251217.parquet:parquet:109621,Старая Станица,хутор,79.0,direct_published_census_value,60623430126,4,48.339167,40.291389,Wikidata P625 representative point,reviewed_extension_rule_accepted,Q4439793,60223830010,60623430126,data/interim/2021_tochno/data_allsettlements_anon_156_v20251217.parquet,parquet,109621.0,candidate_exact_name_type_region_existing_point_no_identity_admission
2010,2010:004_486e984bdc_12._20Астр_Волгог_Ростов.xls:Южный:2784,Старая Станица,хутор,8482.0,secondary_confidentiality_protected_value_exact_scope_unverified,2778,4,2021,2021:data_allsettlements_anon_156_v20251217.parquet:parquet:109645,Старая Станица,хутор,7633.0,direct_published_census_value,60623465101,4,48.405831,39.938641,DaData,reviewed_extension_rule_accepted,25d32b55-9b6b-4188-a52c-4636d9a875b3,60223830010,60623465101,data/interim/2021_tochno/data_allsettlements_anon_156_v20251217.parquet,parquet,109645.0,candidate_exact_name_type_region_existing_point_no_identity_admission
2010,2010:004_486e984bdc_12._20Астр_Волгог_Ростов.xls:Южный:2784,Старая Станица,хутор,8482.0,secondary_confidentiality_protected_value_exact_scope_unverified,2778,4,2021,2021:data_allsettlements_anon_156_v20251217.parquet:parquet:109772,Старая Станица,хутор,254.0,direct_published_census_value,60625420126,4,47.5987466,41.4649107,tochno_dadata,reviewed_rule_accepted,ebedf9a4-1bb5-4644-b520-4148b1981dd2,60225820002,60625420126,data/interim/2021_tochno/data_allsettlements_anon_156_v20251217.parquet,parquet,109772.0,candidate_exact_name_type_region_existing_point_no_identity_admission
2010,2010:004_486e984bdc_12._20Астр_Волгог_Ростов.xls:Южный:2784,Старая Станица,хутор,8482.0,secondary_confidentiality_protected_value_exact_scope_unverified,2778,4,2021,2021:data_allsettlements_anon_156_v20251217.parquet:parquet:110966,Старая Станица,хутор,192.0,direct_published_census_value,60651420111,4,47.5562747,40.7971932,tochno_dadata,reviewed_rule_accepted,2dd0dee7-8135-45ef-9d28-ebdd045f3625,60251820003,60651420111,data/interim/2021_tochno/data_allsettlements_anon_156_v20251217.parquet,parquet,110966.0,candidate_exact_name_type_region_existing_point_no_identity_admission
2010,2010:013_f60b2d2bcf_5._20Belg_Bryan_Vlad_Voron_Ivanov_Kalug_20L1_ethn_2010.xls:Data Sheet:8535,Масловка,село,8445.0,secondary_confidentiality_protected_value_exact_scope_unverified,8534,2,2021,2021:data_allsettlements_anon_156_v20251217.parquet:parquet:14702,Масловка,село,169.0,direct_published_census_value,20621436106,1,50.9985662,39.7593131,tochno_dadata,reviewed_rule_accepted,66caa867-62ec-4018-96c8-c24eae67b0b5,20221836002,20621436106,data/interim/2021_tochno/data_allsettlements_anon_156_v20251217.parquet,parquet,14702.0,candidate_exact_name_type_region_existing_point_no_identity_admission
2010,2010:008_342f3c208b_16._20Сиб_ФО_2010.xls:Sib:6073,Малиновка,посёлок,8416.0,secondary_confidentiality_protected_value_exact_scope_unverified,6067,2,2002,2002:072_970adef884_Kemerov_obl_new.xls:Sheet1:742,Малиновка,посёлок,62.0,direct_published_census_value,742,1,54.00472,86.3907422,DaData locality-level current point embedded in 2021 Tochno source table,reviewed_extension_rule_accepted,,,,data/raw/2002/072_970adef884_Kemerov_obl_new.xls,Sheet1,742.0,candidate_exact_name_type_region_existing_point_no_identity_admission
2010,2010:008_342f3c208b_16._20Сиб_ФО_2010.xls:Sib:6073,Малиновка,посёлок,8416.0,secondary_confidentiality_protected_value_exact_scope_unverified,6067,2,2021,2021:data_allsettlements_anon_156_v20251217.parquet:parquet:32407,Малиновка,посёлок,34.0,direct_published_census_value,32522000211,2,54.00472,86.3907422,DaData locality-level current point embedded in 2021 Tochno source table,reviewed_extension_rule_accepted,,32222844006,32522000211,data/interim/2021_tochno/data_allsettlements_anon_156_v20251217.parquet,parquet,32407.0,candidate_exact_name_type_region_existing_point_no_identity_admission
2010,2010:008_342f3c208b_16._20Сиб_ФО_2010.xls:Sib:6073,Малиновка,посёлок,8416.0,secondary_confidentiality_protected_value_exact_scope_unverified,6067,2,2021,2021:data_allsettlements_anon_156_v20251217.parquet:parquet:33254,Малиновка,посёлок,7299.0,direct_published_census_value,32715000111,2,53.403889,87.284722,Wikidata P625 representative point,reviewed_extension_rule_accepted,Q1647878,32222844006,32715000111,data/interim/2021_tochno/data_allsettlements_anon_156_v20251217.parquet,parquet,33254.0,candidate_exact_name_type_region_existing_point_no_identity_admission
2021,2021:data_allsettlements_anon_156_v20251217.parquet:parquet:41174,Сибирский,посёлок,10520.0,direct_published_census_value,1755000051,2,2002,2002:066_76aa869929_Altai_krai1.xls:Sheet1:1392,Сибирский,посёлок,1804.0,direct_published_census_value,посёлок Сибирский,1,53.5790397,83.7669127,tochno_dadata,reviewed_extension_rule_accepted,4d47911e-b9ad-423f-b3ae-20f439965603,,,data/raw/2002/066_76aa869929_Altai_krai1.xls,Sheet1,1392.0,candidate_exact_name_type_region_existing_point_no_identity_admission
2021,2021:data_allsettlements_anon_156_v20251217.parquet:parquet:46794,Цибанобалка,село,7923.0,direct_published_census_value,3703000336,1,2002,2002:036_81b258bc42_02c_Krasnodarski-krai.xls:11:381,Цибанобалка,село,4490.0,direct_published_census_value,381,1,44.980337,37.343841,GeoKLADR 2011 source coordinate,reviewed_extension_rule_accepted,,,,data/raw/2002/036_81b258bc42_02c_Krasnodarski-krai.xls,11,381.0,candidate_exact_name_type_region_existing_point_no_identity_admission
2021,2021:data_allsettlements_anon_156_v20251217.parquet:parquet:46794,Цибанобалка,село,7923.0,direct_published_census_value,3703000336,1,2010,ROSSTAT2010:T5:p76:l48,Цибанобалка,село,5370.0,reviewed_primary_reported_value,ROSSTAT2010:T5:p76:l48,1,44.980337,37.343841,GeoKLADR 2011 source coordinate,reviewed_extension_rule_accepted,,,,data/raw/2010_official_tom1/tom-1-chislennost-i-razmeshchenie-naseleniya.pdf,pdf_page_76,48.0,candidate_exact_name_type_region_existing_point_no_identity_admission
2021,2021:data_allsettlements_anon_156_v20251217.parquet:parquet:49248,Подгорный,посёлок,5492.0,direct_published_census_value,4735000056,2,2002,2002:067_7363c80f41_02c_Krasnojarski_lraj.xls:Sheet1:1290,Подгорный,посёлок,267.0,direct_published_census_value,посёлок Подгорный,1,53.8477914,92.8493668,tochno_dadata,reviewed_extension_rule_accepted,68ea821f-7221-4d44-8df2-82e0e78d4f5d,,,data/raw/2002/067_7363c80f41_02c_Krasnojarski_lraj.xls,Sheet1,1290.0,candidate_exact_name_type_region_existing_point_no_identity_admission
2021,2021:data_allsettlements_anon_156_v20251217.parquet:parquet:49248,Подгорный,посёлок,5492.0,direct_published_census_value,4735000056,2,2010,2010:008_342f3c208b_16._20Сиб_ФО_2010.xls:Sib:2624,Подгорный,посёлок,262.0,secondary_confidentiality_protected_value_exact_scope_unverified,2618,1,53.8477914,92.8493668,tochno_dadata,reviewed_extension_rule_accepted,68ea821f-7221-4d44-8df2-82e0e78d4f5d,,,data/raw/2010/008_342f3c208b_16._20Сиб_ФО_2010.xls,Sib,2624.0,candidate_exact_name_type_region_existing_point_no_identity_admission
2021,2021:data_allsettlements_anon_156_v20251217.parquet:parquet:70790,Троицкое,село,5349.0,direct_published_census_value,46784000761,4,2002,2002:010_3e630cc803_02c_Moskovskaya-oblast.xls:Sheet1:3394,Троицкое,село,81.0,direct_published_census_value,3394,3,55.9857806,37.5781254,tochno_dadata,reviewed_extension_rule_accepted,a2f6e1f0-1073-4c86-91ee-03969856e948,,,data/raw/2002/010_3e630cc803_02c_Moskovskaya-oblast.xls,Sheet1,3394.0,candidate_exact_name_type_region_existing_point_no_identity_admission
2021,2021:data_allsettlements_anon_156_v20251217.parquet:parquet:70790,Троицкое,село,5349.0,direct_published_census_value,46784000761,4,2002,2002:010_3e630cc803_02c_Moskovskaya-oblast.xls:Sheet1:3991,Троицкое,село,45.0,direct_published_census_value,3991,3,55.6548734,36.6461812,tochno_dadata,reviewed_extension_rule_accepted,f46066ef-1a80-4b29-8c04-4a1821d4351b,,,data/raw/2002/010_3e630cc803_02c_Moskovskaya-oblast.xls,Sheet1,3991.0,candidate_exact_name_type_region_existing_point_no_identity_admission
2021,2021:data_allsettlements_anon_156_v20251217.parquet:parquet:70790,Троицкое,село,5349.0,direct_published_census_value,46784000761,4,2010,2010:010_711691e352_2._20Kostrom_Kur_Lip_Moscow_MoscObl_Orlov_2010.xls:Data Sheet:11112,Троицкое,село,138.0,secondary_confidentiality_protected_value_exact_scope_unverified,11109,3,55.9857806,37.5781254,tochno_dadata,reviewed_extension_rule_accepted,a2f6e1f0-1073-4c86-91ee-03969856e948,,,data/raw/2010/010_711691e352_2._20Kostrom_Kur_Lip_Moscow_MoscObl_Orlov_2010.xls,Data Sheet,11112.0,candidate_exact_name_type_region_existing_point_no_identity_admission
2021,2021:data_allsettlements_anon_156_v20251217.parquet:parquet:70723,Крюково,деревня,4063.0,direct_published_census_value,46784000426,10,2002,2002:010_3e630cc803_02c_Moskovskaya-oblast.xls:Sheet1:3323,Крюково,деревня,15.0,direct_published_census_value,3323,11,55.6281402,35.6562123,DaData,reviewed_extension_rule_accepted,8c815e05-7c4c-443b-9b06-05e12e96b247,,,data/raw/2002/010_3e630cc803_02c_Moskovskaya-oblast.xls,Sheet1,3323.0,candidate_exact_name_type_region_existing_point_no_identity_admission
2021,2021:data_allsettlements_anon_156_v20251217.parquet:parquet:70723,Крюково,деревня,4063.0,direct_published_census_value,46784000426,10,2002,2002:010_3e630cc803_02c_Moskovskaya-oblast.xls:Sheet1:4187,Крюково,деревня,244.0,direct_published_census_value,4187,11,55.6547048,37.1733189,tochno_dadata,reviewed_extension_rule_accepted,9e249d88-a9a2-4120-b4dc-385477c2c222,,,data/raw/2002/010_3e630cc803_02c_Moskovskaya-oblast.xls,Sheet1,4187.0,candidate_exact_name_type_region_existing_point_no_identity_admission
2021,2021:data_allsettlements_anon_156_v20251217.parquet:parquet:70723,Крюково,деревня,4063.0,direct_published_census_value,46784000426,10,2002,2002:010_3e630cc803_02c_Moskovskaya-oblast.xls:Sheet1:5260,Крюково,деревня,53.0,direct_published_census_value,5260,11,55.6410913,36.5429394,DaData,reviewed_extension_rule_accepted,513bf87d-de80-4f38-b513-3285d9f81615,,,data/raw/2002/010_3e630cc803_02c_Moskovskaya-oblast.xls,Sheet1,5260.0,candidate_exact_name_type_region_existing_point_no_identity_admission
2021,2021:data_allsettlements_anon_156_v20251217.parquet:parquet:70723,Крюково,деревня,4063.0,direct_published_census_value,46784000426,10,2002,2002:010_3e630cc803_02c_Moskovskaya-oblast.xls:Sheet1:95,Крюково,деревня,7.0,direct_published_census_value,95,11,55.9872528,35.8883529,DaData,reviewed_extension_rule_accepted,2443a638-917e-45f5-b3d2-13bd3fa3b04b,,,data/raw/2002/010_3e630cc803_02c_Moskovskaya-oblast.xls,Sheet1,95.0,candidate_exact_name_type_region_existing_point_no_identity_admission
2021,2021:data_allsettlements_anon_156_v20251217.parquet:parquet:46759,Виноградный,посёлок,4040.0,direct_published_census_value,3703000161,3,2002,2002:036_81b258bc42_02c_Krasnodarski-krai.xls:11:1177,Виноградный,посёлок,629.0,direct_published_census_value,1177,3,44.9721339,37.921437,tochno_dadata,reviewed_extension_rule_accepted,9c276a1a-d5b6-40eb-a850-3759b624dc03,,,data/raw/2002/036_81b258bc42_02c_Krasnodarski-krai.xls,11,1177.0,candidate_exact_name_type_region_existing_point_no_identity_admission
2021,2021:data_allsettlements_anon_156_v20251217.parquet:parquet:46759,Виноградный,посёлок,4040.0,direct_published_census_value,3703000161,3,2002,2002:036_81b258bc42_02c_Krasnodarski-krai.xls:11:1995,Виноградный,посёлок,1760.0,direct_published_census_value,1995,3,45.1927375,36.9015305,tochno_dadata,reviewed_extension_rule_accepted,59b9f1e4-ccfc-42e1-bad8-b29778027c95,,,data/raw/2002/036_81b258bc42_02c_Krasnodarski-krai.xls,11,1995.0,candidate_exact_name_type_region_existing_point_no_identity_admission
2021,2021:data_allsettlements_anon_156_v20251217.parquet:parquet:46759,Виноградный,посёлок,4040.0,direct_published_census_value,3703000161,3,2010,2010:005_888282bccc_13._20Краснодарский_край_2010.xls:КК:1266,Виноградный,посёлок,1986.0,secondary_confidentiality_protected_value_exact_scope_unverified,1261,3,45.1927375,36.9015305,tochno_dadata,reviewed_extension_rule_accepted,59b9f1e4-ccfc-42e1-bad8-b29778027c95,,,data/raw/2010/005_888282bccc_13._20Краснодарский_край_2010.xls,КК,1266.0,candidate_exact_name_type_region_existing_point_no_identity_admission
2021,2021:data_allsettlements_anon_156_v20251217.parquet:parquet:46759,Виноградный,посёлок,4040.0,direct_published_census_value,3703000161,3,2010,2010:005_888282bccc_13._20Краснодарский_край_2010.xls:КК:659,Виноградный,посёлок,591.0,secondary_confidentiality_protected_value_exact_scope_unverified,654,3,44.9721339,37.921437,tochno_dadata,reviewed_extension_rule_accepted,9c276a1a-d5b6-40eb-a850-3759b624dc03,,,data/raw/2010/005_888282bccc_13._20Краснодарский_край_2010.xls,КК,659.0,candidate_exact_name_type_region_existing_point_no_identity_admission
2021,2021:data_allsettlements_anon_156_v20251217.parquet:parquet:152555,Рассвет,посёлок,3760.0,direct_published_census_value,70701000676,2,2002,2002:016_3aa889d669_02c_Tulskaja.xls:Sheet1:741,Рассвет,посёлок,344.0,direct_published_census_value,741,2,54.3048103,38.1443073,tochno_dadata,reviewed_extension_rule_accepted,1ed2cd1a-fd9d-4fa3-8b4f-0800990326b7,,,data/raw/2002/016_3aa889d669_02c_Tulskaja.xls,Sheet1,741.0,candidate_exact_name_type_region_existing_point_no_identity_admission
2021,2021:data_allsettlements_anon_156_v20251217.parquet:parquet:152555,Рассвет,посёлок,3760.0,direct_published_census_value,70701000676,2,2010,2010:011_040325482b_3._20Ryaz_Smol_Tambov_Tula_Jaroslavl_20L1_20ethn_2010.xls:Data Sheet:10003,Рассвет,посёлок,339.0,secondary_confidentiality_protected_value_exact_scope_unverified,10001,2,54.3048103,38.1443073,tochno_dadata,reviewed_extension_rule_accepted,1ed2cd1a-fd9d-4fa3-8b4f-0800990326b7,,,data/raw/2010/011_040325482b_3._20Ryaz_Smol_Tambov_Tula_Jaroslavl_20L1_20ethn_2010.xls,Data Sheet,10003.0,candidate_exact_name_type_region_existing_point_no_identity_admission
2021,2021:data_allsettlements_anon_156_v20251217.parquet:parquet:68242,Мирный,посёлок,3094.0,direct_published_census_value,46748000146,3,2002,2002:010_3e630cc803_02c_Moskovskaya-oblast.xls:Sheet1:5120,Мирный,посёлок,185.0,direct_published_census_value,5120,3,55.5114967,38.3488101,DaData,reviewed_extension_rule_accepted,151319f3-c1e8-4169-aebb-bf8dc0971ebd,,,data/raw/2002/010_3e630cc803_02c_Moskovskaya-oblast.xls,Sheet1,5120.0,candidate_exact_name_type_region_existing_point_no_identity_admission
2021,2021:data_allsettlements_anon_156_v20251217.parquet:parquet:100145,Углекаменск,село,3017.0,direct_published_census_value,5717000141,1,2010,2010:009_81f8a0e73c_17._20ДВ_ФО_2010.xls:ДВ:615,Углекаменск,село,3652.0,secondary_confidentiality_protected_value_exact_scope_unverified,610,1,43.219639,133.231244,GeoKLADR 2011 source coordinate,reviewed_extension_rule_accepted,,,,data/raw/2010/009_81f8a0e73c_17._20ДВ_ФО_2010.xls,ДВ,615.0,candidate_exact_name_type_region_existing_point_no_identity_admission
