source_record_id,year,name,type,population,population_quality,source_file,source_sha256,sheet,physical_row_1based,raw_source_cells,admin_binding,article_title,article_pageid,article_revision,article_source_file,article_sha256,article_region_county_excerpt,article_coordinates,native_comparison
2002:081_6a22d6b5c5_Amur.xls:Sheet1:203,2002,Березовка,село,3593,direct_published_census_value,/workspace/settlements-raw/data/raw/2002/081_6a22d6b5c5_Amur.xls,b89b1fdaaf5b9d08547d90d7208354ed3ba78791bb03d05140984f2fa26af145,Sheet1,203,"[338, ""село Березовка"", 3593, ""русские"", 93]","Source rows surrounding this record (including Среднебелое and Новопокровка) form the Ivanovsky locality group, independently corroborated by the corresponding 2010 source context and the own article/current native county. The 2002 last numeric field 93 is Russian majority percentage, not an administrative code. The separate same-name row is in another row group with localities such as Гулик and Чалбачи; no source district code is available.",Берёзовка (Ивановский район),5322681,153646805,research_rebuild/evidence/over1000_bash_amur_20261009/version2/live_candidate_article_pages.json.gz,5bbf7eb822f967d47a242549cab320a39fe9de789632da8620adc931e5f351c6,| регион = Амурская область; | район = Ивановский район; | поселение = Березовский сельсовет; lead: “Берёзовка — село в Ивановском районе Амурской области России”.,"50°34′05.5″N, 127°51′49.3″E (infobox; 50.56819444,127.86369444 decimal)","Article point about 0.60 km from 2021 native coordinate; this is source binding, not historical-coordinate or population-boundary assertion."
2010:009_81f8a0e73c_17._20ДВ_ФО_2010.xls:ДВ:1329,2010,Березовка,село,3136,secondary_confidentiality_protected_value_exact_scope_unverified,/workspace/settlements-raw/data/raw/2010/009_81f8a0e73c_17._20ДВ_ФО_2010.xls,a8fd7aa55513e73a205ebff1da2ce35fd8ca0f61c286e54491cf49c6132470c4,ДВ,1329,"[1324, ""Амурская область"", ""с. Березовка"", 3136, 3057, 31, 2964, ...]","Native source list context places the row among Ivanovsky-associated locality names (Вишневка, Дмитриевка, Ерковцы, Черкасовка, Ивановка, Крещеновка, Луговое, Успеновка, Вознесеновка, Константиноградовка, Николаевка, Новопокровка, Новоалексеевка, Ракитное, Среднебелое); this context, exact own article, and 2021 county bind the matching row. No explicit county/code is claimed from this workbook.",Берёзовка (Ивановский район),5322681,153646805,research_rebuild/evidence/over1000_bash_amur_20261009/version2/live_candidate_article_pages.json.gz,5bbf7eb822f967d47a242549cab320a39fe9de789632da8620adc931e5f351c6,| регион = Амурская область; | район = Ивановский район; | поселение = Березовский сельсовет; lead: “Берёзовка — село в Ивановском районе Амурской области России”.,"50°34′05.5″N, 127°51′49.3″E (infobox; 50.56819444,127.86369444 decimal)","Article point about 0.60 km from 2021 native coordinate; this is source binding, not historical-coordinate or population-boundary assertion."
2021:data_allsettlements_anon_156_v20251217.parquet:parquet:60719,2021,Березовка,село,2841,direct_published_census_value,data/interim/2021_tochno/data_allsettlements_anon_156_v20251217.parquet,,parquet,60719,"native OKATO=10228807001; OKTMO=10528000121; coordinates=50.5734989,127.8649363",Native district Ивановский муниципальный округ; current source row pins the correct county competitor.,Берёзовка (Ивановский район),5322681,153646805,research_rebuild/evidence/over1000_bash_amur_20261009/version2/live_candidate_article_pages.json.gz,5bbf7eb822f967d47a242549cab320a39fe9de789632da8620adc931e5f351c6,| регион = Амурская область; | район = Ивановский район; | поселение = Березовский сельсовет; lead: “Берёзовка — село в Ивановском районе Амурской области России”.,"50°34′05.5″N, 127°51′49.3″E (infobox; 50.56819444,127.86369444 decimal)","Article point about 0.60 km from 2021 native coordinate; this is source binding, not historical-coordinate or population-boundary assertion."
2021:data_allsettlements_anon_156_v20251217.parquet:parquet:149457,2021,Федоровка,село,1816,direct_published_census_value,data/interim/2021_tochno/data_allsettlements_anon_156_v20251217.parquet,,parquet,149457,80401918001; native district=Городской округ город Уфа,"Exact own-locality page code 80401918001 equals 2021 native OKATO; page identifies Ufa, matching the native city district. Article coordinate is 0.07 km from native point.",Федоровка (Уфа),3548872,148210525,research_rebuild/evidence/over1000_bash_amur_20261009/version2/live_candidate_article_pages.json.gz,5bbf7eb822f967d47a242549cab320a39fe9de789632da8620adc931e5f351c6,Own page and native row source context as described in admin_binding.,"54.68861111,56.13611111","Exact own-locality page code 80401918001 equals 2021 native OKATO; page identifies Ufa, matching the native city district. Article coordinate is 0.07 km from native point."
2021:data_allsettlements_anon_156_v20251217.parquet:parquet:61131,2021,Восточный,посёлок,1430,direct_published_census_value,data/interim/2021_tochno/data_allsettlements_anon_156_v20251217.parquet,,parquet,61131,10238808001; native district=Октябрьский муниципальный район,"Exact own-locality page identifies Восточный in Октябрьский район, Амурская область; matching name/type and native 2021 district disambiguate the 2021 record. Article infobox point is about 1.18 km from native point; article has no explicit digital locality code, so no provider-ID binding is asserted.",Восточный (Октябрьский район),5330593,155124817,research_rebuild/evidence/over1000_bash_amur_20261009/version2/live_candidate_article_pages.json.gz,5bbf7eb822f967d47a242549cab320a39fe9de789632da8620adc931e5f351c6,Own page and native row source context as described in admin_binding.,"50.36080556,129.12986111","Exact own-locality page identifies Восточный in Октябрьский район, Амурская область; matching name/type and native 2021 district disambiguate the 2021 record. Article infobox point is about 1.18 km from native point; article has no explicit digital locality code, so no provider-ID binding is asserted."
2002:041_4b428edd23_Bashkiria_new.xls:Sheet1:6,2002,Федоровка,село,617,direct_published_census_value,/workspace/settlements-raw/data/raw/2002/041_4b428edd23_Bashkiria_new.xls,5e4cd874bbc5ad5c1c7bb996011052a076d9b0813a1f00b12df6ff8b5779f51a,Sheet1,6,"[6, ""селоФедоровка"", 617, ""русские"", 75]","2002 worksheet row is nested under “Сельсоветы, подчиненные администрации Калининского района г.Уфы” > “Федоровский сельсовет”; exact locality matches current page and digital identifier. Same-year high-pop row has no same-county competitor.",Федоровка (Уфа),3548872,148210525,research_rebuild/evidence/over1000_bash_amur_20261009/version2/live_candidate_article_pages.json.gz,5bbf7eb822f967d47a242549cab320a39fe9de789632da8620adc931e5f351c6,"Page says Fedorovka in Ufa city district, Kalininsky district, Fedorovsky selsovet; until 1992 in Ufimsky district; since 1992 in Ufa. Exact page digital ID 80401918001.","54.68861111,56.13611111",Exact article identifier 80401918001 equals native 2021 OKATO; article point 0.07 km from native current point.
2010:017_68e0e4537e_9._20Basq_Mari_Mord_Tatar_Udm_Chuv_2010.xls:!!!:4510,2010,Федоровка,село,544,secondary_confidentiality_protected_value_exact_scope_unverified,/workspace/settlements-raw/data/raw/2010/017_68e0e4537e_9._20Basq_Mari_Mord_Tatar_Udm_Chuv_2010.xls,0ad9f5527c60819aa6e298bc78c5a19e7d3b09ad7f541064a8d922595854177a,!!!,4510,"[4505, ""Башкортостан"", null, ""село Федоровка"", 544, ...]","2010 source list immediately follows Ufa district totals including Kalininsky, then rural locality sequence Федоровка, Карпово, Самохваловка, Елкибаево; this is the Fedorovsky selsovet group listed in the 2002 source and exact article. The source does not provide per-row county label in this sheet.",Федоровка (Уфа),3548872,148210525,research_rebuild/evidence/over1000_bash_amur_20261009/version2/live_candidate_article_pages.json.gz,5bbf7eb822f967d47a242549cab320a39fe9de789632da8620adc931e5f351c6,"Page says Fedorovka in Ufa city district, Kalininsky district, Fedorovsky selsovet; until 1992 in Ufimsky district; since 1992 in Ufa. Exact page digital ID 80401918001.","54.68861111,56.13611111",Exact article identifier 80401918001 equals native 2021 OKATO; article point 0.07 km from native current point.
2002:081_6a22d6b5c5_Amur.xls:Sheet1:168,2002,Восточный,посёлок,1465,direct_published_census_value,/workspace/settlements-raw/data/raw/2002/081_6a22d6b5c5_Amur.xls,b89b1fdaaf5b9d08547d90d7208354ed3ba78791bb03d05140984f2fa26af145,Sheet1,168,"[567, ""посёлок Восточный"", 1465, ""русские"", 94]","Same 2002 source locality cluster places Восточный immediately before Троебратка (source row 590); current native row maps Троебратка to Октябрьский district. The separate 2002 Восточный 1583 is in a different source context with Лопча/Дипкун, consistent with the separate Tyndinsky carrier. Last field 94 is Russian-majority percentage, not a district code.",Восточный (Октябрьский район),5330593,155124817,research_rebuild/evidence/over1000_bash_amur_20261009/version2/live_candidate_article_pages.json.gz,5bbf7eb822f967d47a242549cab320a39fe9de789632da8620adc931e5f351c6,| регион = Амурская область; | район = Октябрьский район; lead identifies settlement in Oktjabrsky; no locality identifier present.,"50.36080556,129.12986111",Article county matches 2021 native Октябрьский муниципальный район; page has no digital ID; no provider ID asserted.
2010:009_81f8a0e73c_17._20ДВ_ФО_2010.xls:ДВ:1472,2010,Восточный,посёлок,1370,secondary_confidentiality_protected_value_exact_scope_unverified,/workspace/settlements-raw/data/raw/2010/009_81f8a0e73c_17._20ДВ_ФО_2010.xls,a8fd7aa55513e73a205ebff1da2ce35fd8ca0f61c286e54491cf49c6132470c4,ДВ,1472,"[1467, ""Амурская область"", null, ""посёлок Восточный"", 1370, ...]","2010 row is adjacent to Варваровка (2021 Октябрьский district) and regional locality group; separate 2010 Восточный 1483 occurs with Tyndinsky-area names such as Кувыкта, Усть-Уркима, Олекма, Ларба, Могот. County context + exact own-locality page disambiguate the row.",Восточный (Октябрьский район),5330593,155124817,research_rebuild/evidence/over1000_bash_amur_20261009/version2/live_candidate_article_pages.json.gz,5bbf7eb822f967d47a242549cab320a39fe9de789632da8620adc931e5f351c6,| регион = Амурская область; | район = Октябрьский район; lead identifies settlement in Oktjabrsky; no locality identifier present.,"50.36080556,129.12986111",Article county matches 2021 native Октябрьский муниципальный район; page has no digital ID; no provider ID asserted.
2021:data_allsettlements_anon_156_v20251217.parquet:parquet:61198,2021,Орлиный,посёлок,1094,direct_published_census_value,data/interim/2021_tochno/data_allsettlements_anon_156_v20251217.parquet,,parquet,61198,"native county=Свободненский муниципальный район; OKATO=10232813001; coordinates=51.229616,127.981874","2021 record is in the current Свободненский municipality. Exact article title supplies Amur region, Свободненский район, describes former closed military town Свободный-21, and says its name Орлиный was officially assigned by Government order dated 2019-11-20. It states that former military town territory was not listed as a settlement in the municipal list. 2002 complete Amur native worksheet and 2010 complete Amur source sheet contain neither Орлиный nor Свободный-21.",Орлиный,3851414,142444337,research_rebuild/evidence/over1000_bash_amur_20261009/live_exact_title_wikipedia_batch.json.gz,e698d97ade1c4aa5367eb57bb9292d203d91b111720d880eee6aeb9734da6257,Article wikitext: region Amur; county Svobodnensky; former Свободный-21; official name assigned by Russian Government order 20 November 2019 №2750-р; municipal settlement list did not include the military town.,"51.22916667,127.98611111",Article point is 0.30 km from current native point; native point is retained. No article locality code is supplied; no provider ID asserted.
2002:041_4b428edd23_Bashkiria_new.xls:Sheet1:5812,2002,"совхоза им. ""1 Мая""",посёлок,1069,direct_published_census_value,/workspace/settlements-raw/data/raw/2002/041_4b428edd23_Bashkiria_new.xls,5e4cd874bbc5ad5c1c7bb996011052a076d9b0813a1f00b12df6ff8b5779f51a,Sheet1,5812,"[5812, ""посёлок совхоза им. \""1 Мая\"""", 1069, ""русские"", 39]",Native row carries the district Туймазинский район; full source locus is exact. Name preserves the former sovkhoz 1 May toponym. Article says until 10 Sep 2007 the settlement was called “Село совхоза 1 Мая”.,Первомайское (Туймазинский район),2733623,151405587,research_rebuild/evidence/over1000_bash_amur_20261009/version3/targeted_primary_article_pages.json.gz,8c4d8bba0982baaced4110483c4ca3516371294be592caeefe14f0ab05125219,"Page says current name Первомайское, village in Tuymazinsky district, Kandrinsky selsovet; former name until 10 Sep 2007 was Село совхоза ""1 Мая"". digital ID 80251827004.","54.53925000,53.99255600",Current article digital ID exactly matches native current OKATO; article point about 0.47 km from accepted native current point; existing native point retained.
2010:017_68e0e4537e_9._20Basq_Mari_Mord_Tatar_Udm_Chuv_2010.xls:!!!:3746,2010,Первомайское,село,987,secondary_confidentiality_protected_value_exact_scope_unverified,/workspace/settlements-raw/data/raw/2010/017_68e0e4537e_9._20Basq_Mari_Mord_Tatar_Udm_Chuv_2010.xls,0ad9f5527c60819aa6e298bc78c5a19e7d3b09ad7f541064a8d922595854177a,!!!,3746,"[3741, ""Башкортостан"", null, null, ""село Первомайское"", 987, ...]","Raw source list sequence places the 987 row among Kандры and the adjacent Kandrinsky rural locality cluster (Кандры, Ермухаметово, Кандры-Кутуй, Старые Кандры, Александровка, Карамалы-Губеево, Балтаево, Кальшали, Метевтамак). Article names Кандринский сельсовет; the alternate 2010 Первомайское rows lie in different source groups. No population equality used.",Первомайское (Туймазинский район),2733623,151405587,research_rebuild/evidence/over1000_bash_amur_20261009/version3/targeted_primary_article_pages.json.gz,8c4d8bba0982baaced4110483c4ca3516371294be592caeefe14f0ab05125219,"Page says current name Первомайское, village in Tuymazinsky district, Kandrinsky selsovet; former name until 10 Sep 2007 was Село совхоза ""1 Мая"". digital ID 80251827004.","54.53925000,53.99255600",Current article digital ID exactly matches native current OKATO; article point about 0.47 km from accepted native current point; existing native point retained.
2021:data_allsettlements_anon_156_v20251217.parquet:parquet:148532,2021,Первомайское,село,1150,direct_published_census_value,data/interim/2021_tochno/data_allsettlements_anon_156_v20251217.parquet,,parquet,148532,"native OKATO=80251827004; OKTMO=80651427116; county=Tuymazinsky municipal district; native coordinates 54.5363252,53.9888652",Current native carrier row; its exact OKATO equals the article digital identifier 80251827004.,Первомайское (Туймазинский район),2733623,151405587,research_rebuild/evidence/over1000_bash_amur_20261009/version3/targeted_primary_article_pages.json.gz,8c4d8bba0982baaced4110483c4ca3516371294be592caeefe14f0ab05125219,"Page says current name Первомайское, village in Tuymazinsky district, Kandrinsky selsovet; former name until 10 Sep 2007 was Село совхоза ""1 Мая"". digital ID 80251827004.","54.53925000,53.99255600",Current article digital ID exactly matches native current OKATO; article point about 0.47 km from accepted native current point; existing native point retained.
2010:017_68e0e4537e_9._20Basq_Mari_Mord_Tatar_Udm_Chuv_2010.xls:!!!:3045,2010,Воскресенское,село,1686,secondary_confidentiality_protected_value_exact_scope_unverified,/workspace/settlements-raw/data/raw/2010/017_68e0e4537e_9._20Basq_Mari_Mord_Tatar_Udm_Chuv_2010.xls,0ad9f5527c60819aa6e298bc78c5a19e7d3b09ad7f541064a8d922595854177a,!!!,3045,"[3040, ""Башкортостан"", null, null, ""село Воскресенское"", 1686, ...]","The raw 2010 locality list places this row in a block with Мелеузовский 2002/2021 peers: Терекла, Верхнеюлдашево, Исламгулово, Малошарипово, Нурдавлетово, Сабашево, Юмаково, etc. These exact adjacent names have native 2002 and 2021 county evidence in Мелеузовский район.",Воскресенское (Мелеузовский район),2732790,155157245,research_rebuild/evidence/over1000_bash_amur_20261009/version2/live_candidate_article_pages.json.gz,5bbf7eb822f967d47a242549cab320a39fe9de789632da8620adc931e5f351c6,"Article identifies Meleuzovsky district and supplies own locality ID 80241822001, exact current native OKATO match.","53°07′25″N, 56°08′31″E (53.12361111,56.14194444)",2010 source group county crosswalk supported by adjacent name matches; exact article/native ID anchor. No population equality or boundary equivalence asserted.
2002:041_4b428edd23_Bashkiria_new.xls:Sheet1:5303,2002,"Санатория ""Янгантау""",посёлок,1086,direct_published_census_value,/workspace/settlements-raw/data/raw/2002/041_4b428edd23_Bashkiria_new.xls,5e4cd874bbc5ad5c1c7bb996011052a076d9b0813a1f00b12df6ff8b5779f51a,Sheet1,5303,"[5303, ""посёлок Санатория \""Янгантау\"""", 1086, ...]","Raw source row explicitly carries Salavat district; article says the 2007 legal naming applied to “село санатория Янгантау”, preserving the same named sanatorium-locality. 2010 row and 2021 carrier are in Salavat district.",Янгантау (село),2733278,155155400,research_rebuild/evidence/over1000_bash_amur_20261009/version3/targeted_yangantau_article.json.gz,c7f7806680035cb453ab73ada220dfecba5baf7f900004d031e0c5ca7c4452aa,"Own article identifies Янгантау as a village in Salavat district, names former “село санатория Янгантау”, and says 10 Sep 2007 assigned the name Янгантау; digital ID 80247875001 exactly matches 2021 native OKATO.","55°18′00″N, 58°07′51.5″E (55.30000000,58.13097222)",Existing 2010/2021 component and accepted point are retained; article point approx 0.5 km from current native point; exact code match.
2010:017_68e0e4537e_9._20Basq_Mari_Mord_Tatar_Udm_Chuv_2010.xls:!!!:3437,2010,Янгантау,село,1018,secondary_confidentiality_protected_value_exact_scope_unverified,/workspace/settlements-raw/data/raw/2010/017_68e0e4537e_9._20Basq_Mari_Mord_Tatar_Udm_Chuv_2010.xls,0ad9f5527c60819aa6e298bc78c5a19e7d3b09ad7f541064a8d922595854177a,!!!,3437,"[3432, ""Башкортостан"", null, null, ""село Янгантау"", 1018, ""тат"", ...]","2010 source order places row in same Salavat rural group as Терменево, Турналы, Ильтаево, Комсомол, Мусатово, Урдалы, Чулпан, etc.; 2002 and 2021 native rows confirm these neighboring settlement names belong to Салаватский район. This row and 2021 carrier already share accepted baseline root.",Янгантау (село),2733278,155155400,research_rebuild/evidence/over1000_bash_amur_20261009/version3/targeted_yangantau_article.json.gz,c7f7806680035cb453ab73ada220dfecba5baf7f900004d031e0c5ca7c4452aa,Own article identifies Salavat district and the official 2007 name assignment; digital ID 80247875001 exactly matches current native OKATO.,"55°18′00″N, 58°07′51.5″E (55.30000000,58.13097222)",Current point retained; article coordinate corroborates existing point.
2002:081_6a22d6b5c5_Amur.xls:Sheet1:103,2002,Малиновка,село,1141,direct_published_census_value,/workspace/settlements-raw/data/raw/2002/081_6a22d6b5c5_Amur.xls,b89b1fdaaf5b9d08547d90d7208354ed3ba78791bb03d05140984f2fa26af145,Sheet1,103,"[290, ""село Малиновка"", 1141, ""русские"", 98]",Native source locality group includes Uсть-Кивда and Алексеевка; 2021 native rows for these peers are explicitly in Бурейский муниципальный округ. The separate 2002 Малиновка 214 is in a different source group with other localities; 2021 shows distinct Шимановский Малиновка (221).,Малиновка (Бурейский район),3733090,147581045,research_rebuild/evidence/over1000_bash_amur_20261009/version3/targeted_malinovka_article.json.gz,b70ee1c86cd0430f48324ec699b759f1e6d4b6d46d6bcfd8670bd22ef5226dff,"Own page identifies Bureysky district and Malinovskoye rural settlement; coordinates are own locality point. Article has code 102155573, not matching current native OKATO, so no provider identifier binding asserted.","49.78165100,129.84518050",2021 native carrier names Bureysky municipality; its native coordinate is ~0.5 km from article point.
2010:009_81f8a0e73c_17._20ДВ_ФО_2010.xls:ДВ:1255,2010,Малиновка,село,1021,secondary_confidentiality_protected_value_exact_scope_unverified,/workspace/settlements-raw/data/raw/2010/009_81f8a0e73c_17._20ДВ_ФО_2010.xls,a8fd7aa55513e73a205ebff1da2ce35fd8ca0f61c286e54491cf49c6132470c4,ДВ,1255,"[1250, ""Амурская область"", null, ""с. Малиновка"", 1021, ...]","2010 native row is in a sequence with Алексеевка, Асташиха, Виноградовка, Долдыкан, Усть-Кивда, Кивдо-Тюкан, Гомелевка; 2021 source records bind these flanks to Бурейский муниципальный округ. The separate 2010 Малиновка 164 lies in a different group and corresponds to the Shimanovsk namesake. No per-row county label or population-scope certainty is claimed.",Малиновка (Бурейский район),3733090,147581045,research_rebuild/evidence/over1000_bash_amur_20261009/version3/targeted_malinovka_article.json.gz,b70ee1c86cd0430f48324ec699b759f1e6d4b6d46d6bcfd8670bd22ef5226dff,"Own page identifies Bureysky district and Malinovskoye rural settlement; coordinates are own locality point. Article has code 102155573, not matching current native OKATO, so no provider identifier binding asserted.","49.78165100,129.84518050",2021 native carrier names Bureysky municipality; its native coordinate is ~0.5 km from article point.
2002:041_4b428edd23_Bashkiria_new.xls:Sheet1:848,2002,Иткулово 1-е,село,1071,direct_published_census_value,/workspace/settlements-raw/data/raw/2002/041_4b428edd23_Bashkiria_new.xls,5e4cd874bbc5ad5c1c7bb996011052a076d9b0813a1f00b12df6ff8b5779f51a,Sheet1,848,"[848, ""село Иткулово 1-е"", 1071, ""башкиры"", 100]","The original worksheet explicitly groups this row under “Иткуловский 1-й сельсовет”; a separate header “Иткуловский 2-й сельсовет” follows, containing Иткулово 2-е 1012. Parent district is Баймакский район.",1-е Иткулово,2729619,155156728,research_rebuild/evidence/over1000_bash_amur_20261009/version3/targeted_itkulovo_article.json.gz,e483b7c29928e9842fb8fcbead26daf27956ff3c7b99276cf49aca7671320874,Own article identifies 1-е Иткулово in Баймакский район and supplies digital ID 80206816001; current native OKATO is exactly 80206816001.,"52.63111111,57.95833333",Exact current article/native OKATO match; article point about 0.93 km from current native point.
2010:017_68e0e4537e_9._20Basq_Mari_Mord_Tatar_Udm_Chuv_2010.xls:!!!:505,2010,1-е Иткулово,село,925,secondary_confidentiality_protected_value_exact_scope_unverified,/workspace/settlements-raw/data/raw/2010/017_68e0e4537e_9._20Basq_Mari_Mord_Tatar_Udm_Chuv_2010.xls,0ad9f5527c60819aa6e298bc78c5a19e7d3b09ad7f541064a8d922595854177a,!!!,505,"[500, ""Башкортостан"", null, null, ""село 1-е Иткулово"", 925, ...]","Original 2010 row falls in the same source sequence as Ургаза, Комсомол, Культабан, Октябрь, Покровка, Сосновка, Урал and then Гадельбаево/Шулька; this mirrors the 2002 Iткуловский 1st-selsovet source grouping. Current article and native row bind Baymak 1st locality; the 2nd Itkulovo remains distinct.",1-е Иткулово,2729619,155156728,research_rebuild/evidence/over1000_bash_amur_20261009/version3/targeted_itkulovo_article.json.gz,e483b7c29928e9842fb8fcbead26daf27956ff3c7b99276cf49aca7671320874,Own article identifies 1-е Иткулово in Баймакский район and supplies digital ID 80206816001; current native OKATO is exactly 80206816001.,"52.63111111,57.95833333",Exact current article/native OKATO match; article point about 0.93 km from current native point.
2002:041_4b428edd23_Bashkiria_new.xls:Sheet1:838,2002,Центральной Усадьбы Зилаирского совхоза,посёлок,2902,direct_published_census_value,/workspace/settlements-raw/data/raw/2002/041_4b428edd23_Bashkiria_new.xls,5e4cd874bbc5ad5c1c7bb996011052a076d9b0813a1f00b12df6ff8b5779f51a,Sheet1,838,"[838.0, ""            посёлок Центральной Усадьбы Зилаирского совхоза"", ""2902"", ""башкиры"", 69.0]",Raw 2002 source row explicitly identifies Баймакский район; own article lists historical name/status. 2010 and 2021 members of same accepted component.,Ургаза,2729611,153846729,research_rebuild/evidence/over1000_bash_amur_20261009/version3/targeted_bash_holds_article_pages.json.gz,72c3186dd13a4f65e613ccf71a2b12fded1545c607e9e3bb6185c91e6f389e2d,Own locality page Ургаза identifies Башкортостан and this locality's current/historical identity.,"52.34056,58.62167 decimal, own infobox point","Own article point is 0.482 km from current native carrier; corroboration only, no historical coordinate claim."
2010:017_68e0e4537e_9._20Basq_Mari_Mord_Tatar_Udm_Chuv_2010.xls:!!!:498,2010,Ургаза,село,2257,secondary_confidentiality_protected_value_exact_scope_unverified,/workspace/settlements-raw/data/raw/2010/017_68e0e4537e_9._20Basq_Mari_Mord_Tatar_Udm_Chuv_2010.xls,0ad9f5527c60819aa6e298bc78c5a19e7d3b09ad7f541064a8d922595854177a,!!!,498,"[493.0, ""Башкортостан"", ""село Ургаза"", 2257.0, 551.0, 537.0, 71.0, 47.0, 2.0824102791315906, 34.0, 13.0, 58.0, 1585.0, 71.90961453256534, 1623.0, 42.0, 8.0, 0.2658396101019052, 6.0, 5.0, 9.0, 4.0, 44.44444444444444, 4.0, 9.0, 10.0, 18.0, 12.0, 15.0, 6.0, 3.0, 2191.0, 3.0, 3.0, 4.0, 30.0, 4.0]",Actual 2010 source row already belongs to the accepted multi-year component ending at current 2021 row; workbook does not supply district field.,Ургаза,2729611,153846729,research_rebuild/evidence/over1000_bash_amur_20261009/version3/targeted_bash_holds_article_pages.json.gz,72c3186dd13a4f65e613ccf71a2b12fded1545c607e9e3bb6185c91e6f389e2d,Own locality page Ургаза identifies Башкортостан and this locality's current/historical identity.,"52.34056,58.62167 decimal, own infobox point","Own article point is 0.482 km from current native carrier; corroboration only, no historical coordinate claim."
2021:data_allsettlements_anon_156_v20251217.parquet:parquet:144624,2021,Ургаза,село,1805,direct_published_census_value,research_rebuild/evidence/main_axis_residual_application68_20261008/applied_state_observations.parquet,8cde620020634cf5ac9cfff145cc88c4d7365474cff56194b8a7137a43f6e0b9,parquet,144624,"{""native_population"": 1805.0, ""quality"": ""direct_published_census_value"", ""district_raw"": ""Баймакский муниципальный район"", ""oktmo"": ""80606413101"", ""okato"": ""80206813001"", ""latitude"": 52.3445724, ""longitude"": 58.6189912}",Native current row district=Баймакский муниципальный район; OKATO=80206813001; own page independently corroborates.,Ургаза,2729611,153846729,research_rebuild/evidence/over1000_bash_amur_20261009/version3/targeted_bash_holds_article_pages.json.gz,72c3186dd13a4f65e613ccf71a2b12fded1545c607e9e3bb6185c91e6f389e2d,Own locality page Ургаза identifies Башкортостан and this locality's current/historical identity.,"52.34056,58.62167 decimal, own infobox point","Own article point is 0.482 km from current native carrier; corroboration only, no historical coordinate claim."
2002:041_4b428edd23_Bashkiria_new.xls:Sheet1:203,2002,Центральной Усадьбы Янгильского совхоза,посёлок,1235,direct_published_census_value,/workspace/settlements-raw/data/raw/2002/041_4b428edd23_Bashkiria_new.xls,5e4cd874bbc5ad5c1c7bb996011052a076d9b0813a1f00b12df6ff8b5779f51a,Sheet1,203,"[203.0, ""            посёлок Центральной Усадьбы Янгильского совхоза"", ""1235"", ""башкиры"", 75.0]",Raw 2002 source row explicitly identifies Абзелиловский район; own article lists historical name/status. 2010 and 2021 members of same accepted component.,Янгельское,2729080,155156005,research_rebuild/evidence/over1000_bash_amur_20261009/version3/targeted_yangelskoe_article.json.gz,ec10997255f13cd6acdfdb238837d6cbe729ff3df5ac0fd873db6d05fe00ee2c,Own locality page Янгельское identifies Башкортостан and this locality's current/historical identity.,"53.25611,58.79917 decimal, own infobox point","Own article point is 0.402 km from current native carrier; corroboration only, no historical coordinate claim."
2010:017_68e0e4537e_9._20Basq_Mari_Mord_Tatar_Udm_Chuv_2010.xls:!!!:92,2010,Янгельское,село,1331,secondary_confidentiality_protected_value_exact_scope_unverified,/workspace/settlements-raw/data/raw/2010/017_68e0e4537e_9._20Basq_Mari_Mord_Tatar_Udm_Chuv_2010.xls,0ad9f5527c60819aa6e298bc78c5a19e7d3b09ad7f541064a8d922595854177a,!!!,92,"[87.0, ""Башкортостан"", ""село Янгельское"", 1331.0, 255.0, 218.0, 13.0, 13.0, 0.9767092411720512, 7.0, 6.0, 14.0, 1069.0, 79.93989481592787, 1064.0, 6.0, 3.0, 0.0, 3.0, 1329.0, 6.0, 6.0, 3.0, 8.0]",Actual 2010 source row already belongs to the accepted multi-year component ending at current 2021 row; workbook does not supply district field.,Янгельское,2729080,155156005,research_rebuild/evidence/over1000_bash_amur_20261009/version3/targeted_yangelskoe_article.json.gz,ec10997255f13cd6acdfdb238837d6cbe729ff3df5ac0fd873db6d05fe00ee2c,Own locality page Янгельское identifies Башкортостан and this locality's current/historical identity.,"53.25611,58.79917 decimal, own infobox point","Own article point is 0.402 km from current native carrier; corroboration only, no historical coordinate claim."
2021:data_allsettlements_anon_156_v20251217.parquet:parquet:144137,2021,Янгельское,село,1345,direct_published_census_value,research_rebuild/evidence/main_axis_residual_application68_20261008/applied_state_observations.parquet,8cde620020634cf5ac9cfff145cc88c4d7365474cff56194b8a7137a43f6e0b9,parquet,144137,"{""native_population"": 1345.0, ""quality"": ""direct_published_census_value"", ""district_raw"": ""Абзелиловский муниципальный район"", ""oktmo"": ""80601446101"", ""okato"": ""80201846001"", ""latitude"": 53.2553514, ""longitude"": 58.7932595}",Native current row district=Абзелиловский муниципальный район; OKATO=80201846001; own page independently corroborates.,Янгельское,2729080,155156005,research_rebuild/evidence/over1000_bash_amur_20261009/version3/targeted_yangelskoe_article.json.gz,ec10997255f13cd6acdfdb238837d6cbe729ff3df5ac0fd873db6d05fe00ee2c,Own locality page Янгельское identifies Башкортостан and this locality's current/historical identity.,"53.25611,58.79917 decimal, own infobox point","Own article point is 0.402 km from current native carrier; corroboration only, no historical coordinate claim."
2002:041_4b428edd23_Bashkiria_new.xls:Sheet1:874,2002,Туркменево 1-е,деревня,1190,direct_published_census_value,/workspace/settlements-raw/data/raw/2002/041_4b428edd23_Bashkiria_new.xls,5e4cd874bbc5ad5c1c7bb996011052a076d9b0813a1f00b12df6ff8b5779f51a,Sheet1,874,"[874.0, ""            деревня Туркменево 1-е"", ""1190"", ""башкиры"", 99.0]",Raw 2002 source row explicitly identifies Баймакский район; own article lists historical name/status. 2010 and 2021 members of same accepted component.,1-е Туркменево,1921648,155155389,research_rebuild/evidence/over1000_bash_amur_20261009/version3/targeted_bash_holds_article_pages.json.gz,72c3186dd13a4f65e613ccf71a2b12fded1545c607e9e3bb6185c91e6f389e2d,Own locality page 1-е Туркменево identifies Башкортостан and this locality's current/historical identity.,"52.8756,58.5174 decimal, own infobox point","Own article point is 0.196 km from current native carrier; corroboration only, no historical coordinate claim."
2010:017_68e0e4537e_9._20Basq_Mari_Mord_Tatar_Udm_Chuv_2010.xls:!!!:522,2010,1-е Туркменево,село,1042,secondary_confidentiality_protected_value_exact_scope_unverified,/workspace/settlements-raw/data/raw/2010/017_68e0e4537e_9._20Basq_Mari_Mord_Tatar_Udm_Chuv_2010.xls,0ad9f5527c60819aa6e298bc78c5a19e7d3b09ad7f541064a8d922595854177a,!!!,522,"[517.0, ""Башкортостан"", ""село 1-е Туркменево"", 1042.0, 3.0, 4.0, 3.0, 0.0, 0.0, 4.0, 1032.0, 97.60076775431862, 1017.0, 21.0, 18.0, 1002.0, 12.0, 4.0]",Actual 2010 source row already belongs to the accepted multi-year component ending at current 2021 row; workbook does not supply district field.,1-е Туркменево,1921648,155155389,research_rebuild/evidence/over1000_bash_amur_20261009/version3/targeted_bash_holds_article_pages.json.gz,72c3186dd13a4f65e613ccf71a2b12fded1545c607e9e3bb6185c91e6f389e2d,Own locality page 1-е Туркменево identifies Башкортостан and this locality's current/historical identity.,"52.8756,58.5174 decimal, own infobox point","Own article point is 0.196 km from current native carrier; corroboration only, no historical coordinate claim."
2021:data_allsettlements_anon_156_v20251217.parquet:parquet:144654,2021,1-е Туркменево,село,809,direct_published_census_value,research_rebuild/evidence/main_axis_residual_application68_20261008/applied_state_observations.parquet,8cde620020634cf5ac9cfff145cc88c4d7365474cff56194b8a7137a43f6e0b9,parquet,144654,"{""native_population"": 809.0, ""quality"": ""direct_published_census_value"", ""district_raw"": ""Баймакский муниципальный район"", ""oktmo"": ""80606434101"", ""okato"": ""80206834001"", ""latitude"": 52.8771926, ""longitude"": 58.516138}",Native current row district=Баймакский муниципальный район; OKATO=80206834001; own page independently corroborates.,1-е Туркменево,1921648,155155389,research_rebuild/evidence/over1000_bash_amur_20261009/version3/targeted_bash_holds_article_pages.json.gz,72c3186dd13a4f65e613ccf71a2b12fded1545c607e9e3bb6185c91e6f389e2d,Own locality page 1-е Туркменево identifies Башкортостан and this locality's current/historical identity.,"52.8756,58.5174 decimal, own infobox point","Own article point is 0.196 km from current native carrier; corroboration only, no historical coordinate claim."
2002:081_6a22d6b5c5_Amur.xls:Sheet1:154,2002,Николаевка,село,1092,direct_published_census_value,/workspace/settlements-raw/data/raw/2002/081_6a22d6b5c5_Amur.xls,b89b1fdaaf5b9d08547d90d7208354ed3ba78791bb03d05140984f2fa26af145,Sheet1,154,"[196.0, ""         село Николаевка"", ""1092"", ""русские"", 94.0]","The source list has the target Nikolaevka at a higher hierarchy indentation, followed by locality rows including Семеновка, Береговой, Хвойный, Юбилейный and others. In the current source, Береговой, Хвойный and Юбилейный are Zeysky localities. This is source-list geography, not an administrative code. Other 2002 Nikolaevka rows have distinct source-list flanks.",Николаевка (Зейский район),5465940,147646663,research_rebuild/evidence/over1000_bash_amur_20261009/version3/targeted_nikolaevka_zeysky_article.json.gz,a6b174d25dca4fc6247cdf9a7cda71b6bb5c8072faa9fe34115412c683cbd833,"Own article lead/infobox identifies Николаевка in Зейском районе, Амурская область.","53.577639,127.015694 decimal, own-locality infobox",Article point is 0.341 km from 2021 native point. Point corroborates current carrier; historical extension does not assert a census coordinate.
2010:009_81f8a0e73c_17._20ДВ_ФО_2010.xls:ДВ:1306,2010,Николаевка,село,315,secondary_confidentiality_protected_value_exact_scope_unverified,/workspace/settlements-raw/data/raw/2010/009_81f8a0e73c_17._20ДВ_ФО_2010.xls,a8fd7aa55513e73a205ebff1da2ce35fd8ca0f61c286e54491cf49c6132470c4,ДВ,1306,"[1301.0, ""Амурская область"", ""с. Николаевка"", 315.0, 310.0, 300.0, 10.0, 4.0]","The 2010 row is in the uninterrupted Amur locality sequence with Овсянка, Огорон, Октябрьский, Ясный and Поляковский; these independent 2021 counterparts are in Zeysky. The other 2010 Nikolaevka rows are separate Bureysky, Ivanovsky and Tambovsky contexts.",Николаевка (Зейский район),5465940,147646663,research_rebuild/evidence/over1000_bash_amur_20261009/version3/targeted_nikolaevka_zeysky_article.json.gz,a6b174d25dca4fc6247cdf9a7cda71b6bb5c8072faa9fe34115412c683cbd833,"Own article lead/infobox identifies Николаевка in Зейском районе, Амурская область.","53.577639,127.015694 decimal, own-locality infobox",Article point is 0.341 km from 2021 native point. Point corroborates current carrier; historical extension does not assert a census coordinate.
2021:data_allsettlements_anon_156_v20251217.parquet:parquet:60932,2021,Николаевка,село,10,direct_published_census_value,research_rebuild/evidence/main_axis_residual_application68_20261008/applied_state_observations.parquet,8cde620020634cf5ac9cfff145cc88c4d7365474cff56194b8a7137a43f6e0b9,parquet,60932,"{""native_population"": 10.0, ""quality"": ""direct_published_census_value"", ""district_raw"": ""Зейский муниципальный район"", ""oktmo"": ""10625432121"", ""okato"": ""10225832005"", ""latitude"": 53.5805852, ""longitude"": 127.0142759}",2021 native carrier has explicit district and coordinates. Article page identifies this exact locality and its county; code is not used as a historical match.,Николаевка (Зейский район),5465940,147646663,research_rebuild/evidence/over1000_bash_amur_20261009/version3/targeted_nikolaevka_zeysky_article.json.gz,a6b174d25dca4fc6247cdf9a7cda71b6bb5c8072faa9fe34115412c683cbd833,"Own article lead/infobox identifies Николаевка in Зейском районе, Амурская область.","53.577639,127.015694 decimal, own-locality infobox",Article point is 0.341 km from 2021 native point. Point corroborates current carrier; historical extension does not assert a census coordinate.
2002:081_6a22d6b5c5_Amur.xls:Sheet1:151,2002,Садовое,село,954,direct_published_census_value,/workspace/settlements-raw/data/raw/2002/081_6a22d6b5c5_Amur.xls,b89b1fdaaf5b9d08547d90d7208354ed3ba78791bb03d05140984f2fa26af145,Sheet1,151,"[152.0, ""            село Садовое"", ""954"", ""русские"", 94.0]","The 2002 target row is the Садовое entry at physical row 151 in the distinct source sequence with Савельевка, Егорьевка and Чигири; Chigiri is a present-day Blagoveshchensk-district locality adjacent to the city, and the exact article describes this Sadovoe as a satellite adjoining the city north edge. The other 2002 Sadovoe source rows (1061 and 162) occur in separate source-list contexts. No native district code is present in the workbook.",Садовое (городской округ город Благовещенск),5292068,149392567,research_rebuild/evidence/over1000_bash_amur_20261009/version3/targeted_sadovoe_article.json.gz,069c94a9504be1050306f34d3a56175a2014b6a227ef8404a669ab05f73d55a2,"Own article lead/infobox identifies Садовое in городском округе город Благовещенск, Амурская область.","50.352139,127.574778 decimal, own-locality infobox",Article point is 0.450 km from 2021 native point. Point corroborates current carrier; historical extension does not assert a census coordinate.
2010:009_81f8a0e73c_17._20ДВ_ФО_2010.xls:ДВ:1747,2010,Садовое,село,978,secondary_confidentiality_protected_value_exact_scope_unverified,/workspace/settlements-raw/data/raw/2010/009_81f8a0e73c_17._20ДВ_ФО_2010.xls,a8fd7aa55513e73a205ebff1da2ce35fd8ca0f61c286e54491cf49c6132470c4,ДВ,1747,"[1742.0, ""Амурская область"", ""с. Садовое"", 978.0, 934.0, 949.0, 5.0, 11.0, 3.0, 6.0, 0.6134969325153374, 6.0, 5.0, 4.0, 0.408997955010225, 4.0, 30.0]","The 2010 target row at source row 1747 occurs in the sequence containing Белогорье, Мухинка and Плодопитомник, whose current native rows are in the Blagoveshchensk city district. Competing 2010 Sadovoe rows are in Ivanovsky (129) and Tambovsky (961) source sequences; exact article page specifies the city district.",Садовое (городской округ город Благовещенск),5292068,149392567,research_rebuild/evidence/over1000_bash_amur_20261009/version3/targeted_sadovoe_article.json.gz,069c94a9504be1050306f34d3a56175a2014b6a227ef8404a669ab05f73d55a2,"Own article lead/infobox identifies Садовое in городском округе город Благовещенск, Амурская область.","50.352139,127.574778 decimal, own-locality infobox",Article point is 0.450 km from 2021 native point. Point corroborates current carrier; historical extension does not assert a census coordinate.
2021:data_allsettlements_anon_156_v20251217.parquet:parquet:61437,2021,Садовое,село,1018,direct_published_census_value,research_rebuild/evidence/main_axis_residual_application68_20261008/applied_state_observations.parquet,8cde620020634cf5ac9cfff145cc88c4d7365474cff56194b8a7137a43f6e0b9,parquet,61437,"{""native_population"": 1018.0, ""quality"": ""direct_published_census_value"", ""district_raw"": ""Городской округ г. Благовещенск"", ""oktmo"": ""10701000131"", ""okato"": ""10401000007"", ""latitude"": 50.3482607, ""longitude"": 127.572956}",2021 native carrier has explicit district and coordinates. Article page identifies this exact locality and its county; code is not used as a historical match.,Садовое (городской округ город Благовещенск),5292068,149392567,research_rebuild/evidence/over1000_bash_amur_20261009/version3/targeted_sadovoe_article.json.gz,069c94a9504be1050306f34d3a56175a2014b6a227ef8404a669ab05f73d55a2,"Own article lead/infobox identifies Садовое in городском округе город Благовещенск, Амурская область.","50.352139,127.574778 decimal, own-locality infobox",Article point is 0.450 km from 2021 native point. Point corroborates current carrier; historical extension does not assert a census coordinate.
2002:1_TOM_01_04.xls:0:5224,2002,Субханкулово,пгт,5663,direct_published_census_value,/workspace/settlements-raw/data/raw/2002_official_tom1/1_TOM_01_04.xls,745a24599719c877a8ddf015aadf22d3cb859444819a32f8197ae525d91483f3,0,5224,"[""      пгт Субханкулово"", 5663.0, 2611.0, 3052.0, 46.1, 53.9]",2002 official census volume row is explicitly пгт Субханкулово. The exact own page says it was founded as pgt in 1946 and converted to village in 2006; separate same-name row with type село and population 386 is not this object.,Субханкулово,710505,155152302,research_rebuild/evidence/over1000_bash_amur_20261009/version2/live_candidate_article_pages.json.gz,5bbf7eb822f967d47a242549cab320a39fe9de789632da8620adc931e5f351c6,Субханкулово own page in Башкортостан; status/name facts recorded in event ledger.,"54.5586111111,53.8147222222 decimal own locality infobox point",Article coordinate is nan km from current native point when current row; historical rows use extension only; no historical coordinate assertion.
2010:017_68e0e4537e_9._20Basq_Mari_Mord_Tatar_Udm_Chuv_2010.xls:!!!:3784,2010,Субханкулово,село,5597,secondary_confidentiality_protected_value_exact_scope_unverified,/workspace/settlements-raw/data/raw/2010/017_68e0e4537e_9._20Basq_Mari_Mord_Tatar_Udm_Chuv_2010.xls,0ad9f5527c60819aa6e298bc78c5a19e7d3b09ad7f541064a8d922595854177a,!!!,3784,"[3779.0, ""Башкортостан"", ""село Субханкулово"", 5597.0, ""тат"", 14.632839020904056, 4436.0, 1717.0, 2500.0, 907.0, 14.632839020904056, 819.0, 88.0, 2724.0, 1069.0, 2.9301411470430585, 164.0, 85.0, 74.0, 0.5002680007146686, 22.0, 6.0, 41.0, 0.08933357155619082, 5.0, 5.0, 5.0, 72.0, 12.0, 29.268292682926827, 12.0, 41.0, 7.0, 10.0, 20.0, 65.0, 21.0, 4.0, 5.0, 12.0, 3.0, 4.0, 10.0, 5.0, 5375.0, 22.0, 3.0, 6.0, 3.0, 4.0, 58.0, 3.0, 24.0, 19.0, 26.0, 5.0, 3.0, 6.0, 3.0, 8.0]",2010 native source row is the 2010 successor of the pgt lineage after the page-recorded 2006 status conversion; distinct 2002 village has the 2008 government-ordered rename to Старое Субханкулово.,Субханкулово,710505,155152302,research_rebuild/evidence/over1000_bash_amur_20261009/version2/live_candidate_article_pages.json.gz,5bbf7eb822f967d47a242549cab320a39fe9de789632da8620adc931e5f351c6,Субханкулово own page in Башкортостан; status/name facts recorded in event ledger.,"54.5586111111,53.8147222222 decimal own locality infobox point",Article coordinate is nan km from current native point when current row; historical rows use extension only; no historical coordinate assertion.
2021:data_allsettlements_anon_156_v20251217.parquet:parquet:148581,2021,Субханкулово,село,5595,direct_published_census_value,research_rebuild/evidence/main_axis_residual_application68_20261008/applied_state_observations.parquet,8cde620020634cf5ac9cfff145cc88c4d7365474cff56194b8a7137a43f6e0b9,parquet,148581,"{""population"": 5595.0, ""population_quality"": ""direct_published_census_value"", ""district_raw"": ""Туймазинский муниципальный район"", ""oktmo"": ""80651461101"", ""okato"": ""80251861001"", ""latitude"": 54.5562712, ""longitude"": 53.8083027}",2021 current carrier district Туймазинский municipal district; OKATO 80251861001 exactly matches own article digital ID.,Субханкулово,710505,155152302,research_rebuild/evidence/over1000_bash_amur_20261009/version2/live_candidate_article_pages.json.gz,5bbf7eb822f967d47a242549cab320a39fe9de789632da8620adc931e5f351c6,Субханкулово own page in Башкортостан; status/name facts recorded in event ledger.,"54.5586111111,53.8147222222 decimal own locality infobox point",Article coordinate is 0.489 km from current native point when current row; historical rows use extension only; no historical coordinate assertion.
2002:041_4b428edd23_Bashkiria_new.xls:Sheet1:5834,2002,Субханкулово,село,386,direct_published_census_value,/workspace/settlements-raw/data/raw/2002/041_4b428edd23_Bashkiria_new.xls,5e4cd874bbc5ad5c1c7bb996011052a076d9b0813a1f00b12df6ff8b5779f51a,Sheet1,5834,"[5834.0, ""            село Субханкулово"", ""386"", ""татары"", 54.0]",Separate 2002 source row explicitly has type село and district Туймазинский район. Government resolution No.60 later renamed this locality to Старое Субханкулово.,Старое Субханкулово,2733668,147551916,research_rebuild/evidence/over1000_bash_amur_20261009/version2/live_candidate_article_pages.json.gz,5bbf7eb822f967d47a242549cab320a39fe9de789632da8620adc931e5f351c6,Старое Субханкулово own page in Башкортостан; status/name facts recorded in event ledger.,"54.5622222222,53.8125 decimal own locality infobox point",Article coordinate is nan km from current native point when current row; historical rows use extension only; no historical coordinate assertion.
2010:017_68e0e4537e_9._20Basq_Mari_Mord_Tatar_Udm_Chuv_2010.xls:!!!:3788,2010,Старое Субханкулово,село,781,secondary_confidentiality_protected_value_exact_scope_unverified,/workspace/settlements-raw/data/raw/2010/017_68e0e4537e_9._20Basq_Mari_Mord_Tatar_Udm_Chuv_2010.xls,0ad9f5527c60819aa6e298bc78c5a19e7d3b09ad7f541064a8d922595854177a,!!!,3788,"[3783.0, ""Башкортостан"", ""село Старое Субханкулово"", 781.0, 644.0, 118.0, 434.0, 107.0, 12.676056338028168, 99.0, 8.0, 481.0, 178.0, 1.6645326504481435, 13.0, 15.0, 15.0, 1.1523687580025608, 5.0, 4.0, 13.0, 9.0, 0.8962868117797695, 7.0, 7.0, 4.0, 9.0, 3.0, 3.0, 757.0, 6.0, 5.0, 5.0, 4.0]",2010 row is named Старое Субханкулово; own page explicitly lists Субханкулово as its former name and reports the dated 2008 rename.,Старое Субханкулово,2733668,147551916,research_rebuild/evidence/over1000_bash_amur_20261009/version2/live_candidate_article_pages.json.gz,5bbf7eb822f967d47a242549cab320a39fe9de789632da8620adc931e5f351c6,Старое Субханкулово own page in Башкортостан; status/name facts recorded in event ledger.,"54.5622222222,53.8125 decimal own locality infobox point",Article coordinate is nan km from current native point when current row; historical rows use extension only; no historical coordinate assertion.
2021:data_allsettlements_anon_156_v20251217.parquet:parquet:148583,2021,Старое Субханкулово,село,711,direct_published_census_value,research_rebuild/evidence/main_axis_residual_application68_20261008/applied_state_observations.parquet,8cde620020634cf5ac9cfff145cc88c4d7365474cff56194b8a7137a43f6e0b9,parquet,148583,"{""population"": 711.0, ""population_quality"": ""direct_published_census_value"", ""district_raw"": ""Туймазинский муниципальный район"", ""oktmo"": ""80651461111"", ""okato"": ""80251861003"", ""latitude"": 54.5613608, ""longitude"": 53.8068061}","2021 native carrier district Туймазинский municipal district, OKATO 80251861003; distinct from current Subkhankulovo OKATO 80251861001.",Старое Субханкулово,2733668,147551916,research_rebuild/evidence/over1000_bash_amur_20261009/version2/live_candidate_article_pages.json.gz,5bbf7eb822f967d47a242549cab320a39fe9de789632da8620adc931e5f351c6,Старое Субханкулово own page in Башкортостан; status/name facts recorded in event ledger.,"54.5622222222,53.8125 decimal own locality infobox point",Article coordinate is 0.379 km from current native point when current row; historical rows use extension only; no historical coordinate assertion.
