group,census_year,observation_id,population,constituent_count,source_record_ids_json,population_derivation,roster_complete,population_series_scope,boundary_comparability,ordinary_same_place,point_role,representative_parent_source_record_id,latitude,longitude,point_provenance_json,candidate_only,no_fake_2021_child_population,exact_annexation_roster_claimed,decision_status,identity_axis,source_grain,legal_annexation_asserted,historical_constituent_own_point_asserted,historical_individual_point_asserted
published_closed_city_scope_Тюмень,2002,published_scope:published_closed_city_scope_Тюмень:2002,564180,28,"[""2002:1_TOM_01_04.xls:0:7718"", ""2002:1_TOM_01_04.xls:0:7723"", ""2002:058_a73d73c7dd_02c-Tyumen_obl_new.xls:Sheet1:10"", ""2002:058_a73d73c7dd_02c-Tyumen_obl_new.xls:Sheet1:11"", ""2002:058_a73d73c7dd_02c-Tyumen_obl_new.xls:Sheet1:12"", ""2002:058_a73d73c7dd_02c-Tyumen_obl_new.xls:Sheet1:15"", ""2002:058_a73d73c7dd_02c-Tyumen_obl_new.xls:Sheet1:16"", ""2002:058_a73d73c7dd_02c-Tyumen_obl_new.xls:Sheet1:17"", ""2002:058_a73d73c7dd_02c-Tyumen_obl_new.xls:Sheet1:18"", ""2002:058_a73d73c7dd_02c-Tyumen_obl_new.xls:Sheet1:19"", ""2002:058_a73d73c7dd_02c-Tyumen_obl_new.xls:Sheet1:20"", ""2002:058_a73d73c7dd_02c-Tyumen_obl_new.xls:Sheet1:22"", ""2002:058_a73d73c7dd_02c-Tyumen_obl_new.xls:Sheet1:23"", ""2002:058_a73d73c7dd_02c-Tyumen_obl_new.xls:Sheet1:24"", ""2002:058_a73d73c7dd_02c-Tyumen_obl_new.xls:Sheet1:27"", ""2002:058_a73d73c7dd_02c-Tyumen_obl_new.xls:Sheet1:28"", ""2002:058_a73d73c7dd_02c-Tyumen_obl_new.xls:Sheet1:29"", ""2002:058_a73d73c7dd_02c-Tyumen_obl_new.xls:Sheet1:31"", ""2002:058_a73d73c7dd_02c-Tyumen_obl_new.xls:Sheet1:32"", ""2002:058_a73d73c7dd_02c-Tyumen_obl_new.xls:Sheet1:33"", ""2002:058_a73d73c7dd_02c-Tyumen_obl_new.xls:Sheet1:35"", ""2002:058_a73d73c7dd_02c-Tyumen_obl_new.xls:Sheet1:36"", ""2002:058_a73d73c7dd_02c-Tyumen_obl_new.xls:Sheet1:38"", ""2002:058_a73d73c7dd_02c-Tyumen_obl_new.xls:Sheet1:5"", ""2002:058_a73d73c7dd_02c-Tyumen_obl_new.xls:Sheet1:6"", ""2002:058_a73d73c7dd_02c-Tyumen_obl_new.xls:Sheet1:7"", ""2002:058_a73d73c7dd_02c-Tyumen_obl_new.xls:Sheet1:8"", ""2002:058_a73d73c7dd_02c-Tyumen_obl_new.xls:Sheet1:9""]",sum_all_complete_published_city_scope_atomic_NP_leaves,True,complete published city-associated territory byyear; changed composition allowed; not constant modernboundary,UNKNOWN,False,representative_scope,2021:data_allsettlements_anon_156_v20251217.parquet:parquet:154798,57.15,65.533334,"{""target_source_record_id"": ""2021:data_allsettlements_anon_156_v20251217.parquet:parquet:154798"", ""latitude"": 57.15, ""longitude"": 65.533334, ""coordinate_admission_status"": ""reviewed_rule_accepted"", ""coordinate_source_record_id"": ""2021:data_allsettlements_anon_156_v20251217.parquet:parquet:154798"", ""source_sha256"": """", ""source_locator"": ""[\""[\\\""batch_0139.jsonl.gz:13908\\\""]\""]"", ""point_origin_file"": ""/workspace/settlements-raw/data/raw/wikidata_truthy_claims/batch_0139.jsonl.gz"", ""point_origin_sha256"": ""4eda3174ad7792f797be69edb4081f31674f9a68b00bbfae11e366a70be9e1c3"", ""point_origin_locator"": ""batch_0139.jsonl.gz:line=13908;entity=Q5815;claim=P625"", ""point_origin_kind"": ""wikidata_truthy_p625_raw_claim"", ""point_ledger_path"": ""/workspace/settlements-work/continuation_20261004/accepted_graph25_bounded_cases_20261005/accepted_point_uses.parquet""}",False,True,False,applied_complete_published_city_territorial_scope,published_complete_city_territory_scope,city_with_published_subordinates,False,False,False
published_closed_city_scope_Тюмень,2010,published_scope:published_closed_city_scope_Тюмень:2010,604807,20,"[""2010:pub-11-1-4.pdf:pdf_page_18:26"", ""2010:003_eb441570b1_11._20Урал_ФО_2010.xls:Урал:2494"", ""2010:003_eb441570b1_11._20Урал_ФО_2010.xls:Урал:2495"", ""2010:003_eb441570b1_11._20Урал_ФО_2010.xls:Урал:2496"", ""2010:003_eb441570b1_11._20Урал_ФО_2010.xls:Урал:2497"", ""2010:003_eb441570b1_11._20Урал_ФО_2010.xls:Урал:2498"", ""2010:003_eb441570b1_11._20Урал_ФО_2010.xls:Урал:2499"", ""2010:003_eb441570b1_11._20Урал_ФО_2010.xls:Урал:2500"", ""2010:003_eb441570b1_11._20Урал_ФО_2010.xls:Урал:2501"", ""2010:003_eb441570b1_11._20Урал_ФО_2010.xls:Урал:2502"", ""2010:003_eb441570b1_11._20Урал_ФО_2010.xls:Урал:2503"", ""2010:003_eb441570b1_11._20Урал_ФО_2010.xls:Урал:2504"", ""2010:003_eb441570b1_11._20Урал_ФО_2010.xls:Урал:2505"", ""2010:003_eb441570b1_11._20Урал_ФО_2010.xls:Урал:2506"", ""2010:003_eb441570b1_11._20Урал_ФО_2010.xls:Урал:2507"", ""2010:003_eb441570b1_11._20Урал_ФО_2010.xls:Урал:2508"", ""2010:003_eb441570b1_11._20Урал_ФО_2010.xls:Урал:2509"", ""2010:003_eb441570b1_11._20Урал_ФО_2010.xls:Урал:2510"", ""2010:003_eb441570b1_11._20Урал_ФО_2010.xls:Урал:2511"", ""2010:003_eb441570b1_11._20Урал_ФО_2010.xls:Урал:2512""]",sum_all_complete_published_city_scope_atomic_NP_leaves,True,complete published city-associated territory byyear; changed composition allowed; not constant modernboundary,UNKNOWN,False,representative_scope,2021:data_allsettlements_anon_156_v20251217.parquet:parquet:154798,57.15,65.533334,"{""target_source_record_id"": ""2021:data_allsettlements_anon_156_v20251217.parquet:parquet:154798"", ""latitude"": 57.15, ""longitude"": 65.533334, ""coordinate_admission_status"": ""reviewed_rule_accepted"", ""coordinate_source_record_id"": ""2021:data_allsettlements_anon_156_v20251217.parquet:parquet:154798"", ""source_sha256"": """", ""source_locator"": ""[\""[\\\""batch_0139.jsonl.gz:13908\\\""]\""]"", ""point_origin_file"": ""/workspace/settlements-raw/data/raw/wikidata_truthy_claims/batch_0139.jsonl.gz"", ""point_origin_sha256"": ""4eda3174ad7792f797be69edb4081f31674f9a68b00bbfae11e366a70be9e1c3"", ""point_origin_locator"": ""batch_0139.jsonl.gz:line=13908;entity=Q5815;claim=P625"", ""point_origin_kind"": ""wikidata_truthy_p625_raw_claim"", ""point_ledger_path"": ""/workspace/settlements-work/continuation_20261004/accepted_graph25_bounded_cases_20261005/accepted_point_uses.parquet""}",False,True,False,applied_complete_published_city_territorial_scope,published_complete_city_territory_scope,city_with_published_subordinates,False,False,False
published_closed_city_scope_Тюмень,2021,published_scope:published_closed_city_scope_Тюмень:2021,847488,1,"[""2021:data_allsettlements_anon_156_v20251217.parquet:parquet:154798""]",sum_all_complete_published_city_scope_atomic_NP_leaves,True,complete published city-associated territory byyear; changed composition allowed; not constant modernboundary,UNKNOWN,False,representative_scope,2021:data_allsettlements_anon_156_v20251217.parquet:parquet:154798,57.15,65.533334,"{""target_source_record_id"": ""2021:data_allsettlements_anon_156_v20251217.parquet:parquet:154798"", ""latitude"": 57.15, ""longitude"": 65.533334, ""coordinate_admission_status"": ""reviewed_rule_accepted"", ""coordinate_source_record_id"": ""2021:data_allsettlements_anon_156_v20251217.parquet:parquet:154798"", ""source_sha256"": """", ""source_locator"": ""[\""[\\\""batch_0139.jsonl.gz:13908\\\""]\""]"", ""point_origin_file"": ""/workspace/settlements-raw/data/raw/wikidata_truthy_claims/batch_0139.jsonl.gz"", ""point_origin_sha256"": ""4eda3174ad7792f797be69edb4081f31674f9a68b00bbfae11e366a70be9e1c3"", ""point_origin_locator"": ""batch_0139.jsonl.gz:line=13908;entity=Q5815;claim=P625"", ""point_origin_kind"": ""wikidata_truthy_p625_raw_claim"", ""point_ledger_path"": ""/workspace/settlements-work/continuation_20261004/accepted_graph25_bounded_cases_20261005/accepted_point_uses.parquet""}",False,True,False,applied_complete_published_city_territorial_scope,published_complete_city_territory_scope,city_with_published_subordinates,False,False,False
published_closed_city_scope_Волжский,2002,published_scope:published_closed_city_scope_Волжский:2002,324224,2,"[""2002:1_TOM_01_04.xls:0:4794"", ""2002:1_TOM_01_04.xls:0:4795""]",sum_all_complete_published_city_scope_atomic_NP_leaves,True,complete published city-associated territory byyear; changed composition allowed; not constant modernboundary,UNKNOWN,False,representative_scope,2021:data_allsettlements_anon_156_v20251217.parquet:parquet:5781,48.783333,44.766667,"{""target_source_record_id"": ""2021:data_allsettlements_anon_156_v20251217.parquet:parquet:5781"", ""latitude"": 48.783333, ""longitude"": 44.766667, ""coordinate_admission_status"": ""reviewed_rule_accepted"", ""coordinate_source_record_id"": ""2021:data_allsettlements_anon_156_v20251217.parquet:parquet:5781"", ""source_sha256"": """", ""source_locator"": ""[\""[\\\""batch_0140.jsonl.gz:10169\\\""]\""]"", ""point_origin_file"": ""/workspace/settlements-raw/data/raw/wikidata_truthy_claims/batch_0140.jsonl.gz"", ""point_origin_sha256"": ""b30d775ee3c44b36949efb8299b9be996ea3cc395dbc782cc5128a7382439886"", ""point_origin_locator"": ""batch_0140.jsonl.gz:line=10169;entity=Q98995;claim=P625"", ""point_origin_kind"": ""wikidata_truthy_p625_raw_claim"", ""point_ledger_path"": ""/workspace/settlements-work/continuation_20261004/accepted_graph25_bounded_cases_20261005/accepted_point_uses.parquet""}",False,True,False,applied_complete_published_city_territorial_scope,published_complete_city_territory_scope,city_with_published_subordinates,False,False,False
published_closed_city_scope_Волжский,2010,published_scope:published_closed_city_scope_Волжский:2010,327089,2,"[""2010:pub-11-1-4.pdf:pdf_page_4:7"", ""ROSSTAT2010:T5:p83:l45""]",sum_all_complete_published_city_scope_atomic_NP_leaves,True,complete published city-associated territory byyear; changed composition allowed; not constant modernboundary,UNKNOWN,False,representative_scope,2021:data_allsettlements_anon_156_v20251217.parquet:parquet:5781,48.783333,44.766667,"{""target_source_record_id"": ""2021:data_allsettlements_anon_156_v20251217.parquet:parquet:5781"", ""latitude"": 48.783333, ""longitude"": 44.766667, ""coordinate_admission_status"": ""reviewed_rule_accepted"", ""coordinate_source_record_id"": ""2021:data_allsettlements_anon_156_v20251217.parquet:parquet:5781"", ""source_sha256"": """", ""source_locator"": ""[\""[\\\""batch_0140.jsonl.gz:10169\\\""]\""]"", ""point_origin_file"": ""/workspace/settlements-raw/data/raw/wikidata_truthy_claims/batch_0140.jsonl.gz"", ""point_origin_sha256"": ""b30d775ee3c44b36949efb8299b9be996ea3cc395dbc782cc5128a7382439886"", ""point_origin_locator"": ""batch_0140.jsonl.gz:line=10169;entity=Q98995;claim=P625"", ""point_origin_kind"": ""wikidata_truthy_p625_raw_claim"", ""point_ledger_path"": ""/workspace/settlements-work/continuation_20261004/accepted_graph25_bounded_cases_20261005/accepted_point_uses.parquet""}",False,True,False,applied_complete_published_city_territorial_scope,published_complete_city_territory_scope,city_with_published_subordinates,False,False,False
published_closed_city_scope_Волжский,2021,published_scope:published_closed_city_scope_Волжский:2021,321479,1,"[""2021:data_allsettlements_anon_156_v20251217.parquet:parquet:5781""]",sum_all_complete_published_city_scope_atomic_NP_leaves,True,complete published city-associated territory byyear; changed composition allowed; not constant modernboundary,UNKNOWN,False,representative_scope,2021:data_allsettlements_anon_156_v20251217.parquet:parquet:5781,48.783333,44.766667,"{""target_source_record_id"": ""2021:data_allsettlements_anon_156_v20251217.parquet:parquet:5781"", ""latitude"": 48.783333, ""longitude"": 44.766667, ""coordinate_admission_status"": ""reviewed_rule_accepted"", ""coordinate_source_record_id"": ""2021:data_allsettlements_anon_156_v20251217.parquet:parquet:5781"", ""source_sha256"": """", ""source_locator"": ""[\""[\\\""batch_0140.jsonl.gz:10169\\\""]\""]"", ""point_origin_file"": ""/workspace/settlements-raw/data/raw/wikidata_truthy_claims/batch_0140.jsonl.gz"", ""point_origin_sha256"": ""b30d775ee3c44b36949efb8299b9be996ea3cc395dbc782cc5128a7382439886"", ""point_origin_locator"": ""batch_0140.jsonl.gz:line=10169;entity=Q98995;claim=P625"", ""point_origin_kind"": ""wikidata_truthy_p625_raw_claim"", ""point_ledger_path"": ""/workspace/settlements-work/continuation_20261004/accepted_graph25_bounded_cases_20261005/accepted_point_uses.parquet""}",False,True,False,applied_complete_published_city_territorial_scope,published_complete_city_territory_scope,city_with_published_subordinates,False,False,False
published_closed_city_scope_Новоалтайск,2002,published_scope:published_closed_city_scope_Новоалтайск:2002,73544,4,"[""2002:1_TOM_01_04.xls:0:8448"", ""2002:1_TOM_01_04.xls:0:8449"", ""2002:1_TOM_01_04.xls:0:8450"", ""2002:066_76aa869929_Altai_krai1.xls:Sheet1:45""]",sum_all_complete_published_city_scope_atomic_NP_leaves,True,complete published city-associated territory byyear; changed composition allowed; not constant modernboundary,UNKNOWN,False,representative_scope,2021:data_allsettlements_anon_156_v20251217.parquet:parquet:41143,52.4255,81.9548,"{""target_source_record_id"": ""2021:data_allsettlements_anon_156_v20251217.parquet:parquet:41143"", ""latitude"": 52.4255, ""longitude"": 81.9548, ""coordinate_admission_status"": ""reviewed_extension_rule_accepted"", ""coordinate_source_record_id"": """", ""source_sha256"": """", ""source_locator"": """", ""point_origin_file"": ""/workspace/settlements-raw/data/raw/historical_geography/geokladr_okato_2011/okato.dbf"", ""point_origin_sha256"": ""d1c8b983f2489724a940bd2a64dedda73b602f6c491d5c09391deaf362fe2650"", ""point_origin_locator"": ""DBF_record_1based=1608;DBF_byte_offset_0based=635470;OKATO2011_raw=01413000000"", ""point_origin_kind"": ""raw_named_typed_geo2011_object"", ""point_ledger_path"": ""/workspace/settlements-work/continuation_20261004/accepted_graph25_bounded_cases_20261005/accepted_point_uses.parquet""}",False,True,False,applied_complete_published_city_territorial_scope,published_complete_city_territory_scope,city_with_published_subordinates,False,False,False
published_closed_city_scope_Новоалтайск,2010,published_scope:published_closed_city_scope_Новоалтайск:2010,70437,1,"[""2010:pub-11-1-4.pdf:pdf_page_12:40""]",sum_all_complete_published_city_scope_atomic_NP_leaves,True,complete published city-associated territory byyear; changed composition allowed; not constant modernboundary,UNKNOWN,False,representative_scope,2021:data_allsettlements_anon_156_v20251217.parquet:parquet:41143,52.4255,81.9548,"{""target_source_record_id"": ""2021:data_allsettlements_anon_156_v20251217.parquet:parquet:41143"", ""latitude"": 52.4255, ""longitude"": 81.9548, ""coordinate_admission_status"": ""reviewed_extension_rule_accepted"", ""coordinate_source_record_id"": """", ""source_sha256"": """", ""source_locator"": """", ""point_origin_file"": ""/workspace/settlements-raw/data/raw/historical_geography/geokladr_okato_2011/okato.dbf"", ""point_origin_sha256"": ""d1c8b983f2489724a940bd2a64dedda73b602f6c491d5c09391deaf362fe2650"", ""point_origin_locator"": ""DBF_record_1based=1608;DBF_byte_offset_0based=635470;OKATO2011_raw=01413000000"", ""point_origin_kind"": ""raw_named_typed_geo2011_object"", ""point_ledger_path"": ""/workspace/settlements-work/continuation_20261004/accepted_graph25_bounded_cases_20261005/accepted_point_uses.parquet""}",False,True,False,applied_complete_published_city_territorial_scope,published_complete_city_territory_scope,city_with_published_subordinates,False,False,False
published_closed_city_scope_Новоалтайск,2021,published_scope:published_closed_city_scope_Новоалтайск:2021,73049,1,"[""2021:data_allsettlements_anon_156_v20251217.parquet:parquet:41143""]",sum_all_complete_published_city_scope_atomic_NP_leaves,True,complete published city-associated territory byyear; changed composition allowed; not constant modernboundary,UNKNOWN,False,representative_scope,2021:data_allsettlements_anon_156_v20251217.parquet:parquet:41143,52.4255,81.9548,"{""target_source_record_id"": ""2021:data_allsettlements_anon_156_v20251217.parquet:parquet:41143"", ""latitude"": 52.4255, ""longitude"": 81.9548, ""coordinate_admission_status"": ""reviewed_extension_rule_accepted"", ""coordinate_source_record_id"": """", ""source_sha256"": """", ""source_locator"": """", ""point_origin_file"": ""/workspace/settlements-raw/data/raw/historical_geography/geokladr_okato_2011/okato.dbf"", ""point_origin_sha256"": ""d1c8b983f2489724a940bd2a64dedda73b602f6c491d5c09391deaf362fe2650"", ""point_origin_locator"": ""DBF_record_1based=1608;DBF_byte_offset_0based=635470;OKATO2011_raw=01413000000"", ""point_origin_kind"": ""raw_named_typed_geo2011_object"", ""point_ledger_path"": ""/workspace/settlements-work/continuation_20261004/accepted_graph25_bounded_cases_20261005/accepted_point_uses.parquet""}",False,True,False,applied_complete_published_city_territorial_scope,published_complete_city_territory_scope,city_with_published_subordinates,False,False,False
published_closed_city_scope_Самара,2002,published_scope:published_closed_city_scope_Самара:2002,1176428,8,"[""2002:1_TOM_01_04.xls:0:6870"", ""2002:1_TOM_01_04.xls:0:6881"", ""2002:1_TOM_01_04.xls:0:6882"", ""2002:053_f7f2b62d26_Samarskaja_new.xls:Sheet1:4"", ""2002:053_f7f2b62d26_Samarskaja_new.xls:Sheet1:5"", ""2002:053_f7f2b62d26_Samarskaja_new.xls:Sheet1:6"", ""2002:053_f7f2b62d26_Samarskaja_new.xls:Sheet1:7"", ""2002:053_f7f2b62d26_Samarskaja_new.xls:Sheet1:8""]",sum_all_complete_published_city_scope_atomic_NP_leaves,True,complete published city-associated territory byyear; changed composition allowed; not constant modernboundary,UNKNOWN,False,representative_scope,2021:data_allsettlements_anon_156_v20251217.parquet:parquet:116185,53.1951774,50.1069625,"{""target_source_record_id"": ""2021:data_allsettlements_anon_156_v20251217.parquet:parquet:116185"", ""latitude"": 53.1951774, ""longitude"": 50.1069625, ""coordinate_admission_status"": ""frozen_r5b_reviewed_baseline_preserved"", ""coordinate_source_record_id"": ""2021:data_allsettlements_anon_156_v20251217.parquet:parquet:116185"", ""source_sha256"": """", ""source_locator"": ""https://www.openstreetmap.org/relation/3368701"", ""point_origin_file"": ""/workspace/settlements-work/continuation_20261004/accepted_graph25_bounded_cases_20261005/accepted_point_uses.parquet"", ""point_origin_sha256"": ""cc2a7cf67d7c25eec2de7f962c49478dd275646138f1303ae3410bf2a6922d23"", ""point_origin_locator"": ""target_source_record_id=2021:data_allsettlements_anon_156_v20251217.parquet:parquet:116185"", ""point_origin_kind"": ""frozen_admitted_representative_point_assertion_not_original_measurement"", ""point_ledger_path"": ""/workspace/settlements-work/continuation_20261004/accepted_graph25_bounded_cases_20261005/accepted_point_uses.parquet""}",False,True,False,applied_complete_published_city_territorial_scope,published_complete_city_territory_scope,city_with_published_subordinates,False,False,False
published_closed_city_scope_Самара,2010,published_scope:published_closed_city_scope_Самара:2010,1164812,3,"[""2010:pub-11-1-4.pdf:pdf_page_15:38"", ""2010:016_802d308e41_8._20Or_Penz_Perm_Samar_Saratov_Uly_2010.xls:!!!:1319"", ""2010:016_802d308e41_8._20Or_Penz_Perm_Samar_Saratov_Uly_2010.xls:!!!:1320""]",sum_all_complete_published_city_scope_atomic_NP_leaves,True,complete published city-associated territory byyear; changed composition allowed; not constant modernboundary,UNKNOWN,False,representative_scope,2021:data_allsettlements_anon_156_v20251217.parquet:parquet:116185,53.1951774,50.1069625,"{""target_source_record_id"": ""2021:data_allsettlements_anon_156_v20251217.parquet:parquet:116185"", ""latitude"": 53.1951774, ""longitude"": 50.1069625, ""coordinate_admission_status"": ""frozen_r5b_reviewed_baseline_preserved"", ""coordinate_source_record_id"": ""2021:data_allsettlements_anon_156_v20251217.parquet:parquet:116185"", ""source_sha256"": """", ""source_locator"": ""https://www.openstreetmap.org/relation/3368701"", ""point_origin_file"": ""/workspace/settlements-work/continuation_20261004/accepted_graph25_bounded_cases_20261005/accepted_point_uses.parquet"", ""point_origin_sha256"": ""cc2a7cf67d7c25eec2de7f962c49478dd275646138f1303ae3410bf2a6922d23"", ""point_origin_locator"": ""target_source_record_id=2021:data_allsettlements_anon_156_v20251217.parquet:parquet:116185"", ""point_origin_kind"": ""frozen_admitted_representative_point_assertion_not_original_measurement"", ""point_ledger_path"": ""/workspace/settlements-work/continuation_20261004/accepted_graph25_bounded_cases_20261005/accepted_point_uses.parquet""}",False,True,False,applied_complete_published_city_territorial_scope,published_complete_city_territory_scope,city_with_published_subordinates,False,False,False
published_closed_city_scope_Самара,2021,published_scope:published_closed_city_scope_Самара:2021,1173393,3,"[""2021:data_allsettlements_anon_156_v20251217.parquet:parquet:116185"", ""2021:data_allsettlements_anon_156_v20251217.parquet:parquet:116186"", ""2021:data_allsettlements_anon_156_v20251217.parquet:parquet:116187""]",sum_all_complete_published_city_scope_atomic_NP_leaves,True,complete published city-associated territory byyear; changed composition allowed; not constant modernboundary,UNKNOWN,False,representative_scope,2021:data_allsettlements_anon_156_v20251217.parquet:parquet:116185,53.1951774,50.1069625,"{""target_source_record_id"": ""2021:data_allsettlements_anon_156_v20251217.parquet:parquet:116185"", ""latitude"": 53.1951774, ""longitude"": 50.1069625, ""coordinate_admission_status"": ""frozen_r5b_reviewed_baseline_preserved"", ""coordinate_source_record_id"": ""2021:data_allsettlements_anon_156_v20251217.parquet:parquet:116185"", ""source_sha256"": """", ""source_locator"": ""https://www.openstreetmap.org/relation/3368701"", ""point_origin_file"": ""/workspace/settlements-work/continuation_20261004/accepted_graph25_bounded_cases_20261005/accepted_point_uses.parquet"", ""point_origin_sha256"": ""cc2a7cf67d7c25eec2de7f962c49478dd275646138f1303ae3410bf2a6922d23"", ""point_origin_locator"": ""target_source_record_id=2021:data_allsettlements_anon_156_v20251217.parquet:parquet:116185"", ""point_origin_kind"": ""frozen_admitted_representative_point_assertion_not_original_measurement"", ""point_ledger_path"": ""/workspace/settlements-work/continuation_20261004/accepted_graph25_bounded_cases_20261005/accepted_point_uses.parquet""}",False,True,False,applied_complete_published_city_territorial_scope,published_complete_city_territory_scope,city_with_published_subordinates,False,False,False
