scope_id,from_source_record_id,to_source_record_id,relation,event_date,date_precision,event_source_file,event_source_sha256,event_source_locator,same_place,graph_union_allowed,whole_city_roster_closure_asserted,modern_boundary_reconstruction
over500_moscow_event_3744989,2002:010_3e630cc803_02c_Moskovskaya-oblast.xls:Sheet1:4802,2021:data_allsettlements_anon_156_v20251217.parquet:parquet:69083,included_in,2003-07-31,day,/workspace/russian-settlements-research/research_rebuild/evidence/over500_moscow_20261009/own_wikipedia_batch1.json.gz,94952592c8e2447dc9d368bb1edbca9ea920c4e85a98bfca7920f77cb48c7a6b,pageid=3744989;revision=153381198,False,False,False,False
over500_moscow_event_10484816,2002:010_3e630cc803_02c_Moskovskaya-oblast.xls:Sheet1:37,2021:data_allsettlements_anon_156_v20251217.parquet:parquet:65202,included_in,2003-06-10,day,/workspace/russian-settlements-research/research_rebuild/evidence/over500_moscow_20261009/own_wikipedia_batch1.json.gz,94952592c8e2447dc9d368bb1edbca9ea920c4e85a98bfca7920f77cb48c7a6b,pageid=10484816;revision=147793266,False,False,False,False
over500_moscow_event_8844922,2002:010_3e630cc803_02c_Moskovskaya-oblast.xls:Sheet1:100,2021:data_allsettlements_anon_156_v20251217.parquet:parquet:65277,included_in,2003,year,/workspace/russian-settlements-research/research_rebuild/evidence/over500_moscow_20261009/own_wikipedia_batch3.json.gz,74f3237af56c77902d75703ae1e3675967cd88239b60e7b0f8f6897f663d8756,pageid=8844922;revision=147820969,False,False,False,False
over500_moscow_event_5447670,2002:010_3e630cc803_02c_Moskovskaya-oblast.xls:Sheet1:3486,2021:data_allsettlements_anon_156_v20251217.parquet:parquet:68124,included_in,2015-09-09,day,/workspace/russian-settlements-research/research_rebuild/evidence/over500_moscow_20261009/own_wikipedia_batch1.json.gz,94952592c8e2447dc9d368bb1edbca9ea920c4e85a98bfca7920f77cb48c7a6b,pageid=5447670;revision=151030355,False,False,False,False
over500_moscow_event_5447670,2010:010_711691e352_2._20Kostrom_Kur_Lip_Moscow_MoscObl_Orlov_2010.xls:Data Sheet:11157,2021:data_allsettlements_anon_156_v20251217.parquet:parquet:68124,included_in,2015-09-09,day,/workspace/russian-settlements-research/research_rebuild/evidence/over500_moscow_20261009/own_wikipedia_batch1.json.gz,94952592c8e2447dc9d368bb1edbca9ea920c4e85a98bfca7920f77cb48c7a6b,pageid=5447670;revision=151030355,False,False,False,False
over500_moscow_event_7788340,2002:010_3e630cc803_02c_Moskovskaya-oblast.xls:Sheet1:3619,2010:010_711691e352_2._20Kostrom_Kur_Lip_Moscow_MoscObl_Orlov_2010.xls:Data Sheet:11383,included_in,2004-05-17,day,/workspace/russian-settlements-research/research_rebuild/evidence/over500_moscow_20261009/own_wikipedia_batch3.json.gz,74f3237af56c77902d75703ae1e3675967cd88239b60e7b0f8f6897f663d8756,pageid=7788340;revision=146811262,False,False,False,False
over500_moscow_event_11373849,2002:010_3e630cc803_02c_Moskovskaya-oblast.xls:Sheet1:5131,2021:data_allsettlements_anon_156_v20251217.parquet:parquet:69321,included_in,2003-11-13,day,/workspace/russian-settlements-research/research_rebuild/evidence/over500_moscow_20261009/own_wikipedia_batch3.json.gz,74f3237af56c77902d75703ae1e3675967cd88239b60e7b0f8f6897f663d8756,pageid=11373849;revision=152411538,False,False,False,False
over500_moscow_event_1285850,2002:010_3e630cc803_02c_Moskovskaya-oblast.xls:Sheet1:2882,2021:data_allsettlements_anon_156_v20251217.parquet:parquet:68202,merged_into,2011-03-22,day,/workspace/russian-settlements-research/research_rebuild/evidence/over500_moscow_20261009/own_wikipedia_batch3.json.gz,74f3237af56c77902d75703ae1e3675967cd88239b60e7b0f8f6897f663d8756,pageid=1285850;revision=147507072,False,False,False,False
over500_moscow_event_1285850,2010:010_711691e352_2._20Kostrom_Kur_Lip_Moscow_MoscObl_Orlov_2010.xls:Data Sheet:10682,2021:data_allsettlements_anon_156_v20251217.parquet:parquet:68202,merged_into,2011-03-22,day,/workspace/russian-settlements-research/research_rebuild/evidence/over500_moscow_20261009/own_wikipedia_batch3.json.gz,74f3237af56c77902d75703ae1e3675967cd88239b60e7b0f8f6897f663d8756,pageid=1285850;revision=147507072,False,False,False,False
