wikidata_id,current_source_record_id,name,current_population,proposal,rejected_targets_json,donor_source_record_id,donor_article_distance_km,maximum_rejected_article_distance_km,article_printed_code_positive,native_code_own_QID_positive,known_post2002_constituent_merger,qualified_native_full3_eligible_no_ordinary_assertion,secondary_missingyear_sourceproof_not_yet_selected,boundary_comparability,historical_point_direct_measurement_asserted,candidate_only
Q4280028,2021:data_allsettlements_anon_156_v20251217.parquet:parquet:39818,Мамонтово,8251.0,contradicted_modern_provider_representative; own_article_literal_point_code_type_county_and_coherent_admitted_donor,"[""2010:008_342f3c208b_16._20\u0421\u0438\u0431_\u0424\u041e_2010.xls:Sib:669""]",2021:data_allsettlements_anon_156_v20251217.parquet:parquet:39818,0.10619782984286148,61.74792273485132,False,True,False,True,False,UNKNOWN,False,True
Q4213297,2021:data_allsettlements_anon_156_v20251217.parquet:parquet:118699,Капустин Яр,4098.0,contradicted_modern_provider_representative; own_article_literal_point_code_type_county_and_coherent_admitted_donor,"[""ROSSTAT2010:T5:p82:l26""]",2021:data_allsettlements_anon_156_v20251217.parquet:parquet:118699,1.3375237011672305,19.617460260254873,True,True,False,True,False,UNKNOWN,False,True
Q1050596,2021:data_allsettlements_anon_156_v20251217.parquet:parquet:144261,Шафраново,1888.0,contradicted_modern_provider_representative; own_article_literal_point_code_type_county_and_coherent_admitted_donor,"[""2021:data_allsettlements_anon_156_v20251217.parquet:parquet:144261""]",2010:017_68e0e4537e_9._20Basq_Mari_Mord_Tatar_Udm_Chuv_2010.xls:!!!:195,0.4711574696807676,5.756981543988182,True,True,True,False,False,UNKNOWN,False,True
Q1903943,2021:data_allsettlements_anon_156_v20251217.parquet:parquet:60549,Уптар,1701.0,contradicted_modern_provider_representative; own_article_literal_point_code_type_county_and_coherent_admitted_donor,"[""2002:1_TOM_01_04.xls:0:10356""]",2021:data_allsettlements_anon_156_v20251217.parquet:parquet:60549,0.13797643096295464,16.74567591672619,False,True,False,True,False,UNKNOWN,False,True
Q1747451,2021:data_allsettlements_anon_156_v20251217.parquet:parquet:18540,Валдгейм,1486.0,contradicted_modern_provider_representative; own_article_literal_point_code_type_county_and_coherent_admitted_donor,"[""2010:009_81f8a0e73c_17._20\u0414\u0412_\u0424\u041e_2010.xls:\u0414\u0412:2867""]",2021:data_allsettlements_anon_156_v20251217.parquet:parquet:18540,0.4793422570678984,5.512878267452407,True,True,False,True,False,UNKNOWN,False,True
Q13359468,2021:data_allsettlements_anon_156_v20251217.parquet:parquet:86421,Аккермановка,1214.0,contradicted_modern_provider_representative; own_article_literal_point_code_type_county_and_coherent_admitted_donor,"[""2010:016_802d308e41_8._20Or_Penz_Perm_Samar_Saratov_Uly_2010.xls:!!!:3052""]",2021:data_allsettlements_anon_156_v20251217.parquet:parquet:86421,0.5498650297153455,6.97337512641139,True,True,False,True,False,UNKNOWN,False,True
Q2266304,2021:data_allsettlements_anon_156_v20251217.parquet:parquet:48997,Тухард,913.0,contradicted_modern_provider_representative; own_article_literal_point_code_type_county_and_coherent_admitted_donor,"[""2010:008_342f3c208b_16._20\u0421\u0438\u0431_\u0424\u041e_2010.xls:Sib:1639""]",2021:data_allsettlements_anon_156_v20251217.parquet:parquet:48997,0.7289346078439534,73.5691545980912,False,True,False,True,False,UNKNOWN,False,True
Q20923742,2021:data_allsettlements_anon_156_v20251217.parquet:parquet:17298,Аллате,777.0,contradicted_modern_provider_representative; own_article_literal_point_code_type_county_and_coherent_admitted_donor,"[""2010:018_8eadc2d6b9_7._20Dag_2010.xls:2010:790""]",2021:data_allsettlements_anon_156_v20251217.parquet:parquet:17298,2.2045881166305507e-05,5.139962135074854,False,True,False,True,False,UNKNOWN,False,True
Q27578393,2021:data_allsettlements_anon_156_v20251217.parquet:parquet:51238,Шахматова,163.0,contradicted_modern_provider_representative; own_article_literal_point_code_type_county_and_coherent_admitted_donor,"[""2010:003_eb441570b1_11._20\u0423\u0440\u0430\u043b_\u0424\u041e_2010.xls:\u0423\u0440\u0430\u043b:264""]",2021:data_allsettlements_anon_156_v20251217.parquet:parquet:51238,0.7027231469679676,41.32856801571347,True,True,False,True,False,UNKNOWN,False,True
Q21852718,2021:data_allsettlements_anon_156_v20251217.parquet:parquet:30328,Новосел,98.0,contradicted_modern_provider_representative; own_article_literal_point_code_type_county_and_coherent_admitted_donor,"[""2010:013_f60b2d2bcf_5._20Belg_Bryan_Vlad_Voron_Ivanov_Kalug_20L1_ethn_2010.xls:Data Sheet:14502""]",2021:data_allsettlements_anon_156_v20251217.parquet:parquet:30328,0.0090734022355333,18.73984777045675,False,True,False,True,False,UNKNOWN,False,True
Q4426651,2021:data_allsettlements_anon_156_v20251217.parquet:parquet:118647,Совхозное,92.0,contradicted_modern_provider_representative; own_article_literal_point_code_type_county_and_coherent_admitted_donor,"[""2010:009_81f8a0e73c_17._20\u0414\u0412_\u0424\u041e_2010.xls:\u0414\u0412:2132""]",2021:data_allsettlements_anon_156_v20251217.parquet:parquet:118647,2.609890854854179e-05,7.840432135737566,True,True,False,True,False,UNKNOWN,False,True
Q27579030,2021:data_allsettlements_anon_156_v20251217.parquet:parquet:30640,Приокское лесничество,90.0,contradicted_modern_provider_representative; own_article_literal_point_code_type_county_and_coherent_admitted_donor,"[""2010:013_f60b2d2bcf_5._20Belg_Bryan_Vlad_Voron_Ivanov_Kalug_20L1_ethn_2010.xls:Data Sheet:14782""]",2021:data_allsettlements_anon_156_v20251217.parquet:parquet:30640,0.08029747023503914,8.297870007213168,False,True,False,True,False,UNKNOWN,False,True
Q29566959,2021:data_allsettlements_anon_156_v20251217.parquet:parquet:77010,Звягино,28.0,contradicted_modern_provider_representative; own_article_literal_point_code_type_county_and_coherent_admitted_donor,"[""2010:001_723371ec84_1._20NW_2010.xls:NW:11597""]",2021:data_allsettlements_anon_156_v20251217.parquet:parquet:77010,0.23706289338338396,117.37366664972733,False,True,False,False,True,UNKNOWN,False,True
Q28525924,2021:data_allsettlements_anon_156_v20251217.parquet:parquet:97869,Шиши,27.0,contradicted_modern_provider_representative; own_article_literal_point_code_type_county_and_coherent_admitted_donor,"[""2010:016_802d308e41_8._20Or_Penz_Perm_Samar_Saratov_Uly_2010.xls:!!!:7522""]",2021:data_allsettlements_anon_156_v20251217.parquet:parquet:97869,0.00017647491979593297,203.65971835309898,False,True,False,False,True,UNKNOWN,False,True
Q21850617,2021:data_allsettlements_anon_156_v20251217.parquet:parquet:29181,Дача,23.0,contradicted_modern_provider_representative; own_article_literal_point_code_type_county_and_coherent_admitted_donor,"[""2010:013_f60b2d2bcf_5._20Belg_Bryan_Vlad_Voron_Ivanov_Kalug_20L1_ethn_2010.xls:Data Sheet:13578""]",2021:data_allsettlements_anon_156_v20251217.parquet:parquet:29181,0.007292894190888068,18.170351611041767,False,True,False,True,False,UNKNOWN,False,True
Q27468922,2021:data_allsettlements_anon_156_v20251217.parquet:parquet:48338,Казыр,21.0,contradicted_modern_provider_representative; own_article_literal_point_code_type_county_and_coherent_admitted_donor,"[""2010:008_342f3c208b_16._20\u0421\u0438\u0431_\u0424\u041e_2010.xls:Sib:2630""]",2021:data_allsettlements_anon_156_v20251217.parquet:parquet:48338,0.029898810001822557,7.610108076584411,False,True,False,False,True,UNKNOWN,False,True
Q13203560,2021:data_allsettlements_anon_156_v20251217.parquet:parquet:163354,Буртасы,15.0,both_modern_provider_points_contradicted_by_own_article_literal_DMS_exact_printed_native_code_and_own_county_type,"[""2010:017_68e0e4537e_9._20Basq_Mari_Mord_Tatar_Udm_Chuv_2010.xls:!!!:13615"", ""2021:data_allsettlements_anon_156_v20251217.parquet:parquet:163354""]",Wikipedia:page=7047123;revision=152060052,0.0,63.814758737854156,True,True,False,False,True,UNKNOWN,False,True
Q18406403,2021:data_allsettlements_anon_156_v20251217.parquet:parquet:18668,Дежневка,13.0,contradicted_modern_provider_representative; own_article_literal_point_code_type_county_and_coherent_admitted_donor,"[""2010:009_81f8a0e73c_17._20\u0414\u0412_\u0424\u041e_2010.xls:\u0414\u0412:2968""]",2021:data_allsettlements_anon_156_v20251217.parquet:parquet:18668,0.08322059215796969,5.2603917699904645,True,True,False,False,True,UNKNOWN,False,True
Q18807511,2021:data_allsettlements_anon_156_v20251217.parquet:parquet:117438,Юбилейный,2.0,contradicted_modern_provider_representative; own_article_literal_point_code_type_county_and_coherent_admitted_donor,"[""2010:016_802d308e41_8._20Or_Penz_Perm_Samar_Saratov_Uly_2010.xls:!!!:9220""]",2021:data_allsettlements_anon_156_v20251217.parquet:parquet:117438,0.0,320.02042147969865,False,True,False,False,True,UNKNOWN,False,True
Q12169965,2021:data_allsettlements_anon_156_v20251217.parquet:parquet:156534,Черново,1.0,contradicted_modern_provider_representative; own_article_literal_point_code_type_county_and_coherent_admitted_donor,"[""2010:017_68e0e4537e_9._20Basq_Mari_Mord_Tatar_Udm_Chuv_2010.xls:!!!:11631""]",2021:data_allsettlements_anon_156_v20251217.parquet:parquet:156534,0.1633938827991027,11.397819130665344,True,True,False,False,True,UNKNOWN,False,True
