from_source_record_id,to_source_record_id,relation,decision_status,admission_method,admission_rule,population_boundary_comparability_asserted,evidence_file,evidence_locator
2002:066_76aa869929_Altai_krai1.xls:Sheet1:1388,2010:008_342f3c208b_16._20Сиб_ФО_2010.xls:Sib:833,same_place,checked_rule_accepted,source_hierarchy_plus_distinctive_name_or_alias_and_current_own_row,"2002 Pervomaisky сельсовет row Северный; only 2010 Северное candidate; 2021 own row retains county and name. Posyolok-to-village/name suffix change is preserved as name/type lineage, not population equivalence.",False,native_source_row_witnesses.csv,2002 raw Sheet1 row 1387 with prior council heading Северный сельсовет; 2010 Sib ordinal 827; 2021 row 40056
2010:008_342f3c208b_16._20Сиб_ФО_2010.xls:Sib:833,2021:data_allsettlements_anon_156_v20251217.parquet:parquet:40056,same_place,checked_rule_accepted,source_hierarchy_plus_distinctive_name_or_alias_and_current_own_row,Exact own name and Pervomaisky municipal district in direct 2021 settlement row; source 2010 exact name unique in selected Altai register.,False,native_source_row_witnesses.csv,2010 Sib ordinal 827; 2021 row 40056
2002:066_76aa869929_Altai_krai1.xls:Sheet1:1677,2010:008_342f3c208b_16._20Сиб_ФО_2010.xls:Sib:1002,same_place,checked_rule_accepted,source_hierarchy_plus_distinctive_name_or_alias_and_current_own_row,Unique 2002 Slavgorodsky source row Нововознесенка; 2010 exact-name counterpart in source roster; current 2021 own row is same named locality in city district Slavgorod. Other 2002 homonyms have different counties and distinct source lineages.,False,native_source_row_witnesses.csv,2002 source row 1676 and heading Нововознесенский сельсовет; 2010 Sib ordinal 996; 2021 row 41162
2010:008_342f3c208b_16._20Сиб_ФО_2010.xls:Sib:1002,2021:data_allsettlements_anon_156_v20251217.parquet:parquet:41162,same_place,checked_rule_accepted,source_hierarchy_plus_distinctive_name_or_alias_and_current_own_row,Exact own name and Slavgorod municipal urban district in direct 2021 source; row identity stays distinct from Klyuchevsky and Rubtsovsky homonyms.,False,native_source_row_witnesses.csv,2010 Sib ordinal 996; 2021 row 41162
2002:066_76aa869929_Altai_krai1.xls:Sheet1:2122,2010:008_342f3c208b_16._20Сиб_ФО_2010.xls:Sib:1275,same_place,checked_rule_accepted,source_hierarchy_plus_distinctive_name_or_alias_and_current_own_row,2002 Tretyakovsky row Екатериновка is under Екатерининский сельсовет; 2010 Екатерининское is the exact named source candidate; 2021 own row confirms Tretyakovsky locality. The local council/root name supports the suffix/name transition; counts are not equated.,False,native_source_row_witnesses.csv,2002 rows 2120-2121; 2010 Sib ordinal 1269; 2021 row 40663
2010:008_342f3c208b_16._20Сиб_ФО_2010.xls:Sib:1275,2021:data_allsettlements_anon_156_v20251217.parquet:parquet:40663,same_place,checked_rule_accepted,source_hierarchy_plus_distinctive_name_or_alias_and_current_own_row,Exact own name Екатерининское and Tretyakovsky municipal district in direct 2021 source; native 2010 source row retained as secondary confidentiality-protected exact-scope-unverified.,False,native_source_row_witnesses.csv,2010 Sib ordinal 1269; 2021 row 40663
2002:066_76aa869929_Altai_krai1.xls:Sheet1:563,2010:008_342f3c208b_16._20Сиб_ФО_2010.xls:Sib:312,same_place,checked_rule_accepted,source_hierarchy_plus_distinctive_name_or_alias_and_current_own_row,"2002 source names Новоманошкинский сельсовет and Новоманошкино, Заринский район; 2010 exact locality Новомоношкино has an orthographic name transition; 2021 source names it in Zarinsky district.",False,native_source_row_witnesses.csv,2002 rows 561-562; 2010 Sib ordinal 306; 2021 row 39304
2010:008_342f3c208b_16._20Сиб_ФО_2010.xls:Sib:312,2021:data_allsettlements_anon_156_v20251217.parquet:parquet:39304,same_place,checked_rule_accepted,source_hierarchy_plus_distinctive_name_or_alias_and_current_own_row,Exact locality name and Zarinsky municipal district in direct 2021 source.,False,native_source_row_witnesses.csv,2010 Sib ordinal 306; 2021 row 39304
2002:066_76aa869929_Altai_krai1.xls:Sheet1:1105,2021:data_allsettlements_anon_156_v20251217.parquet:parquet:39796,same_place,checked_rule_accepted,existing_accepted_component_exact_county_and_name,Existing accepted component explicitly maps the distinct Loktevsky Устьянка row to the direct 2021 Устьянка row in the same municipal district. This is independent of similarly named Burlinsky Устьянка.,False,native_source_row_witnesses.csv; baseline applied_state_observations.parquet,2002 row 1104 and 2021 row 39796; baseline root field for 2021 is the exact 2002 UID
2002:066_76aa869929_Altai_krai1.xls:Sheet1:1105,2010:008_342f3c208b_16._20Сиб_ФО_2010.xls:Sib:656,same_place,checked_rule_accepted,original_census_order_county_transition_and_exact_county_qualified_own_article,The 2002 native list ends Loktevsky with Ustyanka then opens Mamontovsky with Bukanskoye; 2010 source ordinal 650 is Ustyanka followed by ordinal 651 Bukanskoye. This distinguishes the 2010 record from the separate Burlinsky Ustyanka at ordinal175.,False,native_source_row_witnesses.csv; wikipedia_qualified_articles.json,"2002 Sheet1:1103-1108; 2010 Sib physical rows 655-656, ordinals 650-651"
2010:008_342f3c208b_16._20Сиб_ФО_2010.xls:Sib:656,2021:data_allsettlements_anon_156_v20251217.parquet:parquet:39796,same_place,checked_rule_accepted,original_census_order_county_transition_and_exact_county_qualified_own_article,The ordinal-disambiguated 2010 Ustyanka maps to the exact own article/page for Loktevsky Ustyanka and the direct 2021 source row in Loktevsky district. The other Ustyanka is in Burlinsky district and has a distinct lineage.,False,native_source_row_witnesses.csv; wikipedia_qualified_articles.json,"2010 ordinal650; 2021 row39796; own page 7368235 rev155077223; coordinates 51.145769,81.605063"
2010:008_342f3c208b_16._20Сиб_ФО_2010.xls:Sib:845,2021:data_allsettlements_anon_156_v20251217.parquet:parquet:40073,same_place,checked_rule_accepted,original_census_order_county_transition_and_exact_county_qualified_own_article,"2010 ordinal839 Alekseevka is in the Petropavlovsky sequence: 2002 source puts Alekseyevka at start of Petropavlovsky after Pervomaisky Stepnoy; 2010 ordinal840 is Antonyevka, matching the next Petropavlovsky row. The qualified own article identifies Alekseevka as Petropavlovsky and the 2021 native row matches exact county/name.",False,native_source_row_witnesses.csv; wikipedia_qualified_articles.json,2002 Sheet1:1401-1410; 2010 Sib physical rows843-846 ordinals 838-841; own page 8424678 rev147717645; 2021 row40073
2010:008_342f3c208b_16._20Сиб_ФО_2010.xls:Sib:362,2002:066_76aa869929_Altai_krai1.xls:Sheet1:635,same_place,checked_rule_accepted,census_order_district_boundary_plus_exact_county_qualified_own_article,"2010 source ordinal356 Бураново is immediately between ordinal355 Черепановский and ordinal357 Зимари. In the 2002 register, Cherепановский is last before Калманский район, and Калман rows begin Бураново then Зимари; page 1430386 explicitly qualifies the own locality as Kalman district. This resolves the 3-county homonym set.",False,native_source_row_witnesses.csv; own_article_revision_witnesses.csv,2002 Sheet1 rows 627-637; 2010 Sib rows physical361-363 ordinals355-357; own page 1430386 rev147509275
2010:008_342f3c208b_16._20Сиб_ФО_2010.xls:Sib:362,2021:data_allsettlements_anon_156_v20251217.parquet:parquet:39372,same_place,checked_rule_accepted,census_order_district_boundary_plus_exact_county_qualified_own_article,The order-qualified source UID is the Kalman Бураново; current 2021 source has exact name in Kalman district and its existing exact own article coordinates are within 0.32 km of native 2021 point.,False,native_source_row_witnesses.csv; own_article_revision_witnesses.csv,2010 ordinal356; 2021 row39372; own page 1430386 rev147509275
2002:066_76aa869929_Altai_krai1.xls:Sheet1:352,2010:008_342f3c208b_16._20Сиб_ФО_2010.xls:Sib:190,same_place,checked_rule_accepted,exact_county_and_council_name_plus_qualified_own_article_and_source_order,"2010 source sequence ordinals182-186 (Верх-Озёрное, Новопокровка, Приобское, Усть-Ануй, Хлеборобное) exactly matches the 2002 Быстроистокский district sequence; the target is sole locality of the Приобский сельсовет. Current county-qualified article confirms Приобское as the sole locality of the same council; suffix/type transition is recorded, no count equality.",False,native_source_row_witnesses.csv; own_article_revision_witnesses.csv,2002 source row352; 2010 row190; own article page7033636 rev147677165
2010:008_342f3c208b_16._20Сиб_ФО_2010.xls:Sib:190,2021:data_allsettlements_anon_156_v20251217.parquet:parquet:39148,same_place,checked_rule_accepted,exact_county_and_council_name_plus_qualified_own_article_and_source_order,Exact 2021 native name and Быстроистокский district; existing baseline root directly assigns row39148 to 2010 source UID 190; own article coordinate and 2021 point agree within 0.03 km.,False,native_source_row_witnesses.csv; own_article_revision_witnesses.csv,2010 row190; 2021 row39148; page7033636 rev147677165
2002:066_76aa869929_Altai_krai1.xls:Sheet1:1408,2010:008_342f3c208b_16._20Сиб_ФО_2010.xls:Sib:845,same_place,checked_rule_accepted,exact_county_and_council_name_plus_qualified_own_article_and_source_order,2002 Petropavlovsky sequence begins Alekseevsky council/Alekseevka then Antonyevsky/Antonyevka; 2010 ordinals839-840 are Alekseevka then Antonyevka. Exact own page qualifies Petropavlovsky district.,False,native_source_row_witnesses.csv; own_article_revision_witnesses.csv,2002 rows1405-1410; 2010 ordinals839-840; page8424678 rev147717645
