from_source_record_id,to_source_record_id,relation,decision_status,admission_method,admission_rule,population_boundary_comparability_asserted,evidence_file,evidence_locator,root_review_evidence_packet,decision_id,from_year,to_year,decision_class,decision_rule,evidence_uri,population_scope_interpretation,rule_id,evidence_path,evidence_sha256,identity_basis,population_boundary_comparability,native_counts_changed,from_population,to_population,from_path,from_sha256,from_locator,from_name_type_parent,to_path,to_sha256,to_locator,to_name_type_parent,same_year_competitors,article_title,article_pageid,article_revision,article_2010_population_table_evidence,native_current_code,2009_classifier_exact_code_count,geokladr_exact_code_count,current_point_status,boundary_comparability_asserted,evidence_note,current_successor_source_record_id,current_successor_population,current_successor_native_okato,classifier_bridge,current_component_context,current_2021_id,current_2021_source_sha256,current_2021_locator,current_2021_population,current_2021_OKATO,current_2021_coordinates,2009_classifier_code,classifier_line_1based,classifier_raw_label,classifier_status,classifier_source_sha256,classifier_rows_for_exact_code,GeoKLADR_2011_rows_for_exact_code,Graph68_point_coordinate,point_source_coordinate_conflict_km,from_source_file,from_source_sha256,from_label,from_parent,nearby_same_year_competitors,to_source_file,to_source_sha256,to_label,counterpart_competitors,name,from_type,to_type,region,all_region_named_place_competitors_json,county_context,old_point_rejected,source_context_witness_file,same_year_competitor_count,all_year_region_name_type_record_count,county_source,coordinate_claim_asserted
2002:081_6a22d6b5c5_Amur.xls:Sheet1:154,2021:data_allsettlements_anon_156_v20251217.parquet:parquet:60669,same_place,checked_rule_accepted,source_bound_original_ordinal_county_qualified_own_article_and_native_carrier,"Exact 2002 original source ordinal/subtotal hierarchy, exact source-year raw locality row, and county-qualified own locality page identify the Bureysky/Novobureysky locality. 2010 row 1246 is in the matching Novobureysky–Bureya source sequence. The current native carrier is in Bureysky district. Values and quality flags remain source-native; no population equality, allocation, or boundary equivalence is asserted.",False,research_rebuild/evidence/over1000_bash_amur_20261009/version6/amur_original_ordinal_review_v6.csv,source_uid=2002:081_6a22d6b5c5_Amur.xls:Sheet1:154;current_uid=2021:data_allsettlements_anon_156_v20251217.parquet:parquet:60669;article_pageid=5262727;revision=150955749,/workspace/russian-settlements-research/research_rebuild/evidence/over1000_bash_amur_20261009/version6,,,,,,,,,,,,,,,,,,,,,,,,,,,,,,,,,,,,,,,,,,,,,,,,,,,,,,,,,,,,,,,,,,,,,,,,,,,
2010:009_81f8a0e73c_17._20ДВ_ФО_2010.xls:ДВ:1246,2021:data_allsettlements_anon_156_v20251217.parquet:parquet:60669,same_place,checked_rule_accepted,source_bound_original_ordinal_county_qualified_own_article_and_native_carrier,"Exact 2002 original source ordinal/subtotal hierarchy, exact source-year raw locality row, and county-qualified own locality page identify the Bureysky/Novobureysky locality. 2010 row 1246 is in the matching Novobureysky–Bureya source sequence. The current native carrier is in Bureysky district. Values and quality flags remain source-native; no population equality, allocation, or boundary equivalence is asserted.",False,research_rebuild/evidence/over1000_bash_amur_20261009/version6/amur_original_ordinal_review_v6.csv,source_uid=2010:009_81f8a0e73c_17._20ДВ_ФО_2010.xls:ДВ:1246;current_uid=2021:data_allsettlements_anon_156_v20251217.parquet:parquet:60669;article_pageid=5262727;revision=150955749,/workspace/russian-settlements-research/research_rebuild/evidence/over1000_bash_amur_20261009/version6,,,,,,,,,,,,,,,,,,,,,,,,,,,,,,,,,,,,,,,,,,,,,,,,,,,,,,,,,,,,,,,,,,,,,,,,,,,
2002:059_30afc614a1_1_XMAO_new.xls:Sheet1:134,2021:data_allsettlements_anon_156_v20251217.parquet:parquet:155014,same_place,checked_rule_accepted,,,,,,/workspace/russian-settlements-research/research_rebuild/evidence/over1000_five_regions_20261009/batch1,FIVE-9642c96c1e683b60d1e9,2002.0,2021.0,literal_native_source_context_and_own_article,literal own former name Каркатеевский; printed Чеускинский subordinate; unique proper NP,/workspace/russian-settlements-research/research_rebuild/evidence/over1000_five_regions_20261009/batch1/identity_point_witnesses.csv.gz,identity only; source counts/type/quality preserved; boundary comparability UNKNOWN,,,,,,,,,,,,,,,,,,,,,,,,,,,,,,,,,,,,,,,,,,,,,,,,,,,,,,,,,,,,,,,,,,,,
2002:033_e221266b42_02c_KCR.xls:нпп:70,2021:data_allsettlements_anon_156_v20251217.parquet:parquet:55352,same_place,checked_rule_accepted,,,,,,/workspace/russian-settlements-research/research_rebuild/evidence/over1000_five_regions_20261009/batch1,FIVE-bf1b5e5dd5b8b4a8fffd,2002.0,2021.0,literal_native_source_context_and_own_article,own Nogai alias Эркин-Халк and explicit 2007 Адыге-Хабльский→Ногайский county transfer,/workspace/russian-settlements-research/research_rebuild/evidence/over1000_five_regions_20261009/batch1/identity_point_witnesses.csv.gz,identity only; source counts/type/quality preserved; boundary comparability UNKNOWN,,,,,,,,,,,,,,,,,,,,,,,,,,,,,,,,,,,,,,,,,,,,,,,,,,,,,,,,,,,,,,,,,,,,
2010:002_027be52979_10._20СевКаз_ФО_20(без_20Даг)_202010.xls:СК:1142,2021:data_allsettlements_anon_156_v20251217.parquet:parquet:121280,same_place,checked_rule_accepted,,,,,,/workspace/russian-settlements-research/research_rebuild/evidence/over1000_five_regions_20261009/batch1,FIVE-4b4cb5be28074d8b454e,2010.0,2021.0,literal_native_source_context_and_own_article,own formerPGT status changed2005; published2010 poselok Aлагирский sourceflanks; exclude sameyear Ardonsky seloFiagdon,/workspace/russian-settlements-research/research_rebuild/evidence/over1000_five_regions_20261009/batch1/identity_point_witnesses.csv.gz,identity only; source counts/type/quality preserved; boundary comparability UNKNOWN,,,,,,,,,,,,,,,,,,,,,,,,,,,,,,,,,,,,,,,,,,,,,,,,,,,,,,,,,,,,,,,,,,,,
2010:016_802d308e41_8._20Or_Penz_Perm_Samar_Saratov_Uly_2010.xls:!!!:1005,2021:data_allsettlements_anon_156_v20251217.parquet:parquet:115792,same_place,checked_rule_accepted,,,,,,/workspace/russian-settlements-research/research_rebuild/evidence/over1000_five_regions_20261009/batch1,FIVE-f5632cf8c1693e7a9f08,2010.0,2021.0,literal_native_source_context_and_own_article,properSelo printedСтавропольский;2010 firstnewcounty row followedownacceptedОтвага/Бахилово; preserveallregionalnamesakes,/workspace/russian-settlements-research/research_rebuild/evidence/over1000_five_regions_20261009/batch1/identity_point_witnesses.csv.gz,identity only; source counts/type/quality preserved; boundary comparability UNKNOWN,,,,,,,,,,,,,,,,,,,,,,,,,,,,,,,,,,,,,,,,,,,,,,,,,,,,,,,,,,,,,,,,,,,,
2010:016_802d308e41_8._20Or_Penz_Perm_Samar_Saratov_Uly_2010.xls:!!!:118,2021:data_allsettlements_anon_156_v20251217.parquet:parquet:114697,same_place,checked_rule_accepted,,,,,,/workspace/russian-settlements-research/research_rebuild/evidence/over1000_five_regions_20261009/batch1,FIVE-002ecf61d348cedf51cd,2010.0,2021.0,literal_native_source_context_and_own_article,properSelo printedБольшеглушицкий;2010 firstnewcounty row followedownacceptedМалаяВязовка/Среднедольск; preserveallregionalnamesakes,/workspace/russian-settlements-research/research_rebuild/evidence/over1000_five_regions_20261009/batch1/identity_point_witnesses.csv.gz,identity only; source counts/type/quality preserved; boundary comparability UNKNOWN,,,,,,,,,,,,,,,,,,,,,,,,,,,,,,,,,,,,,,,,,,,,,,,,,,,,,,,,,,,,,,,,,,,,
2010:016_802d308e41_8._20Or_Penz_Perm_Samar_Saratov_Uly_2010.xls:!!!:516,2021:data_allsettlements_anon_156_v20251217.parquet:parquet:115193,same_place,checked_rule_accepted,,,,,,/workspace/russian-settlements-research/research_rebuild/evidence/over1000_five_regions_20261009/batch1,FIVE-27220c426134cef2224c,2010.0,2021.0,literal_native_source_context_and_own_article,properSelo КинельЧеркасский;2010 precedingacceptedНоваяЕлшанка/Нижнегорский andnextПервомайский; excludeСергиевскийЧерновка,/workspace/russian-settlements-research/research_rebuild/evidence/over1000_five_regions_20261009/batch1/identity_point_witnesses.csv.gz,identity only; source counts/type/quality preserved; boundary comparability UNKNOWN,,,,,,,,,,,,,,,,,,,,,,,,,,,,,,,,,,,,,,,,,,,,,,,,,,,,,,,,,,,,,,,,,,,,
2002:053_f7f2b62d26_Samarskaja_new.xls:Sheet1:26,2021:data_allsettlements_anon_156_v20251217.parquet:parquet:116223,same_place,checked_rule_accepted,,,,,,/workspace/russian-settlements-research/research_rebuild/evidence/over1000_five_regions_20261009/batch1,FIVE-9dec038e81081ec4fca2,2002.0,2021.0,literal_native_source_context_and_own_article,literal2002properposelok underPохвистневоownsubordination;2010finalruralrowafterurbanГОPохвистнево; excludeКинельскийОктябрьский,/workspace/russian-settlements-research/research_rebuild/evidence/over1000_five_regions_20261009/batch1/identity_point_witnesses.csv.gz,identity only; source counts/type/quality preserved; boundary comparability UNKNOWN,,,,,,,,,,,,,,,,,,,,,,,,,,,,,,,,,,,,,,,,,,,,,,,,,,,,,,,,,,,,,,,,,,,,
2010:016_802d308e41_8._20Or_Penz_Perm_Samar_Saratov_Uly_2010.xls:!!!:1341,2021:data_allsettlements_anon_156_v20251217.parquet:parquet:116223,same_place,checked_rule_accepted,,,,,,/workspace/russian-settlements-research/research_rebuild/evidence/over1000_five_regions_20261009/batch1,FIVE-0d3a3bb0bee1ad221607,2010.0,2021.0,literal_native_source_context_and_own_article,literal2002properposelok underPохвистневоownsubordination;2010finalruralrowafterurbanГОPохвистнево; excludeКинельскийОктябрьский,/workspace/russian-settlements-research/research_rebuild/evidence/over1000_five_regions_20261009/batch1/identity_point_witnesses.csv.gz,identity only; source counts/type/quality preserved; boundary comparability UNKNOWN,,,,,,,,,,,,,,,,,,,,,,,,,,,,,,,,,,,,,,,,,,,,,,,,,,,,,,,,,,,,,,,,,,,,
2002:044_42b3ed3cfc_Tataria.xls:Sheet1:2685,2021:data_allsettlements_anon_156_v20251217.parquet:parquet:131828,same_place,checked_rule_accepted,,,,,,/workspace/russian-settlements-research/research_rebuild/evidence/over1000_five_regions_20261009/batch1,FIVE-b02391a57d38d6f01e37,2002.0,2021.0,literal_native_source_context_and_own_article,literal properпоселок Александровский/Лаишевский; ordinal/date abbreviation lexical normalization no legalrenameclaim,/workspace/russian-settlements-research/research_rebuild/evidence/over1000_five_regions_20261009/batch1/identity_point_witnesses.csv.gz,identity only; source counts/type/quality preserved; boundary comparability UNKNOWN,,,,,,,,,,,,,,,,,,,,,,,,,,,,,,,,,,,,,,,,,,,,,,,,,,,,,,,,,,,,,,,,,,,,
2002:010_3e630cc803_02c_Moskovskaya-oblast.xls:Sheet1:5450,2021:data_allsettlements_anon_156_v20251217.parquet:parquet:70212,same_place,checked_rule_accepted,,,,,pageid=6316642;revision=147661403:dated14May2003rename,/workspace/russian-settlements-research/research_rebuild/evidence/over1000_moscow_last10_sources_20261009,,,,,,,,literal_14May2003_Biokhimzavoda_to_Uspensky_rename_proper_Sovkhozny_county,/workspace/russian-settlements-research/research_rebuild/evidence/over1000_moscow_remaining13_20261009/own_wikipedia_batch8.json.gz,4269235a5961f0f15266b77f26e6b9d1ced1abe9fb6368024167217749ab29a8,"Exact receivingNP dated rename, originalnativeBio445 preserved. SeparateabsorbedSovkhoz2163 hasincluded_inaxis only.",UNKNOWN,False,,,,,,,,,,,,,,,,,,,,,,,,,,,,,,,,,,,,,,,,,,,,,,,,,,,,,,,,,,,,,,
2002:010_3e630cc803_02c_Moskovskaya-oblast.xls:Sheet1:4889,2021:data_allsettlements_anon_156_v20251217.parquet:parquet:69722,same_place,checked_rule_accepted,,,,,ownOSMnode4489852690,/workspace/russian-settlements-research/research_rebuild/evidence/over1000_moscow_last10_sources_20261009,,,,,,,,independent_OSM_owncoded_NP_currentnamespace_suffix_plus_ownwiki_county_subcounty_and_native_orderedblock,/workspace/russian-settlements-research/research_rebuild/evidence/over1000_moscow_last10_sources_20261009/Popovka_two_coded_native_homonym_proofs.json,7090b50a83dfffd2ba8b8a32a8d8a2dafcace398f66acd6f54ed7d31edf014a8,,UNKNOWN,False,,,,,,,,,,,,,,,,,,,,,,,,,,,,,,,,,,,,,,,,,,,,,,,,,,,,,,,,,,,,,,
2010:010_711691e352_2._20Kostrom_Kur_Lip_Moscow_MoscObl_Orlov_2010.xls:Data Sheet:12418,2021:data_allsettlements_anon_156_v20251217.parquet:parquet:69722,same_place,checked_rule_accepted,,,,,ownOSMnode4489852690,/workspace/russian-settlements-research/research_rebuild/evidence/over1000_moscow_last10_sources_20261009,,,,,,,,independent_OSM_owncoded_NP_currentnamespace_suffix_plus_ownwiki_county_subcounty_and_native_orderedblock,/workspace/russian-settlements-research/research_rebuild/evidence/over1000_moscow_last10_sources_20261009/Popovka_two_coded_native_homonym_proofs.json,7090b50a83dfffd2ba8b8a32a8d8a2dafcace398f66acd6f54ed7d31edf014a8,,UNKNOWN,False,,,,,,,,,,,,,,,,,,,,,,,,,,,,,,,,,,,,,,,,,,,,,,,,,,,,,,,,,,,,,,
2002:010_3e630cc803_02c_Moskovskaya-oblast.xls:Sheet1:5052,2021:data_allsettlements_anon_156_v20251217.parquet:parquet:69721,same_place,checked_rule_accepted,,,,,ownOSMnode360002188,/workspace/russian-settlements-research/research_rebuild/evidence/over1000_moscow_last10_sources_20261009,,,,,,,,independent_OSM_owncoded_NP_currentnamespace_suffix_plus_ownwiki_county_subcounty_and_native_orderedblock,/workspace/russian-settlements-research/research_rebuild/evidence/over1000_moscow_last10_sources_20261009/Popovka_two_coded_native_homonym_proofs.json,7090b50a83dfffd2ba8b8a32a8d8a2dafcace398f66acd6f54ed7d31edf014a8,,UNKNOWN,False,,,,,,,,,,,,,,,,,,,,,,,,,,,,,,,,,,,,,,,,,,,,,,,,,,,,,,,,,,,,,,
2010:010_711691e352_2._20Kostrom_Kur_Lip_Moscow_MoscObl_Orlov_2010.xls:Data Sheet:12585,2021:data_allsettlements_anon_156_v20251217.parquet:parquet:69721,same_place,checked_rule_accepted,,,,,ownOSMnode360002188,/workspace/russian-settlements-research/research_rebuild/evidence/over1000_moscow_last10_sources_20261009,,,,,,,,independent_OSM_owncoded_NP_currentnamespace_suffix_plus_ownwiki_county_subcounty_and_native_orderedblock,/workspace/russian-settlements-research/research_rebuild/evidence/over1000_moscow_last10_sources_20261009/Popovka_two_coded_native_homonym_proofs.json,7090b50a83dfffd2ba8b8a32a8d8a2dafcace398f66acd6f54ed7d31edf014a8,,UNKNOWN,False,,,,,,,,,,,,,,,,,,,,,,,,,,,,,,,,,,,,,,,,,,,,,,,,,,,,,,,,,,,,,,
2002:066_76aa869929_Altai_krai1.xls:Sheet1:1103,2010:008_342f3c208b_16._20Сиб_ФО_2010.xls:Sib:655,same_place,checked_rule_accepted,,,,,,/workspace/russian-settlements-research/research_rebuild/evidence/over1000_rest_20261009/A112_v17_altai_loktevskaya_uspenka_temporal,,2002.0,2010.0,,,,,,,,,,,1163.0,1135.0,/workspace/settlements-raw/data/raw/2002/066_76aa869929_Altai_krai1.xls,125d9d9dd5f089c0e610f2cb4ec9b77c204aebda058730bb08292e3060e6097a,Sheet1 physical row 1103; cell label `село Успенка`; row1102 heading `Успенский сельсовет`,село Успенка; Loktevsky district; Uspensky selsoviet (2002 raw row1102 heading).,/workspace/settlements-raw/data/raw/2010/008_342f3c208b_16._20Сиб_ФО_2010.xls,960feadeb50c27be2d8a2084112349fb0c22ae608929716bcafed5a140c84d0e,"Sib worksheet physical row 655; raw cells `[649,"""",""Алтайский край"","""",""с. Успенка"",1135]`","село Успенка; rayon absent in regional row. Secondary page for the exact locality names Loktevsky rayon and gives 2010 census count 1,135, which exactly binds raw 2010 row655; another same-name Altai row is 216.",2002 Tabunsky район posёлок Uspenka 238; 2010 second Altai село Uspenka 216 (separate homonym).,Успенка (Локтевский район),4169167.0,147598644.0,"Article states census 2010 1,135 (552 men, 583 women); same as raw 2010 row655. Article identifies as village in Loktevsky rayon and administrative center / only settlement of Uspensky selsoviet.",1225884001,1.0,not needed for identity; no new point proposal,"2021 current row already has accepted point 50.9689329,81.5358031 from raw Tochno/DaData; no new point proposed.",False,Candidate only pending root graph collision replay. 2002 raw hierarchy and the article’s exact 2010 count/rayon bind the same named typed object; the article is secondary support for the 2010 row because this regional source does not print rayon. No population value edited.,,,,,,,,,,,,,,,,,,,,,,,,,,,,,,,,,,,,,,,,,
2010:008_342f3c208b_16._20Сиб_ФО_2010.xls:Sib:655,2021:data_allsettlements_anon_156_v20251217.parquet:parquet:39794,same_place,checked_rule_accepted,,,,,,/workspace/russian-settlements-research/research_rebuild/evidence/over1000_rest_20261009/A112_v17_altai_loktevskaya_uspenka_temporal,,2010.0,2021.0,,,,,,,,,,,1135.0,745.0,/workspace/settlements-raw/data/raw/2010/008_342f3c208b_16._20Сиб_ФО_2010.xls,960feadeb50c27be2d8a2084112349fb0c22ae608929716bcafed5a140c84d0e,"Sib worksheet physical row 655; raw cells `[649,"""",""Алтайский край"","""",""с. Успенка"",1135]`","село Успенка; article binds 2010 row to Loktevsky rayon and 2010 value 1,135.",/workspace/settlements-raw/data/interim/2021_tochno/data_allsettlements_anon_156_v20251217.parquet,86c197cd522e0b63669e9e6c7f43fd3d82b3704c6a126c800a9968ecd16cae14,parquet row 1-based 39794; native OKATO 01225884001; OKTMO 1625484101; raw label `село Успенка`,село Успенка; Loktevsky municipal district; Uspensky selsoviet; native OKATO 01225884001 / OKTMO 1625484101.,2010 same-name Altai row 216; 2021 Tabunsky same-name row 81 with distinct OKATO 01246855003.,Успенка (Локтевский район),4169167.0,147598644.0,"Same named article reports official 2010 census count 1,135, binding raw regional row655.",1225884001,1.0,not needed for identity; no new point proposal,"Existing 2021 point remains accepted (50.9689329,81.5358031); no change proposed.",False,"2021 native OKATO exactly equals unique typed 2009 classifier row line1343 (`с Успенка`, село, 01225884001). It distinguishes the Tabunsky homonym. Candidate only pending root graph collision replay; no population value edited.",,,,,,,,,,,,,,,,,,,,,,,,,,,,,,,,,,,,,,,,,
2002:1_TOM_01_04.xls:0:6193,2010:014_5ca759eea0_5._20Nizheg_Kirov_202010.xls:Data Sheet:793,same_place,checked_rule_accepted,,,,,,/workspace/russian-settlements-research/research_rebuild/evidence/over1000_rest_20261009/A112_v18_vetlugsky_kalinin_temporal_bridge,,2002.0,2010.0,,,,,,,,,,,2796.0,2280.0,/workspace/settlements-raw/data/raw/2002_official_tom1/1_TOM_01_04.xls,745a24599719c877a8ddf015aadf22d3cb859444819a32f8197ae525d91483f3,worksheet 01-04 physical row 6193; raw label `пгт им. Калинина`,"pgt im. Kalinina, Vetluzhsky district; raw Tom1 row6190 is district header, row6193 under urban population.",/workspace/settlements-raw/data/raw/2010/014_5ca759eea0_5._20Nizheg_Kirov_202010.xls,c286aa10e8ebd8a4594b5623affa0ca1aacb6b69ac09a4a9288eeb754aa81c27,"Data Sheet physical row 793; raw label `пгт им. Калинина`, population 2280","pgt im. Kalinina, raw regional row793; rayon not printed in row. Current own page title/article gives Vetluzhsky identity; exact 2010 source row is the sole 2010 same-name pgt candidate in the region.","2002 Bor district homonym has only 19 residents, separate row and entity; no second 2010 same-name pgt row.",Рабочий посёлок имени М. И. Калинина,300282.0,155284421.0,Article page names the Vetluzhsky settlement and its native identifier 22218554; it does not itself publish the census figures. Values remain exact primary rows.,22218554000 (11-digit current OKATO; 2009 classifier 8-digit prefix 22218554),1.0,1,"2021 row already has accepted current point (57.9944659,45.122215) from Tochno/DaData; no new point use proposed.",False,"Current article names Vetluzhsky rayon and gives OKATO digital identifier 22218554, which matches the unique 2009 pgt classifier record. Current 2021 raw native OKATO 22218554000 equals its 11-digit GeoKLADR bridge. The separate Bor homonym (2002 count 19) is explicitly distinguished. 2002 and 2010 selected rows match exact printed name/type and source year; article’s current rayon/native identifier disambiguates the same-name Bor settlement. Candidate only; no population equality used as sole identity proof.",,,,,,,,,,,,,,,,,,,,,,,,,,,,,,,,,,,,,,,,,
2010:014_5ca759eea0_5._20Nizheg_Kirov_202010.xls:Data Sheet:793,2021:data_allsettlements_anon_156_v20251217.parquet:parquet:72961,same_place,checked_rule_accepted,,,,,,/workspace/russian-settlements-research/research_rebuild/evidence/over1000_rest_20261009/A112_v18_vetlugsky_kalinin_temporal_bridge,,2010.0,2021.0,,,,,,,,,,,2280.0,1763.0,/workspace/settlements-raw/data/raw/2010/014_5ca759eea0_5._20Nizheg_Kirov_202010.xls,c286aa10e8ebd8a4594b5623affa0ca1aacb6b69ac09a4a9288eeb754aa81c27,"Data Sheet physical row 793; raw label `пгт им. Калинина`, population 2280","pgt im. Kalinina, raw regional row793; current article identifies same pgt in Vetluzhsky rayon, digital ID 22218554.",/workspace/settlements-raw/data/interim/2021_tochno/data_allsettlements_anon_156_v20251217.parquet,86c197cd522e0b63669e9c6e7f43fd3d82b3704c6a126c800a9968ecd16cae14,parquet row 1-based 72961; raw label `пгт им. М.И.Калинина`; native OKATO 22218554000; OKTMO 22618154051,"pgt im. M.I. Kalinina, Vetluzhsky municipal district; current OKATO 22218554000 / OKTMO 22618154051.",No other selected 2010 PGT with exact label; 2021 current code and district are unique. Bor 2002 homonym is a separate abolished settlement.,Рабочий посёлок имени М. И. Калинина,300282.0,155284421.0,"Article identifies current same locality, administrative rayon and native OKATO; no census counts claimed from article.",22218554000; matches old 2009 code 22218554+KOD3=000 and 2011 GeoKLADR code 22218554000.,1.0,1,"2021 point already accepted at (57.9944659,45.122215); 2011 GeoKLADR same-code point is (57.996143,45.10945), ~0.775 km away. No point replacement or new point use proposed.",False,"Current article names Vetluzhsky rayon and gives OKATO digital identifier 22218554, which matches the unique 2009 pgt classifier record. Current 2021 raw native OKATO 22218554000 equals its 11-digit GeoKLADR bridge. The separate Bor homonym (2002 count 19) is explicitly distinguished. Exact article abbreviation expansion and current district/native code bind the 2021 row to the 2010 same-name pgt. Candidate pending root graph replay; no values edited.",,,,,,,,,,,,,,,,,,,,,,,,,,,,,,,,,,,,,,,,,
2002:1_TOM_01_04.xls:0:6156,ROSSTAT2010:T5:p130:l59,same_place,checked_rule_accepted,,,,,,/workspace/russian-settlements-research/research_rebuild/evidence/over1000_rest_20261009/A112_v20_balahna_first_of_may_primary_bridge,,2002.0,2010.0,,,,,,,,,,,2210.0,2135.0,/workspace/settlements-raw/data/raw/2002_official_tom1/1_TOM_01_04.xls,745a24599719c877a8ddf015aadf22d3cb859444819a32f8197ae525d91483f3,Tom1 worksheet 01-04 physical row 6156; row6150 Balahninsky district; raw label `пгт 1 Мая`,пгт 1 Мая; explicit Balahninsky district in official Tom1 block.,/workspace/settlements-raw/data/raw/2010_official_tom1/tom-1-chislennost-i-razmeshchenie-naseleniya.pdf,42cb939d8024042ffcf8a708676cef3f159a93e4dad697086c80465d445887c3,"Table 5; PDF page130, printed page129, text line59; literal `пгт Первое Мая 2135 998 1137`",пгт Первое Мая; Balahninsky district explicit in official Table5.,"2002/2010 separate 22-person poselok 1 Мая; 2021 separate poselok Первое Мая row pop86 with distinct OKTMO22505000121, do not join.",,,,,,,,,False,Exact typed district source row in 2002 matches exact typed district row in official 2010 Table5; classifier/GeoKLADR/current native code confirm spelling and distinguish the small 1 May village. Candidate only pending graph replay.,2021:data_allsettlements_anon_156_v20251217.parquet:parquet:71420,1909.0,22205560000.0,2009 PGT classifier code 22205560 line42344; 2011 GeoKLADR exact code22205560000 record29555; current PGT raw code22205560000. Separate rural 1Maya is code22205553004 line42340.,Assigned baseline already has official 2010 Table5 PGT row and 2021 PGT row in same identity component; this candidate only connects old 2002 row. Existing current point remains accepted; no new point proposed.,,,,,,,,,,,,,,,,,,,,,,,,,,,,,,,,,,,,
2010:003_eb441570b1_11._20Урал_ФО_2010.xls:Урал:5988,2021:data_allsettlements_anon_156_v20251217.parquet:parquet:161448,same_place,checked_rule_accepted,,Exact 2010 and 2021 locality name/type; 2021 native OKATO 75442000022 equals unique 2009 classifier record. Station is separate code and row. Candidate only.,,,,/workspace/russian-settlements-research/research_rebuild/evidence/over1000_rest_20261009/A112_v7_turgoyak_2002_2010_2021_review,,2010.0,2021.0,,,,,,,,,,,2618.0,2766.0,,,worksheet=Урал;physical_row_1based=5988,,,,parquet_row_1based=161448,,,,,,,,,,"Current point is already accepted from GeoKLADR; raw 2021 DaData coordinates differ by 12.58 km, so no replacement/new point proposed.",False,,,,,,,2021:data_allsettlements_anon_156_v20251217.parquet:parquet:161448,86c197cd522e0b63669e9c6e7f43fd3d82b3704c6a126c800a9968ecd16cae14,parquet_row_1based=161448,2766.0,75442000022.0,"55.0672484,59.9895444",75442000022.0,166557.0,п Тургояк,поселок сельского типа,343c0f5af1f52b9276699d9fe8d883b58def5aeabdd904063389606d29bc2b81,1.0,1.0,"55.152781,60.119009",12.58,/workspace/settlements-raw/data/raw/2010/003_eb441570b1_11._20Урал_ФО_2010.xls,042e8e141831b431d8b7addd9674959625ddbdf6fa79986e81e968d941ab1156,посёлок Тургояк,2010 workbook: row 5966 г. Миасс followed by Miass subordinate localities,"2010 row 5989 is railway station, pop 11; separate locality, different OKATO.",/workspace/settlements-raw/data/interim/2021_tochno/data_allsettlements_anon_156_v20251217.parquet,86c197cd522e0b63669e9c6e7f43fd3d82b3704c6a126c800a9968ecd16cae14,посёлок Тургояк,"2021 row 161449 is railway station, pop 7, different OKATO 75442000023.",,,,,,,,,,,,
2002:1_TOM_01_04.xls:0:796,2010:010_711691e352_2._20Kostrom_Kur_Lip_Moscow_MoscObl_Orlov_2010.xls:Data Sheet:2058,same_place,checked_rule_accepted,,"Exact region and full exact-name unique urban-to-rural-type transition; 2002 official Tom 1 pgt row, own locality article/code/history, documented March 2004 rural-status change, and already accepted actual68 2010→2021 p/Kosmymino component. Separate same-name деревня 2002/2021 has distinct source type, current code and physical point.",,,,/workspace/russian-settlements-research/research_rebuild/evidence/over1000_rest_B_20261009/version16_kosmymino_ozero_karachi,,2002.0,2010.0,,,,,,,,,,,1714.0,1532.0,,,,,,,,,1,,,,,,,,,,,,,,,,,,,,,,,,,,,,,,,,,,,,,,,,Космынино,пгт,посёлок,костромская,"Same-name Космынино деревня: 2002 row2263 population 0 and 2021 parquet:43247 population 5, separate component, OKTMO34626412191/OKATO34226812006, point57.550834,40.738611. Target поселок current 2021 row43248 has OKTMO34626412196/OKATO34226812032, point57.583144,40.763266.",2002 Tom 1 explicitly under “Нерехтский район” as city population pgt Космынино; 2010 raw row shows Kostromskaya oblast pos. Kosmymino; 2021 source has named municipal district and matching codes.,False,source_row_witnesses.csv,,,,
2002:073_f153ba2c6b_Novosib.xls:Sheet1:1909,2010:008_342f3c208b_16._20Сиб_ФО_2010.xls:Sib:7473,same_place,checked_rule_accepted,,"Exact full name and district; raw source rows type both target records as курортный поселок, own resort-locality page provides same-place identity, coordinates/codes and 2002/2010 census history; 2010/2021 pgt chain is already an actual68 component and current native codes match the resort chain. Distinct ordinary поселок namesake stays excluded.",,,,/workspace/russian-settlements-research/research_rebuild/evidence/over1000_rest_B_20261009/version16_kosmymino_ozero_karachi,,2002.0,2010.0,,,,,,,,,,,1764.0,1461.0,,,,,,,,,1,,,,,,,,,,,,,,,,,,,,,,,,,,,,,,,,,,,,,,,,Озеро-Карачи,кп,кп,новосибирская,"Same-name ordinary поселок: 2002 raw row1902 population633, 2010 Sib row7467 population628, 2021 parquet:82165 population518, separate actual68 component with OKTMO50656413101/OKATO50256813001 and point55.335960,76.941182. Resort chain 2021 row82168 has OKTMO50656413116/OKATO50256813007, point55.350312,76.970139.",Both 2002 rows sit in the Ozero-Karachinskiy rural soviet section but are distinct “посёлок Озеро-Карачи” vs “кп Озеро-Карачи”; own resort article and current 2021 codes distinguish them; 2010 source preserves same split.,False,source_row_witnesses.csv,,,,
2002:1_TOM_01_04.xls:0:10502,2010:009_81f8a0e73c_17._20ДВ_ФО_2010.xls:ДВ:2135,same_place,checked_rule_accepted,,Full official source-year record plus own-locality article establishes the named settlement was the working settlement Яблочный until 2004 and thereafter village Яблочное; unique current same-region exact-name/type component is the 2010→2021 village chain with matching OKTMO/OKATO. Article directly gives 2002 and 2010 histories. No other same-region current target with this exact named settlement/codes found. No raw population substitution or comparability assertion.,,,,/workspace/russian-settlements-research/research_rebuild/evidence/over1000_rest_B_20261009/version17_yablochnoe_status_chain,,2002.0,2010.0,,,,,,,,,,,2191.0,1793.0,,,,,,,,,1,,,,,,,,,,,,,,,,,,,,,,,,,,,,,,,,,,,,,,,,Яблочный / Яблочное,пгт,село,сахалинская,"All regional same-name records screened; high component: 2010 DВ:2135 village Яблочное=1793; 2021 row118649 village=1653, OKTMO64754000156/OKATO64254000011. Same own article identifies old pgt name, current district and codes. No same-region rival in actual68 with this code.","2002 Tom 1 urban row pgt Яблочный 2191; article says this same named settlement was working pgt 1947–2004 and became village Яблочное; existing actual68 has 2010/2021 village chain. Raw 2010 import count differs from article, but identity supports exact lifecycle only.",False,source_row_witnesses.csv,,,,
2002:043_56b84811fa_02c_mordovia.xls:!!:15,2010:017_68e0e4537e_9._20Basq_Mari_Mord_Tatar_Udm_Chuv_2010.xls:!!!:7452,same_place,checked_rule_accepted,,"Exact normalized name Озерный + посёлок + Mordovia across years; 2002 raw hierarchy places the 1551 row under Saransk administration, 2010 source and actual68 district identify Saransk, 2021 identifies urban okrug Saransk. The separately published Zubovo-Polyansky Озерный competitor is excluded using source hierarchy/county and its distinct accepted own point. Identity only; no population equality or boundary comparability inferred.",False,,,/workspace/russian-settlements-research/research_rebuild/evidence/over1000_rest_B_20261009/version24_ozyorny_saransk_three_year_chain,,2002.0,2010.0,,,,,,,,,,,,,,,,,,,,,,,,,,,,,,,,,,,,,,,,,,,,,,,,,,,,,,,,,,,,,,,,,,,,/workspace/russian-settlements-research/research_rebuild/evidence/over1000_rest_B_20261009/version24_ozyorny_saransk_three_year_chain/source_row_witnesses.csv,1.0,6.0,2002 original source row hierarchy and 2010 actual68/source county; all same-name/type competitors reviewed,False
2010:017_68e0e4537e_9._20Basq_Mari_Mord_Tatar_Udm_Chuv_2010.xls:!!!:7452,2021:data_allsettlements_anon_156_v20251217.parquet:parquet:64741,same_place,checked_rule_accepted,,"Exact normalized name Озерный + посёлок + Mordovia across years; 2002 raw hierarchy places the 1551 row under Saransk administration, 2010 source and actual68 district identify Saransk, 2021 identifies urban okrug Saransk. The separately published Zubovo-Polyansky Озерный competitor is excluded using source hierarchy/county and its distinct accepted own point. Identity only; no population equality or boundary comparability inferred. 2010 and 2021 admitted point coordinates are identical (54.2325331,45.2849088).",False,,,/workspace/russian-settlements-research/research_rebuild/evidence/over1000_rest_B_20261009/version24_ozyorny_saransk_three_year_chain,,2010.0,2021.0,,,,,,,,,,,,,,,,,,,,,,,,,,,,,,,,,,,,,,,,,,,,,,,,,,,,,,,,,,,,,,,,,,,,/workspace/russian-settlements-research/research_rebuild/evidence/over1000_rest_B_20261009/version24_ozyorny_saransk_three_year_chain/source_row_witnesses.csv,1.0,6.0,2010 raw/actual68 Saransk; 2021 actual68 Saransk city district,True
2002:037_5b0d431685_02c_Stavrolpski.xls:Sheet1:22,2010:002_027be52979_10._20СевКаз_ФО_20(без_20Даг)_202010.xls:СК:760,same_place,checked_rule_accepted,,"Exact normalized name Садовый + хутор + Stavropol region; 2002 original source hierarchy places target in Mineralnye Vody administration; 2010 county is г. Минеральные Воды; 2021 county is Mineralovodsky urban okrug. Same-name/type rival rows are resolved by distinct source county and retained separately. 2010/2021 admitted actual68 point is identical at 44.2249686,43.1982843. Identity only; no population equality/boundary comparability inferred.",False,,,/workspace/russian-settlements-research/research_rebuild/evidence/over1000_rest_B_20261009/version25_sadovy_mineralnye_vody_three_year_chain,,2002.0,2010.0,,,,,,,,,,,,,,,,,,,,,,,,,,,,,,,,,,,,,,,,,,,,,,,,,,,,,,,,,,,,,,,,,,,,/workspace/russian-settlements-research/research_rebuild/evidence/over1000_rest_B_20261009/version25_sadovy_mineralnye_vody_three_year_chain/source_row_witnesses.csv,2.0,9.0,2002 printed hierarchy and 2010 actual68/raw source county; exact rival county rows checked,False
2010:002_027be52979_10._20СевКаз_ФО_20(без_20Даг)_202010.xls:СК:760,2021:data_allsettlements_anon_156_v20251217.parquet:parquet:127439,same_place,checked_rule_accepted,,"Exact normalized name Садовый + хутор + Stavropol region; 2002 original source hierarchy places target in Mineralnye Vody administration; 2010 county is г. Минеральные Воды; 2021 county is Mineralovodsky urban okrug. Same-name/type rival rows are resolved by distinct source county and retained separately. 2010/2021 admitted actual68 point is identical at 44.2249686,43.1982843. Identity only; no population equality/boundary comparability inferred.",False,,,/workspace/russian-settlements-research/research_rebuild/evidence/over1000_rest_B_20261009/version25_sadovy_mineralnye_vody_three_year_chain,,2010.0,2021.0,,,,,,,,,,,,,,,,,,,,,,,,,,,,,,,,,,,,,,,,,,,,,,,,,,,,,,,,,,,,,,,,,,,,/workspace/russian-settlements-research/research_rebuild/evidence/over1000_rest_B_20261009/version25_sadovy_mineralnye_vody_three_year_chain/source_row_witnesses.csv,2.0,9.0,2010 actual68/raw source and 2021 actual68 county,True
2002:1_TOM_01_04.xls:0:10142,ROSSTAT2010:T5:p203:l55,same_place,checked_rule_accepted,,"The pgt/poselok series is exact same name and region, and the 2002 and 2010 official urban tables place it under Vyazemsky district; 2021 also places it in Vyazemsky municipal district. Each year the pgt/poselok census record is distinct from same-name rural village/selo observations; the 2002 rural village has a separate accepted own point 6.68 km from the 2021 pgt own point. Identity only; no population boundary comparability/equality inferred.",False,,,/workspace/russian-settlements-research/research_rebuild/evidence/over1000_rest_B_20261009/version28_dormidontovka_pgt_three_year_chain,,2002.0,2010.0,,,,,,,,,,,,,,,,,,,,,,,,,,,,,,,,,,,,,,,,,,,,,,,,,,,,,,,,,,,,,,,,,,,,/workspace/russian-settlements-research/research_rebuild/evidence/over1000_rest_B_20261009/version28_dormidontovka_pgt_three_year_chain/source_row_witnesses.csv,1.0,3.0,2002 and 2010 original official urban tables show nested district heading and urban classification,False
ROSSTAT2010:T5:p203:l55,2021:data_allsettlements_anon_156_v20251217.parquet:parquet:158990,same_place,checked_rule_accepted,,"The pgt/poselok series is exact same name and region, and the 2002 and 2010 official urban tables place it under Vyazemsky district; 2021 also places it in Vyazemsky municipal district. Each year the pgt/poselok census record is distinct from same-name rural village/selo observations; the 2002 rural village has a separate accepted own point 6.68 km from the 2021 pgt own point. Identity only; no population boundary comparability/equality inferred.",False,,,/workspace/russian-settlements-research/research_rebuild/evidence/over1000_rest_B_20261009/version28_dormidontovka_pgt_three_year_chain,,2010.0,2021.0,,,,,,,,,,,,,,,,,,,,,,,,,,,,,,,,,,,,,,,,,,,,,,,,,,,,,,,,,,,,,,,,,,,,/workspace/russian-settlements-research/research_rebuild/evidence/over1000_rest_B_20261009/version28_dormidontovka_pgt_three_year_chain/source_row_witnesses.csv,1.0,3.0,2010 official urban table and 2021 actual68 district field,False
2002:050_a0dc3f856b_penzen_obl.xls:Sheet1:1635,2010:016_802d308e41_8._20Or_Penz_Perm_Samar_Saratov_Uly_2010.xls:!!!:4204,same_place,checked_rule_accepted,,"Native exact locality name Титово and region with a unique railway-population record in 2002 (railway object), 2010 (railway station), and 2021 poselok; 2002 and 2021 context independently place target in Pachelmsky district, while 2010 native row has no county and no district is inferred for it. Same-year village Титово is separately recorded and has a distinct 2021 own locality point. Identity only; no population equality/boundary comparability asserted.",False,,,/workspace/russian-settlements-research/research_rebuild/evidence/over1000_rest_B_20261009/version30_titovo_rail_object_to_poselok_chain,,2002.0,2010.0,,,,,,,,,,,,,,,,,,,,,,,,,,,,,,,,,,,,,,,,,,,,,,,,,,,,,,,,,,,,,,,,,,,,/workspace/russian-settlements-research/research_rebuild/evidence/over1000_rest_B_20261009/version30_titovo_rail_object_to_poselok_chain/source_row_witnesses.csv,1.0,3.0,2002 original county in raw; 2010 county unavailable in raw; no claim made for 2010,False
2010:016_802d308e41_8._20Or_Penz_Perm_Samar_Saratov_Uly_2010.xls:!!!:4204,2021:data_allsettlements_anon_156_v20251217.parquet:parquet:95309,same_place,checked_rule_accepted,,"Native exact locality name Титово and region with a unique railway-population record in 2002 (railway object), 2010 (railway station), and 2021 poselok; 2002 and 2021 context independently place target in Pachelmsky district, while 2010 native row has no county and no district is inferred for it. Same-year village Титово is separately recorded and has a distinct 2021 own locality point. Identity only; no population equality/boundary comparability asserted.",False,,,/workspace/russian-settlements-research/research_rebuild/evidence/over1000_rest_B_20261009/version30_titovo_rail_object_to_poselok_chain,,2010.0,2021.0,,,,,,,,,,,,,,,,,,,,,,,,,,,,,,,,,,,,,,,,,,,,,,,,,,,,,,,,,,,,,,,,,,,,/workspace/russian-settlements-research/research_rebuild/evidence/over1000_rest_B_20261009/version30_titovo_rail_object_to_poselok_chain/source_row_witnesses.csv,1.0,3.0,2010 county unavailable in raw; 2021 actual68 district is Pachelmsky,False
2002:024_2d3f550c6f_02c_Leningradskaja_obl_new.xls:!!!!!!:3207,2010:001_723371ec84_1._20NW_2010.xls:NW:8058,same_place,checked_rule_accepted,,"Exact region/name/type rows, full-source namesake review, dated source-group flanks and independent own pages plus different official native codes distinguish the two same-name villages. No population-boundary comparability or count substitution asserted. Chain evidence: high Tosnenskoe; 2002 Novolisinskaya volost.",,,,/workspace/russian-settlements-research/research_rebuild/evidence/over1000_rest_B_20261009/version8_novolisiino_crosswire,,2002.0,2010.0,,,,,,,,,,,1357.0,1336.0,,,,,,,,,1,,,,,,,,,,,,,,,,,,,,,,,,,,,,,,,,,,,,,,,,Новолисино,деревня,деревня,ленинградская,Two separate district/local-settlement identities appear in all relevant sources: high Tosnenskoe OKTMO41648101151 and low Fornosovskoe OKTMO41648170126; source/article citations in witnesses.,2002 source separate group; 2021 native local code identifies high Tosnenskoe; 2002 Novolisinskaya volost.,True,research_rebuild/evidence/over1000_rest_B_20261009/version8_novolisiino_crosswire/source_row_witnesses.csv,,,,
2010:001_723371ec84_1._20NW_2010.xls:NW:8058,2021:data_allsettlements_anon_156_v20251217.parquet:parquet:58500,same_place,checked_rule_accepted,,"Exact region/name/type rows, full-source namesake review, dated source-group flanks and independent own pages plus different official native codes distinguish the two same-name villages. No population-boundary comparability or count substitution asserted. Chain evidence: high Tosnenskoe; native OKTMO41648101151.",,,,/workspace/russian-settlements-research/research_rebuild/evidence/over1000_rest_B_20261009/version8_novolisiino_crosswire,,2010.0,2021.0,,,,,,,,,,,1336.0,1107.0,,,,,,,,,1,,,,,,,,,,,,,,,,,,,,,,,,,,,,,,,,,,,,,,,,Новолисино,деревня,деревня,ленинградская,Two separate district/local-settlement identities appear in all relevant sources: high Tosnenskoe OKTMO41648101151 and low Fornosovskoe OKTMO41648170126; source/article citations in witnesses.,2002 source separate group; 2021 native local code identifies high Tosnenskoe; native OKTMO41648101151.,True,research_rebuild/evidence/over1000_rest_B_20261009/version8_novolisiino_crosswire/source_row_witnesses.csv,,,,
2002:024_2d3f550c6f_02c_Leningradskaja_obl_new.xls:!!!!!!:3193,2010:001_723371ec84_1._20NW_2010.xls:NW:8047,same_place,checked_rule_accepted,,"Exact region/name/type rows, full-source namesake review, dated source-group flanks and independent own pages plus different official native codes distinguish the two same-name villages. No population-boundary comparability or count substitution asserted. Chain evidence: low Fornosovskoe; 2002 row under pgt Fornosovo group.",,,,/workspace/russian-settlements-research/research_rebuild/evidence/over1000_rest_B_20261009/version8_novolisiino_crosswire,,2002.0,2010.0,,,,,,,,,,,232.0,62.0,,,,,,,,,1,,,,,,,,,,,,,,,,,,,,,,,,,,,,,,,,,,,,,,,,Новолисино,деревня,деревня,ленинградская,Two separate district/local-settlement identities appear in all relevant sources: high Tosnenskoe OKTMO41648101151 and low Fornosovskoe OKTMO41648170126; source/article citations in witnesses.,2002 source separate group; 2021 native local code identifies low Fornosovskoe; 2002 row under pgt Fornosovo group.,True,research_rebuild/evidence/over1000_rest_B_20261009/version8_novolisiino_crosswire/source_row_witnesses.csv,,,,
2010:001_723371ec84_1._20NW_2010.xls:NW:8047,2021:data_allsettlements_anon_156_v20251217.parquet:parquet:58561,same_place,checked_rule_accepted,,"Exact region/name/type rows, full-source namesake review, dated source-group flanks and independent own pages plus different official native codes distinguish the two same-name villages. No population-boundary comparability or count substitution asserted. Chain evidence: low Fornosovskoe; native OKTMO41648170126.",,,,/workspace/russian-settlements-research/research_rebuild/evidence/over1000_rest_B_20261009/version8_novolisiino_crosswire,,2010.0,2021.0,,,,,,,,,,,62.0,46.0,,,,,,,,,1,,,,,,,,,,,,,,,,,,,,,,,,,,,,,,,,,,,,,,,,Новолисино,деревня,деревня,ленинградская,Two separate district/local-settlement identities appear in all relevant sources: high Tosnenskoe OKTMO41648101151 and low Fornosovskoe OKTMO41648170126; source/article citations in witnesses.,2002 source separate group; 2021 native local code identifies low Fornosovskoe; native OKTMO41648170126.,True,research_rebuild/evidence/over1000_rest_B_20261009/version8_novolisiino_crosswire/source_row_witnesses.csv,,,,
2002:016_3aa889d669_02c_Tulskaja.xls:Sheet1:2191,2021:data_allsettlements_anon_156_v20251217.parquet:parquet:152518,same_place,checked_rule_accepted,exact_2002_Leninsky_source_block_plus_own_locality_history_and_unique_current_own_article,Raw 2002 record is within Leninsky district rural block (Sheet1 rows 2031-2032; Oktabrsky rural-okруг row2190; Oktabrsky row2191; VNIICOP row2199). Exact name/type and article history bind Oktabrsky to current native UID152518. County/code/location checked; population equality not used.,False,raw_2002_native_row_witnesses.csv; web_captures/wiki_04.json; source_pins.json,"2002 raw 839 row2191; own article pageid9079639 rev150967583; current UID152518 code 70701000565, current representative point Q23976562",/workspace/russian-settlements-research/research_rebuild/evidence/over1000_tula_oktyabrsky_v5_20261009,,,,,,,,,,,,,,,,,,,,,,,,,,,,,,,,,,,,,,,,,,,,,,,,,,,,,,,,,,,,,,,,,,,,,,,,,,,
2010:011_040325482b_3._20Ryaz_Smol_Tambov_Tula_Jaroslavl_20L1_20ethn_2010.xls:Data Sheet:11315,2021:data_allsettlements_anon_156_v20251217.parquet:parquet:152518,same_place,checked_rule_accepted,official_primary_county_entry_plus_own_locality_history_and_current_native_source,TULA2010 Table12 p86 line15 uniquely binds selected source row to Oktabrsky in Leninsky / Rozhdestvenskoye; own article identifies same physical locality and says 2010 census tabulation included adjacent VNIICOP. Treat as identity path with changed/combined published source scope; no equal-population or exclusive one-to-one source-scope claim. Preserve raw 1287 and official primary 1285 separately.,False,raw_2010_native_row_witness.csv; official_2010_primary_row_witness.csv; web_captures/wiki_04.json,selected 2010 UID Data Sheet:11315 -> current UID152518; official Table12:PDFpage86:line15; article revision150967583; VNIICOP not assigned a 2010 population,/workspace/russian-settlements-research/research_rebuild/evidence/over1000_tula_oktyabrsky_v5_20261009,,,,,,,,,,,,,,,,,,,,,,,,,,,,,,,,,,,,,,,,,,,,,,,,,,,,,,,,,,,,,,,,,,,,,,,,,,,
